Year,Drug Name,Generic v Brand,Therapeutic Class,Therapeutic Class - Intermediate,Prescriptions,Days Supply,Allowed Amount,Payer Paid,Patient Out of Pocket,Average Cost per Prescription,Average Cost per Days Supply,Patient Out of Pocket per Prescription,Payer Paid per Prescription,Patient Out of Pocket per Days Supply,Payer Paid per Days Supply
2022,3 DAY VAGINAL CREAM,Generic,Skin & Mucous Membrane,"Antiinf S/MM,Antifungal & Comb",11,33,77.94,16.74,61.2,7.085454545454545,2.361818181818182,5.5636363636363635,1.5218181818181817,1.8545454545454547,0.5072727272727272
2022,ABACAVIR,Generic,Anti-Infective Agents,"Antivirals, NEC",34,1440,9355.910000000002,8498.04,857.87,275.17382352941183,6.497159722222223,25.231470588235293,249.9423529411765,0.5957430555555555,5.901416666666667
2022,ABACAVIR SULFATE-LAMIVUDINE,Generic,Anti-Infective Agents,"Antivirals, NEC",48,2760,64021.880000000005,62246.880000000005,1775.0,1333.7891666666667,23.196333333333335,36.979166666666664,1296.8100000000002,0.6431159420289855,22.55321739130435
2022,ABILIFY,Brand,Central Nervous System,"Psychother,Tranq/Antipsychotic",120,5399,90052.84,70371.86,19680.979999999996,750.4403333333333,16.679540655676977,164.00816666666663,586.4321666666667,3.6453009816632704,13.034239674013707
2022,ABILIFY MAINTENA DUAL-CHAMBERED SYRINGE,Brand,Central Nervous System,"Psychother,Tranq/Antipsychotic",153,4472,211111.1,196383.39000000004,14727.71,1379.8111111111111,47.207312164579605,96.25954248366013,1283.5515686274512,3.293316189624329,43.913995974955284
2022,ABILIFY MAINTENA VIAL,Brand,Central Nervous System,"Psychother,Tranq/Antipsychotic",89,2654,137849.76,129808.51,8041.25,1548.8737078651686,51.94037678975132,90.35112359550561,1458.522584269663,3.029860587792012,48.910516201959304
2022,ABIRATERONE ACETATE,Generic,Antineoplastic Agents,Hormone-Modifying Therapy,837,24765,2844776.62,2834946.87,9829.75,3398.7773237753886,114.87085079749647,11.744026284348864,3387.03329749104,0.39692105794467997,114.47392973955179
2022,ABSORICA,Brand,Vitamins & Comb,"Vitamin A & Derivatives, NEC",22,660,30700.14,28995.14,1705.0,1395.4609090909091,46.51536363636364,77.5,1317.9609090909091,2.5833333333333335,43.9320303030303
2022,ACAMPROSATE CALCIUM,Generic,Misc Therapeutic Agents,"Misc Therapeutic Agents, NEC",1658,58554,298798.89999999997,248308.47,50490.43000000001,180.21646562123038,5.1029630768179794,30.452611580217134,149.76385404101327,0.8622883150596032,4.240674761758377
2022,ACARBOSE,Generic,Hormones & Synthetic Subst,"Antidiabetic Agents, Misc",501,30111,31336.01,18989.010000000006,12346.999999999998,62.54692614770459,1.0406831390521736,24.64471057884231,37.90221556886229,0.4100494835774301,0.6306336554747436
2022,ACCU-CHEK AVIVA PLUS TEST STRIPS,Brand,Diagnostic Agents,Diabetes Mell/Diab Supply NEC,50,2478,12999.08,11531.710000000001,1467.37,259.9816,5.245794995964488,29.347399999999997,230.63420000000002,0.5921589991928975,4.65363599677159
2022,ACCU-CHEK FASTCLIX,Brand,Diagnostic Agents,Diabetes Mell/Diab Supply NEC,309,16500,6540.32,2377.7900000000004,4162.53,21.166084142394823,0.3963830303030303,13.470970873786406,7.695113268608416,0.2522745454545454,0.14410848484848487
2022,ACCU-CHEK GUIDE TEST STRIPS,Brand,Diagnostic Agents,Diabetes Mell/Diab Supply NEC,386,22716,33695.72,14335.87,19359.85,87.29461139896374,1.483347420320479,50.1550518134715,37.13955958549223,0.8522561190350413,0.6310913012854377
2022,ACCU-CHEK SOFTCLIX,Brand,Diagnostic Agents,Diabetes Mell/Diab Supply NEC,187,11123,2801.31,750.5799999999999,2050.73,14.980267379679145,0.25184842218825854,10.966470588235294,4.01379679144385,0.18436842578441068,0.06747999640384787
2022,ACCU-CHEK SOFTCLIX,Other,Diagnostic Agents,Diabetes Mell/Diab Supply NEC,11,730,159.93,88.57,71.36,14.539090909090909,0.21908219178082192,6.487272727272727,8.05181818181818,0.09775342465753424,0.12132876712328766
2022,ACEBUTOLOL HCL,Generic,Cardiovascular Agents,"Cardiac, Beta Blockers",274,17228,18157.209999999995,7676.37,10480.84,66.26718978102188,1.0539360343626651,38.25124087591241,28.01594890510949,0.6083608079869979,0.4455752263756675
2022,ACETAMINOPHEN,Generic,Central Nervous System,"Analgesics/Antipyretics, NEC",241,2239,857.0999999999999,0.0,857.0999999999999,3.5564315352697093,0.38280482358195617,3.5564315352697093,0.0,0.38280482358195617,0.0
2022,ACETAMINOPHEN-CODEINE PHOSPHATE,Generic,Central Nervous System,"Analg/Antipyr, Opiate Agonists",10786,79617,42570.69999999999,14207.970000000001,28362.730000000003,3.9468477656221017,0.5346935955888816,2.629587428147599,1.317260337474504,0.3562396221912406,0.1784539733976412
2022,ACETAZOLAMIDE,Generic,"Electrolytic, Caloric, Water","Diuretic, Carb Anhydrase Inhib",3204,112307,245483.92,169434.25999999998,76049.65999999999,76.61795255930087,2.1858292003169884,23.735848938826464,52.8821036204744,0.6771586811151574,1.5086705192018306
2022,ACETIC ACID,Generic,"Electrolytic, Caloric, Water","Irrigating Solutions, NEC",16,330,396.45000000000005,209.01999999999998,187.42999999999998,24.778125000000003,1.2013636363636364,11.714374999999999,13.063749999999999,0.5679696969696969,0.6333939393939393
2022,ACETIC ACID,Generic,"Eye, Ear, Nose Throat","Antiinfectives, Misc EENT",292,5258,6532.85,1742.26,4790.59,22.37277397260274,1.2424591099277293,16.406130136986302,5.966643835616439,0.9111049828832256,0.3313541270445036
2022,ACETIC ACID/HC,Generic,"Eye, Ear, Nose Throat","Antiinflam Agents EENT, NEC",141,2615,14233.29,10512.419999999998,3720.87,100.94531914893618,5.442940726577438,26.389148936170212,74.55617021276595,1.4228948374760995,4.020045889101338
2022,ACETYLCYSTEINE,Brand,Pharmaceutical Aids/Adjuvants,"Pharmaceutical Aids/Adjuv, NEC",29,870,2856.59,475.8,2380.79,98.50310344827587,3.2834367816091956,82.09620689655172,16.406896551724138,2.7365402298850574,0.546896551724138
2022,ACETYLCYSTEINE,Generic,Respiratory Tract Agents,"Mucolytics/Cold Comb, NEC",30,774,5692.63,5256.25,436.38,189.75433333333334,7.354819121447028,14.546,175.20833333333334,0.5637984496124031,6.791020671834626
2022,ACID CONTROLLER,Generic,Gastrointestinal Drugs,"Histamine (H2) Antagonist, NEC",58,2316,352.12,12.440000000000001,339.67999999999995,6.071034482758621,0.15203799654576858,5.856551724137931,0.2144827586206897,0.14666666666666664,0.0053713298791019
2022,ACIPHEX,Brand,Gastrointestinal Drugs,"Gastrointestinal Drug Misc,NEC",20,1073,27593.52,26148.52,1445.0,1379.676,25.7162348555452,72.25,1307.426,1.3466915191053122,24.36954333643989
2022,ACITRETIN,Generic,Vitamins & Comb,"Vitamin A & Derivatives, NEC",456,15294,221071.56,202135.75999999998,18935.8,484.80605263157895,14.454790113770105,41.525877192982456,443.2801754385965,1.2381195239963383,13.216670589773766
2022,ACTEMRA,Brand,Immunosuppressants,"Immunosuppressants, NEC",716,19852,2489243.68,2357366.9499999997,131876.73,3476.5973184357545,125.39007052186179,184.18537709497207,3292.4119413407816,6.6429946604876084,118.74707586137416
2022,ACTEMRA ACTPEN,Brand,Immunosuppressants,"Immunosuppressants, NEC",609,16811,1888515.19,1768888.31,119626.87999999999,3101.0101642036125,112.3380637677711,196.43165845648602,2904.5785057471267,7.115988340967223,105.22207542680388
2022,ACTHAR,Brand,Hormones & Synthetic Subst,"Pituitary Hormones, NEC",42,809,2162121.3200000003,2157953.89,4167.43,51479.07904761905,2672.5850679851674,99.22452380952382,51379.854523809525,5.151334981458591,2667.4337330037083
2022,ACYCLOVIR,Generic,Anti-Infective Agents,"Antivirals, NEC",16909,556591,246445.91999999998,62396.390000000014,184049.53000000003,14.5748370690165,0.4427774074679612,10.88470814359217,3.690128925424331,0.33067284594971896,0.11210456151824233
2022,ACYCLOVIR,Generic,Skin & Mucous Membrane,"Antiinf S/MM,Antivirals & Comb",1681,30578,288709.29000000004,234128.58999999997,54580.7,171.74853658536588,9.441732291189746,32.46918500892326,139.27935157644256,1.7849663156517757,7.656765975537968
2022,ADACEL,Brand,"Serums, Toxoids, Vaccines","Serums/Toxoids/Vaccines, NEC",597,988,29129.540000000005,29129.540000000005,0.0,48.79319932998326,29.483340080971665,0.0,48.79319932998326,0.0,29.483340080971665
2022,ADAPALENE,Generic,Skin & Mucous Membrane,"Cell Stim/Proliferant S/MM,NEC",2616,78976,333329.00999999995,225134.32,108194.69,127.4193463302752,4.220636775729335,41.35882645259939,86.06051987767584,1.3699692311588332,2.8506675445705025
2022,ADAPALENE-BENZOYL PEROXIDE,Generic,Skin & Mucous Membrane,"Antiinf S/MM, Antiinf Loc Misc",838,26214,234667.73999999993,187065.39999999997,47602.340000000004,280.0331026252982,8.952000457770655,56.8047016706444,223.2284009546539,1.8159128709849701,7.136087586785686
2022,ADBRY,Brand,Immunosuppressants,"Immunosuppressants, NEC",60,1568,198739.25999999998,190684.08999999997,8055.17,3312.3209999999995,126.74697704081632,134.25283333333334,3178.068166666666,5.137225765306122,121.60975127551018
2022,ADCIRCA,Brand,Cardiovascular Agents,Phosphodiesterase Inhibitors,12,345,43620.39,42280.39,1340.0,3635.0325,126.43591304347827,111.66666666666667,3523.3658333333333,3.8840579710144927,122.55185507246377
2022,ADDERALL,Brand,Central Nervous System,"Stimulant, Amphetamine Type",539,16415,240331.69,188570.31,51761.38,445.8843970315399,14.640980201035639,96.03224489795917,349.8521521335807,3.1532975936643313,11.487682607371307
2022,ADDERALL,Generic,Central Nervous System,"Stimulant, Amphetamine Type",12,360,9789.6,9189.6,600.0,815.8000000000001,27.193333333333335,50.0,765.8000000000001,1.6666666666666667,25.526666666666667
2022,ADDERALL XR,Brand,Central Nervous System,"Stimulant, Amphetamine Type",3473,106172,486014.23,259085.81,226928.42000000004,139.94075151166138,4.577612082281581,65.34074863230637,74.60000287935502,2.1373659721960596,2.4402461100855217
2022,ADDERALL XR,Generic,Central Nervous System,"Stimulant, Amphetamine Type",65,2060,14942.66,13243.52,1699.1399999999999,229.88707692307693,7.253718446601941,26.140615384615383,203.74646153846155,0.8248252427184466,6.428893203883495
2022,ADDYI,Brand,Central Nervous System,"CNS Agents, Misc.",132,4230,47043.840000000004,30287.860000000004,16755.98,356.3927272727273,11.121475177304966,126.93924242424242,229.4534848484849,3.961224586288416,7.160250591016549
2022,ADEFOVIR DIPIVOXIL,Generic,Anti-Infective Agents,"Antivirals, NEC",80,3900,99221.7,89350.06999999999,9871.630000000001,1240.27125,25.44146153846154,123.39537500000002,1116.875875,2.53118717948718,22.910274358974355
2022,ADEMPAS,Brand,Cardiovascular Agents,"Vasodilating Agents, NEC",109,3254,1338875.53,1333414.4100000001,5461.12,12283.261743119267,411.455295021512,50.10201834862385,12233.159724770643,1.678279041180086,409.77701598033195
2022,ADHANSIA XR,Brand,Central Nervous System,"Stimulant, Amphetamine Type",20,546,3698.46,2045.87,1652.59,184.923,6.7737362637362635,82.6295,102.2935,3.0267216117216114,3.7470146520146517
2022,ADMELOG SOLOSTAR PEN,Brand,Hormones & Synthetic Subst,"Antidiabetic Agents, Insulins",17,699,3166.77,2248.29,918.48,186.28058823529412,4.530429184549356,54.02823529411765,132.25235294117647,1.313991416309013,3.2164377682403433
2022,ADULT LOW DOSE ASPIRIN,Generic,Central Nervous System,"Analg/Antipyr, Salicylates",577,34278,1350.4099999999996,1332.6799999999996,17.73,2.340398613518197,0.03939582239337183,0.03072790294627383,2.309670710571923,0.0005172413793103448,0.038878581014061483
2022,ADVAIR DISKUS 100/50,Brand,Hormones & Synthetic Subst,"Adrenals & Comb, NEC",1426,66751,624934.01,555622.4400000001,69311.57,438.2426437587658,9.362167008733952,48.60558906030856,389.6370546984573,1.0383600245689204,8.323806984165032
2022,ADVAIR DISKUS 250/50,Brand,Hormones & Synthetic Subst,"Adrenals & Comb, NEC",3907,186645,2113731.8699999996,1909069.46,204662.41000000003,541.0114845149731,11.324878084063327,52.38351932428974,488.62796519068337,1.0965330440140375,10.228345040049291
2022,ADVAIR DISKUS 250/50,Generic,Hormones & Synthetic Subst,"Adrenals & Comb, NEC",15,750,9201.539999999999,6662.55,2538.99,613.4359999999999,12.268719999999998,169.266,444.17,3.3853199999999997,8.8834
2022,ADVAIR DISKUS 500/50,Brand,Hormones & Synthetic Subst,"Adrenals & Comb, NEC",1758,85725,1279155.5299999998,1185832.0199999998,93323.51,727.6197554038679,14.921615981335664,53.08504550625711,674.5347098976108,1.0886382035578885,13.832977777777776
2022,ADVAIR HFA 45/21,Brand,Hormones & Synthetic Subst,"Adrenals & Comb, NEC",519,19181,178869.93,150854.78,28015.15,344.64341040462426,9.325370418643448,53.979094412331406,290.66431599229287,1.4605677493352798,7.86480266930817
2022,ADVAIR HFA 115/21,Brand,Hormones & Synthetic Subst,"Adrenals & Comb, NEC",1881,71074,850966.3799999999,753409.64,97556.74000000002,452.40105263157886,11.972963108872442,51.86429558745349,400.53675704412547,1.3726079860427163,10.600355122829727
2022,ADVAIR HFA 230/21,Brand,Hormones & Synthetic Subst,"Adrenals & Comb, NEC",1785,71978,1128824.2,1035630.45,93193.75000000001,632.3945098039216,15.682905887910195,52.209383753501406,580.1851260504202,1.2947532579399263,14.388152629970268
2022,ADVATE,Brand,Blood Form/Coagul Agents,"Coag/Anticoag, Hemostatics",16,296,491461.58,488626.58,2835.0,30716.34875,1660.3431756756756,177.1875,30539.16125,9.577702702702704,1650.765472972973
2022,ADVOCATE INSULIN PEN NEEDLES,Brand,Diagnostic Agents,Diabetes Mell/Diab Supply NEC,31,1410,1552.37,473.89,1078.48,50.07645161290322,1.1009716312056737,34.78967741935484,15.286774193548387,0.7648794326241135,0.33609219858156025
2022,ADYNOVATE,Brand,Blood Form/Coagul Agents,"Coag/Anticoag, Hemostatics",26,728,289401.47,283901.47,5500.0,11130.825769230769,397.5294917582417,211.53846153846155,10919.287307692306,7.554945054945055,389.97454670329665
2022,ADZENYS XR ODT,Brand,Central Nervous System,"Stimulant, Amphetamine Type",288,8805,86097.68,58519.549999999996,27578.129999999997,298.9502777777777,9.778271436683701,95.75739583333332,203.19288194444442,3.1320988074957405,6.646172629187961
2022,AEROCHAMBER MV,Brand,Devices & Non-Drug Items,"Devices & Non-Drug Items, NEC",13,274,67.13,25.5,41.63,5.163846153846153,0.245,3.2023076923076923,1.9615384615384615,0.15193430656934306,0.09306569343065693
2022,AEROCHAMBER PLUS FLOW-VU,Brand,Respiratory Tract Agents,"Misc Therapeutic Agents, NEC",1538,30972,48096.47,18596.85,29499.620000000003,31.27208712613784,1.5529016531060313,19.180507152145644,12.091579973992197,0.9524609324551209,0.6004407206509105
2022,AEROCHAMBER PLUS FLOW-VU,Other,Respiratory Tract Agents,"Misc Therapeutic Agents, NEC",33,610,1433.72,399.47999999999996,1034.24,43.446060606060605,2.350360655737705,31.34060606060606,12.105454545454544,1.6954754098360656,0.6548852459016393
2022,AFINITOR,Brand,Antineoplastic Agents,Molecular Targeted Therapy,13,364,198537.81999999998,198537.81999999998,0.0,15272.139999999998,545.4335714285713,0.0,15272.139999999998,0.0,545.4335714285713
2022,AFLURIA QUADRIVALENT 2021-2022 FORMULA,Brand,"Serums, Toxoids, Vaccines","Vaccines, NEC",127,163,3488.4300000000003,3488.4300000000003,0.0,27.467952755905515,21.401411042944787,0.0,27.467952755905515,0.0,21.401411042944787
2022,AFLURIA QUADRIVALENT 2021-2022 FORMULA PF,Brand,"Serums, Toxoids, Vaccines","Vaccines, NEC",1806,3216,49865.740000000005,49865.740000000005,0.0,27.611151716500558,15.50551616915423,0.0,27.611151716500558,0.0,15.50551616915423
2022,AFLURIA QUADRIVALENT 2022-2023 FORMULA,Brand,"Serums, Toxoids, Vaccines","Vaccines, NEC",720,1317,20689.88,20689.88,0.0,28.735944444444446,15.709855732725893,0.0,28.735944444444446,0.0,15.709855732725893
2022,AFLURIA QUADRIVALENT 2022-2023 FORMULA PF,Brand,"Serums, Toxoids, Vaccines","Vaccines, NEC",3868,7875,118499.48,118499.48,0.0,30.635853154084796,15.047553015873016,0.0,30.635853154084796,0.0,15.047553015873016
2022,AFREZZA,Brand,Hormones & Synthetic Subst,"Antidiabetic Agents, Insulins",33,1500,20107.63,16575.17,3532.46,609.3221212121213,13.405086666666667,107.04424242424243,502.27787878787876,2.354973333333333,11.050113333333332
2022,AFTERA,Generic,Hormones & Synthetic Subst,"Contraceptive, Oral Comb, NEC",217,563,1600.05,1596.3999999999999,3.65,7.373502304147466,2.842007104795737,0.016820276497695852,7.356682027649769,0.006483126110124334,2.8355239786856123
2022,AIMOVIG 70MG,Brand,Central Nervous System,"CNS Agents, Misc.",2230,78900,1337578.28,1149241.25,188337.03000000003,599.8108878923767,16.9528299112801,84.456067264574,515.3548206278027,2.387034600760457,14.565795310519645
2022,AIMOVIG 140MG,Brand,Central Nervous System,"CNS Agents, Misc.",3492,123964,2055996.01,1762163.81,293832.2,588.7731987399771,16.585428108160432,84.14438717067583,504.62881156930126,2.370302668516666,14.215125439643767
2022,AIRDUO DIGIHALER WITH EMODULE,Brand,Hormones & Synthetic Subst,"Adrenals & Comb, NEC",15,508,3727.38,1740.38,1987.0,248.49200000000002,7.33736220472441,132.46666666666667,116.02533333333334,3.911417322834646,3.425944881889764
2022,AIRDUO RESPICLICK,Brand,Hormones & Synthetic Subst,"Adrenals & Comb, NEC",13,480,2602.6099999999997,1579.64,1022.97,200.2007692307692,5.422104166666666,78.69,121.51076923076924,2.1311875000000002,3.290916666666667
2022,AJOVY,Brand,Central Nervous System,"CNS Agents, Misc.",3512,134863,2221734.86,1913980.15,307754.70999999996,632.6124316628701,16.474013332048077,87.62947323462413,544.982958428246,2.281980305940102,14.192033026107975
2022,AKLIEF,Brand,Skin & Mucous Membrane,"Cell Stim/Proliferant S/MM,NEC",96,2910,40231.76,28341.77,11889.99,419.0808333333334,13.825347079037801,123.8540625,295.2267708333333,4.085907216494845,9.739439862542955
2022,ALA-CORT,Generic,Skin & Mucous Membrane,Antiinflam S/MM Agnts&Comb NEC,31,337,118.44,11.24,107.2,3.8206451612903227,0.3514540059347181,3.458064516129032,0.36258064516129035,0.31810089020771515,0.03335311572700297
2022,ALAWAY,Generic,"Eye, Ear, Nose Throat","Eye/Ear/Nose/Throat Misc, NEC",72,2395,626.21,38.17,588.04,8.697361111111112,0.26146555323590814,8.167222222222222,0.5301388888888889,0.24552818371607515,0.015937369519832986
2022,ALBENDAZOLE,Generic,Anti-Infective Agents,"Anthelmintics, NEC",325,3031,119880.84,105621.39,14259.449999999999,368.8641230769231,39.5515803365226,43.87523076923077,324.9888923076923,4.704536456614978,34.84704387990762
2022,ALBUSTIX,Brand,Diagnostic Agents,"Diagnostic Agents, Misc, NEC",12,870,413.84000000000003,65.07,348.77000000000004,34.48666666666667,0.4756781609195403,29.06416666666667,5.422499999999999,0.4008850574712644,0.07479310344827586
2022,ALBUTEROL,Generic,Autonomic Drugs,"Sympathomimetic Agents, NEC",23,1324,4033.16,3307.7800000000007,725.38,175.35478260869564,3.04619335347432,31.538260869565217,143.81652173913045,0.547870090634441,2.4983232628398797
2022,ALBUTEROL SULFATE,Generic,Autonomic Drugs,"Sympathomimetic Agents, NEC",80897,1860098,2269037.2899999996,758288.8699999998,1510748.42,28.048472625684507,1.2198482499309173,18.674962235929637,9.37351038975487,0.81218754065646,0.40766070927445747
2022,ALBUTEROL SULFATE HFA,Brand,Autonomic Drugs,"Sympathomimetic Agents, NEC",6315,157657,312689.4,167742.03999999998,144947.36,49.51534441805226,1.9833524676988654,22.952867775138557,26.562476642913694,0.9193842328599428,1.0639682348389223
2022,ALBUTEROL SULFATE HFA,Generic,Autonomic Drugs,"Sympathomimetic Agents, NEC",98713,2622307,3587343.5300000003,1439934.72,2147408.8099999996,36.34114584705156,1.3680105075416418,21.7540628893864,14.58708295766515,0.8189006130861106,0.5491098944555309
2022,ALCLOMETASONE DIPROPIONATE,Generic,Skin & Mucous Membrane,Antiinflam S/MM Agnts&Comb NEC,1416,35600,68132.64,38949.59,29183.05,48.11627118644068,1.913838202247191,20.60949858757062,27.506772598870054,0.819748595505618,1.0940896067415729
2022,ALCOHOL PREP PADS,Brand,Skin & Mucous Membrane,S/MM Soaps/Cleanser/Antiseptic,680,27675,1026.94,440.46999999999997,586.47,1.5102058823529412,0.037107136404697386,0.8624558823529412,0.6477499999999999,0.021191327913279132,0.015915808491418246
2022,ALCOHOL PREP PADS,Other,Skin & Mucous Membrane,S/MM Soaps/Cleanser/Antiseptic,27,1212,114.45,49.16,65.28999999999999,4.238888888888889,0.09443069306930693,2.418148148148148,1.8207407407407405,0.053869636963696364,0.04056105610561056
2022,ALDACTAZIDE,Brand,"Electrolytic, Caloric, Water","Diuretics, Potassium-Sparing",15,405,954.45,205.92,748.53,63.63,2.356666666666667,49.902,13.728,1.8482222222222222,0.5084444444444444
2022,ALDACTONE,Brand,"Electrolytic, Caloric, Water","Diuretics, Potassium-Sparing",13,645,6958.02,5647.780000000001,1310.24,535.2323076923077,10.787627906976745,100.78769230769231,434.4446153846154,2.0313798449612404,8.756248062015505
2022,ALECENSA,Brand,Antineoplastic Agents,Molecular Targeted Therapy,136,4080,2133953.35,2132453.35,1500.0,15690.833455882354,523.0277818627451,11.029411764705882,15679.804044117647,0.36764705882352944,522.6601348039216
2022,ALENDRONATE SODIUM,Generic,Misc Therapeutic Agents,Bone Resorption Inhibitors,17982,1182252,145619.54,26728.260000000006,118891.28,8.098072516961407,0.12317132049681456,6.6116827939050165,1.48638972305639,0.10056339934294888,0.022607921153865677
2022,ALFAMINO INFANT,Brand,"Electrolytic, Caloric, Water","Caloric Agents, Nutrition Prep",62,1813,18083.86,16393.96,1689.9,291.6751612903226,9.974550468836183,27.256451612903227,264.4187096774193,0.9321014892443464,9.042448979591835
2022,ALFUZOSIN HYDROCHLORIDE,Generic,Misc Therapeutic Agents,"Misc Therapeutic Agents, NEC",5294,340891,111847.84999999999,11007.899999999998,100839.95,21.127285606346806,0.32810443807551387,19.047969399319985,2.0793162070268223,0.29581288447040255,0.0322915536051113
2022,ALISKIREN,Generic,Cardiovascular Agents,"Cardiac Drugs, NEC",77,4980,30228.510000000006,24422.760000000002,5805.75,392.578051948052,6.069981927710844,75.39935064935065,317.1787012987013,1.1658132530120482,4.904168674698796
2022,ALLEGRA-D 24 HOUR ALLERGY & CONGESTION,Generic,Autonomic Drugs,"Sympathomimetic Agents, NEC",55,1489,2456.67,653.32,1803.35,44.66672727272727,1.6498791134989927,32.78818181818182,11.878545454545456,1.211114842175957,0.43876427132303564
2022,ALLERGY RELIEF,Generic,Antihistamines & Comb.,"Antihistamines & Comb, NEC",218,12748,3269.3900000000003,855.8299999999999,2413.5600000000004,14.997201834862388,0.25646297458424855,11.071376146788992,3.9258256880733944,0.18932852212111706,0.06713445246313146
2022,ALLERGY RELIEF,Generic,Respiratory Tract Agents,"Antitussives/Cold Comb, NEC",17,391,19.28,0.0,19.28,1.1341176470588237,0.049309462915601024,1.1341176470588237,0.0,0.049309462915601024,0.0
2022,ALLERGY RELIEF-D,Generic,Autonomic Drugs,"Sympathomimetic Agents, NEC",85,2960,1232.02,208.49,1023.53,14.494352941176471,0.41622297297297295,12.041529411764705,2.4528235294117646,0.34578716216216215,0.07043581081081081
2022,ALLOPURINOL,Generic,Misc Therapeutic Agents,"Antigout Agents, NEC",38569,2681077,529258.36,65405.05,463853.30999999994,13.72237703855428,0.1974051323404736,12.026583784904973,1.6957932536493039,0.1730100664770165,0.024395065863457112
2022,ALMOND OIL,Brand,Pharmaceutical Aids/Adjuvants,"Pharmaceutical Aids/Adjuv, NEC",15,450,1404.82,1349.66,55.16,93.65466666666666,3.1218222222222223,3.677333333333333,89.97733333333333,0.12257777777777777,2.999244444444445
2022,ALMOND OIL SWEET,Brand,Pharmaceutical Aids/Adjuvants,"Pharmaceutical Aids/Adjuv, NEC",17,495,819.28,707.3,111.98,48.19294117647058,1.655111111111111,6.587058823529412,41.60588235294117,0.22622222222222224,1.4288888888888889
2022,ALMOTRIPTAN MALATE,Generic,Autonomic Drugs,"Vascular 5HT1 Agonist, NEC",254,6316,82829.59000000001,69379.68,13449.91,326.1007480314961,13.114247941735277,52.95240157480315,273.1483464566929,2.1294981000633313,10.984749841671944
2022,ALOGLIPTIN BENZOATE,Brand,Hormones & Synthetic Subst,"Antidiabetic Agents, Misc",13,390,1004.2,643.52,360.68,77.24615384615385,2.574871794871795,27.744615384615386,49.50153846153846,0.9248205128205128,1.650051282051282
2022,ALOGLIPTIN BENZOATE,Generic,Hormones & Synthetic Subst,"Antidiabetic Agents, Misc",227,15694,70560.12999999999,60463.76,10096.369999999999,310.83757709251097,4.495994010449853,44.477400881057264,266.36017621145373,0.64332674907608,3.8526672613737736
2022,ALOGLIPTIN BENZOATE-METFORMIN HYDROCHLORIDE,Generic,Hormones & Synthetic Subst,"Antidiabetic Agents, Misc",16,1260,5301.450000000001,4878.45,423.0,331.34062500000005,4.2075000000000005,26.4375,304.903125,0.3357142857142857,3.871785714285714
2022,ALOSETRON HCL,Generic,Gastrointestinal Drugs,"Gastrointestinal Drug Misc,NEC",88,4384,73578.09,69846.92,3731.1699999999996,836.1146590909091,16.783323448905108,42.39965909090909,793.715,0.8510880474452553,15.932235401459854
2022,ALPHA-LIPOIC ACID,Brand,Pharmaceutical Aids/Adjuvants,"Pharmaceutical Aids/Adjuv, NEC",12,360,2165.94,1944.3999999999999,221.54000000000002,180.495,6.0165,18.46166666666667,162.03333333333333,0.615388888888889,5.401111111111111
2022,ALPHAGAN P,Brand,"Eye, Ear, Nose Throat","Eye/Ear/Nose/Throat Misc, NEC",789,40658,271288.86,199318.45000000004,71970.41,343.83885931558933,6.672459540557823,91.21724968314322,252.6216096324462,1.770141423582075,4.90231811697575
2022,ALPRAZOLAM,Generic,Central Nervous System,"ASH, Benzodiazepines",62070,1608845,178516.80999999997,21972.920000000002,156543.89,2.8760562268406633,0.11095960766885558,2.5220539713227006,0.3540022555179636,0.09730203344635438,0.013657574222501237
2022,ALPRAZOLAM XR,Generic,Central Nervous System,"ASH, Benzodiazepines",253,9033,6384.3099999999995,1670.59,4713.719999999999,25.234426877470355,0.7067762648068194,18.631304347826084,6.603122529644269,0.5218332779807372,0.18494298682608212
2022,ALREX,Brand,"Eye, Ear, Nose Throat","Antiinflam Agents EENT, NEC",119,3565,42166.63,34920.67,7245.96,354.34142857142854,11.82794670406732,60.89042016806723,293.45100840336136,2.0325273492286113,9.795419354838709
2022,ALTAVERA,Generic,Hormones & Synthetic Subst,"Contraceptive, Oral Comb, NEC",6436,491839,182129.78000000003,182079.78000000003,50.0,28.29859850839031,0.37030365627776574,0.007768800497203232,28.290829707893106,0.0001016592828140916,0.37020199699495165
2022,ALTRENO,Brand,Skin & Mucous Membrane,"Cell Stim/Proliferant S/MM,NEC",46,1520,2455.71,622.0,1833.71,53.385,1.6155986842105263,39.86326086956522,13.521739130434783,1.2063881578947369,0.40921052631578947
2022,ALUNBRIG,Brand,Antineoplastic Agents,Molecular Targeted Therapy,12,350,264034.65,264034.65,0.0,22002.8875,754.3847142857144,0.0,22002.8875,0.0,754.3847142857144
2022,ALVESCO,Brand,"Eye, Ear, Nose Throat","Antiinflam Agents EENT, NEC",191,6699,50015.380000000005,27581.43,22433.95,261.86062827225135,7.466096432303329,117.45523560209425,144.40539267015706,3.348850574712644,4.117245857590685
2022,ALYACEN 1/35,Generic,Hormones & Synthetic Subst,"Contraceptive, Oral Comb, NEC",5894,444920,273021.57999999996,272800.43999999994,221.14,46.32195113674923,0.6136419581048277,0.03751951136749236,46.284431625381735,0.0004970331745032814,0.6131449249303245
2022,ALYACEN 7/7/7,Generic,Hormones & Synthetic Subst,"Contraceptive, Oral Comb, NEC",28,1288,895.0699999999999,895.0699999999999,0.0,31.966785714285713,0.6949301242236025,0.0,31.966785714285713,0.0,0.6949301242236025
2022,AMABELZ,Generic,Hormones & Synthetic Subst,"Estrogens & Comb, NEC",12,840,1694.4,749.27,945.13,141.20000000000002,2.0171428571428573,78.76083333333334,62.439166666666665,1.125154761904762,0.8919880952380952
2022,AMANTADINE HCL,Generic,Anti-Infective Agents,"Antivirals, NEC",1354,64330,110677.26999999999,70239.05,40438.22,81.74096750369276,1.720461215607026,29.865745937961595,51.87522156573117,0.6286059381315094,1.0918552774755168
2022,AMBIEN,Brand,Central Nervous System,Anxiolytic/Sedative/Hypnot NEC,96,2706,47659.78,40399.490000000005,7260.290000000001,496.45604166666664,17.612631189948264,75.62802083333334,420.82802083333337,2.683033998521804,14.929597191426462
2022,AMBIEN CR,Brand,Central Nervous System,Anxiolytic/Sedative/Hypnot NEC,27,784,8684.46,6668.280000000001,2016.18,321.64666666666665,11.077117346938774,74.67333333333333,246.97333333333336,2.5716581632653064,8.50545918367347
2022,AMBRISENTAN,Generic,Cardiovascular Agents,"Vasodilating Agents, NEC",257,7710,963090.3,951103.2400000001,11987.060000000001,3747.433073929961,124.91443579766538,46.64225680933853,3700.790817120623,1.5547418936446176,123.35969390402077
2022,AMERGE,Brand,Autonomic Drugs,"Vascular 5HT1 Agonist, NEC",17,333,3414.79,2327.72,1087.07,200.87,10.254624624624624,63.94529411764705,136.92470588235292,3.2644744744744743,6.99015015015015
2022,AMETHIA,Generic,Hormones & Synthetic Subst,"Contraceptive, Oral Comb, NEC",58,5274,5102.21,5102.21,0.0,87.96913793103448,0.9674270003792188,0.0,87.96913793103448,0.0,0.9674270003792188
2022,AMETHYST,Generic,Hormones & Synthetic Subst,"Contraceptive, Oral Comb, NEC",167,10766,14913.41,14888.41,25.0,89.30185628742515,1.3852322125208991,0.1497005988023952,89.15215568862276,0.0023221252089912687,1.3829100873119078
2022,AMILORIDE HCL,Generic,"Electrolytic, Caloric, Water","Diuretics, Potassium-Sparing",674,38962,21155.809999999994,7352.85,13802.96,31.388442136498508,0.5429857296853343,20.479169139465874,10.909272997032641,0.35426723474154304,0.1887184949437914
2022,AMILORIDE HCL/HYDROCHLOROTHIAZIDE,Generic,"Electrolytic, Caloric, Water","Diuretics, Potassium-Sparing",254,17784,7278.469999999999,1744.88,5533.59,28.6553937007874,0.4092706927575348,21.785787401574805,6.869606299212599,0.3111555330634278,0.09811515969410707
2022,AMINOCAPROIC ACID,Generic,Blood Form/Coagul Agents,"Coag/Anticoag, Hemostatics",74,915,96505.92000000001,91582.78,4923.139999999999,1304.1340540540543,105.47095081967214,66.5289189189189,1237.605135135135,5.380480874316939,100.0904699453552
2022,AMIODARONE HCL,Generic,Cardiovascular Agents,"Cardiac, Antiarrhythmic Agents",2154,121233,68908.39,35376.740000000005,33531.649999999994,31.99089600742804,0.5683963112353897,15.567154131847722,16.42374187558032,0.276588470136019,0.2918078410993707
2022,AMITIZA,Brand,Gastrointestinal Drugs,"Gastrointestinal Drug Misc,NEC",817,32356,191306.40999999997,133734.68,57571.729999999996,234.1571725826193,5.912548213623438,70.46723378212974,163.68993880048959,1.7793216095932747,4.133226604030164
2022,AMITRIPTYLINE HCL,Brand,Pharmaceutical Aids/Adjuvants,"Pharmaceutical Aids/Adjuv, NEC",17,454,773.26,103.73,669.5300000000001,45.485882352941175,1.703215859030837,39.38411764705883,6.101764705882353,1.4747356828193834,0.22848017621145375
2022,AMITRIPTYLINE HCL,Generic,Central Nervous System,"Psychother, Antidepressants",33093,1810640,512165.72000000003,120893.42,391272.30000000005,15.476557580152903,0.2828644678124862,11.823415828120751,3.653141752032152,0.21609613175451778,0.06676833605796845
2022,AMITRIPTYLINE/CHLORDIAZEPOXIDE,Brand,Central Nervous System,"Psychother, Antidepressants",13,570,1495.83,1155.83,340.0,115.06384615384614,2.624263157894737,26.153846153846153,88.91,0.5964912280701754,2.0277719298245613
2022,AMITRIPTYLINE/CHLORDIAZEPOXIDE,Generic,Central Nervous System,"Psychother, Antidepressants",31,1110,2962.44,1879.56,1082.88,95.56258064516129,2.6688648648648647,34.93161290322581,60.630967741935486,0.9755675675675677,1.6932972972972973
2022,AMLODIPINE BESYLATE,Brand,Pharmaceutical Aids/Adjuvants,"Pharmaceutical Aids/Adjuv, NEC",13,390,893.1,629.61,263.49,68.7,2.29,20.26846153846154,48.431538461538466,0.6756153846153846,1.6143846153846155
2022,AMLODIPINE BESYLATE,Generic,Cardiovascular Agents,"Cardiac, Calcium Channel",191407,13144612,692111.0199999999,94013.69999999998,598097.32,3.6159127931580346,0.05265359068795639,3.1247411014226225,0.49117169173541186,0.045501329365979,0.007152261321977399
2022,AMLODIPINE BESYLATE-ATORVASTATIN CALCIUM,Generic,Cardiovascular Agents,"Cardiac Drugs, NEC",318,22484,97360.56000000001,76873.82,20486.74,306.16528301886797,4.330215264187867,64.4237106918239,241.74157232704405,0.9111697206902687,3.4190455434975986
2022,AMLODIPINE BESYLATE-BENAZEPRIL HCL,Generic,Cardiovascular Agents,"Cardiac, Calcium Channel",6070,413916,150237.17,22194.82,128042.35000000002,24.750769357495884,0.3629653601213773,21.094291598023066,3.6564777594728173,0.30934380405686185,0.053621556064515505
2022,AMLODIPINE BESYLATE-HCTZ-OLMESARTAN MEDOXOMIL,Generic,Cardiovascular Agents,"Cardiac Drugs, NEC",187,11460,33251.219999999994,24332.430000000004,8918.789999999999,177.81401069518714,2.9015026178010466,47.69406417112299,130.1199465240642,0.7782539267015706,2.123248691099477
2022,AMLODIPINE BESYLATE-OLMESARTAN MEDOXOMIL,Generic,Cardiovascular Agents,"Cardiac, Calcium Channel",780,48673,63665.09000000001,29529.160000000007,34135.93,81.62191025641027,1.3080165594888338,43.76401282051282,37.85789743589744,0.7013319499517187,0.6066846095371152
2022,AMLODIPINE BESYLATE-VALSARTAN,Generic,Cardiovascular Agents,"Cardiac, Calcium Channel",1113,72351,87749.31999999999,46220.27,41529.05,78.84035938903862,1.2128280189631102,37.31271338724169,41.527646001796946,0.5739941396801703,0.6388338792829401
2022,AMLODIPINE-VALSARTAN-HYDROCHLOROTHIAZIDE,Generic,Cardiovascular Agents,"Cardiac, Calcium Channel",15,1050,7339.08,6599.08,740.0,489.272,6.9896,49.333333333333336,439.9386666666667,0.7047619047619048,6.284838095238095
2022,AMMONIUM LACTATE,Generic,Skin & Mucous Membrane,Emoll/Moist/Demul/Protect S/MM,959,30635,13708.769999999999,3258.23,10450.539999999997,14.294859228362876,0.44748718785702624,10.897330552659017,3.397528675703858,0.3411307328219356,0.10635645503509059
2022,AMNESTEEM,Generic,Vitamins & Comb,"Vitamin A & Derivatives, NEC",840,25118,147983.99000000002,115384.53,32599.46,176.1714166666667,5.891551477028426,38.80888095238095,137.3625357142857,1.2978525360299387,4.593698940998487
2022,AMOXAPINE,Generic,Central Nervous System,"Psychother, Antidepressants",23,1231,1890.02,1101.58,788.44,82.17478260869565,1.535353371242892,34.28,47.89478260869565,0.6404874086108855,0.8948659626320065
2022,AMOXICILLIN,Brand,Anti-Infective Agents,"Antibiot, Penicillins",505,5228,10490.300000000001,1902.4,8587.9,20.772871287128716,2.0065608263198165,17.005742574257425,3.7671287128712874,1.642674062739097,0.3638867635807192
2022,AMOXICILLIN,Generic,Anti-Infective Agents,"Antibiot, Penicillins",136730,1393657,520523.25999999995,25791.38,494731.87999999995,3.8069425875813643,0.3734945255539921,3.618312586849996,0.1886300007313684,0.35498826468779615,0.018506260866195917
2022,AMOXICILLIN/CLAVULANATE POTASSIUM,Brand,Anti-Infective Agents,"Antibiot, Penicillins",206,2090,36592.58,31156.99,5435.589999999999,177.63388349514565,17.50841148325359,26.386359223300968,151.24752427184467,2.600760765550239,14.90765071770335
2022,AMOXICILLIN/CLAVULANATE POTASSIUM,Generic,Anti-Infective Agents,"Antibiot, Penicillins",89623,909829,856170.47,142007.29,714163.18,9.553021768965555,0.9410235000203334,7.968525713265569,1.5844960556999879,0.7849422034250393,0.1560812965952943
2022,AMPHETAMINE SALT COMBINATION,Generic,Central Nervous System,"Stimulant, Amphetamine Type",688,20530,21359.800000000003,8786.65,12573.15,31.04622093023256,1.0404188991719436,18.274927325581395,12.771293604651163,0.6124281539210911,0.4279907452508524
2022,AMPHETAMINE SALT COMBO,Brand,Central Nervous System,"Stimulant, Amphetamine Type",12,335,323.23,177.49,145.74,26.935833333333335,0.964865671641791,12.145000000000001,14.790833333333333,0.435044776119403,0.5298208955223881
2022,AMPHETAMINE SALT COMBO,Generic,Central Nervous System,"Stimulant, Amphetamine Type",148403,4477116,3928514.4799999995,1314337.9,2614176.58,26.471934394857243,0.8774654219368003,17.615389042000498,8.856545352856747,0.5838974420140108,0.29356797992278955
2022,AMPHETAMINE SULFATE,Generic,Central Nervous System,"Stimulant, Amphetamine Type",123,3602,12109.439999999999,8713.880000000001,3395.56,98.45073170731706,3.361865630205441,27.606178861788617,70.84455284552847,0.9426873958911716,2.4191782343142703
2022,AMPICILLIN,Brand,Anti-Infective Agents,"Antibiot, Penicillins",145,1685,2472.93,284.43,2188.5,17.054689655172414,1.467614243323442,15.093103448275862,1.9615862068965517,1.298813056379822,0.16880118694362017
2022,AMPICILLIN,Generic,Anti-Infective Agents,"Antibiot, Penicillins",275,6123,5214.759999999999,921.6,4293.160000000001,18.962763636363633,0.8516674832598399,15.611490909090913,3.351272727272727,0.701153029560673,0.15051445369916708
2022,AMPYRA,Brand,Central Nervous System,"CNS Agents, Misc.",79,2370,268544.85,253002.93,15541.92,3399.301898734177,113.31006329113923,196.73316455696204,3202.568734177215,6.557772151898734,106.7522911392405
2022,AMZEEQ,Brand,Anti-Infective Agents,"Antibiot, Tetracyclines",63,1780,18103.6,10986.69,7116.91,287.3587301587301,10.170561797752809,112.9668253968254,174.39190476190478,3.99826404494382,6.172297752808989
2022,ANAGRELIDE HCL,Generic,Blood Form/Coagul Agents,"Antiplatelet Agents, NEC",12,1020,5849.86,4969.83,880.03,487.4883333333333,5.7351568627450975,73.33583333333333,414.1525,0.8627745098039216,4.872382352941177
2022,ANASTROZOLE,Generic,Antineoplastic Agents,Hormone-Modifying Therapy,7767,516835,177997.34000000003,174422.91000000003,3574.43,22.917128878588905,0.3443987733028917,0.46020728724089094,22.456921591348014,0.006915998336026004,0.3374827749668657
2022,ANDRODERM,Brand,Hormones & Synthetic Subst,"Androgens & Comb, NEC",586,17780,216512.46999999997,173563.14000000004,42949.329999999994,369.4752047781569,12.17730427446569,73.29237201365187,296.1828327645052,2.4155978627671537,9.76170641169854
2022,ANDROGEL,Brand,Hormones & Synthetic Subst,"Androgens & Comb, NEC",150,4280,78782.68000000001,66449.79,12332.89,525.2178666666667,18.407168224299067,82.21926666666667,442.99859999999995,2.8815163551401866,15.525651869158876
2022,ANDROGEL,Generic,Hormones & Synthetic Subst,"Androgens & Comb, NEC",11,330,16989.88,15849.88,1140.0,1544.5345454545457,51.484484848484854,103.63636363636364,1440.8981818181817,3.4545454545454546,48.029939393939394
2022,ANGELIQ,Brand,Hormones & Synthetic Subst,"Estrogens & Comb, NEC",36,1484,8794.74,4692.3,4102.4400000000005,244.29833333333332,5.926374663072776,113.95666666666668,130.34166666666667,2.7644474393531002,3.1619272237196765
2022,ANNOVERA,Brand,Hormones & Synthetic Subst,"Estrogens & Comb, NEC",204,36737,332542.73999999993,331365.73999999993,1177.0,1630.1114705882349,9.051984103220185,5.769607843137255,1624.3418627450976,0.032038544246944495,9.019945558973241
2022,ANORO ELLIPTA,Brand,Autonomic Drugs,"Sympathomimetic Agents, NEC",3100,116054,1337767.8199999998,1144964.48,192803.34000000003,431.53800645161283,11.52711513605735,62.19462580645162,369.3433806451613,1.6613243834766576,9.865790752580695
2022,ANTACID,Generic,Gastrointestinal Drugs,"Antacid/Adsorbents & Comb, NEC",11,291,40.06,0.0,40.06,3.641818181818182,0.13766323024054983,3.641818181818182,0.0,0.13766323024054983,0.0
2022,ANTI-STATIC COMPACT SPACE CHAMBER,Brand,Devices & Non-Drug Items,"Devices & Non-Drug Items, NEC",179,3248,2514.2800000000007,571.7999999999998,1942.48,14.046256983240227,0.774100985221675,10.851843575418995,3.1944134078212283,0.5980541871921182,0.1760467980295566
2022,ANTIFUNGAL,Generic,Skin & Mucous Membrane,"Antiinf S/MM,Antifungal & Comb",26,507,65.59,0.0,65.59,2.522692307692308,0.12936883629191323,2.522692307692308,0.0,0.12936883629191323,0.0
2022,ANUCORT-HC,Generic,Skin & Mucous Membrane,Antiinflam S/MM Agnts&Comb NEC,762,10346,86739.71,67695.54,19044.170000000002,113.83164041994752,8.383888459307945,24.992349081364832,88.83929133858267,1.8407278175140152,6.543160641793929
2022,ANUSOL-HC,Generic,Skin & Mucous Membrane,Antiinflam S/MM Agnts&Comb NEC,23,385,1552.89,945.77,607.1199999999999,67.51695652173913,4.03348051948052,26.39652173913043,41.1204347826087,1.5769350649350646,2.4565454545454544
2022,APIDRA,Brand,Hormones & Synthetic Subst,"Antidiabetic Agents, Insulins",35,2127,19298.12,16179.49,3118.63,551.3748571428571,9.072929007992478,89.10371428571429,462.2711428571429,1.4662106252938412,7.606718382698636
2022,APIDRA SOLOSTAR,Brand,Hormones & Synthetic Subst,"Antidiabetic Agents, Insulins",43,1959,15840.579999999998,4168.39,11672.19,368.38558139534877,8.086054109239408,271.44627906976746,96.93930232558141,5.958238897396631,2.127815211842777
2022,APLENZIN,Brand,Central Nervous System,"Psychother, Antidepressants",87,2610,146885.7,123954.14,22931.56,1688.341379310345,56.2780459770115,263.5811494252874,1424.7602298850575,8.786038314176245,47.49200766283525
2022,APO-VARENICLINE,Brand,Autonomic Drugs,"Autonomic, Nicotine Preps",460,13270,140761.30999999997,140072.46,688.85,306.0028478260869,10.607483798040692,1.4975,304.50534782608696,0.051910324039186134,10.555573474001507
2022,APRACLONIDINE HCL,Generic,"Eye, Ear, Nose Throat","Eye/Ear/Nose/Throat Misc, NEC",60,1522,5161.16,3409.6400000000003,1751.52,86.01933333333334,3.3910381077529563,29.192,56.827333333333335,1.1508015768725361,2.240236530880421
2022,APREPITANT,Generic,Gastrointestinal Drugs,"Antiemetics, NEC",251,2010,97289.4,88948.72,8340.68,387.60717131474104,48.402686567164174,33.229800796812754,354.3773705179283,4.149592039800996,44.25309452736318
2022,APREPITANT 3-DAY PACK,Generic,Gastrointestinal Drugs,"Antiemetics, NEC",53,509,20286.239999999998,19284.34,1001.9000000000001,382.75924528301886,39.8550884086444,18.90377358490566,363.8554716981132,1.9683693516699412,37.88671905697446
2022,APREPITANT DOSE PACK,Generic,Gastrointestinal Drugs,"Antiemetics, NEC",45,346,19423.68,18302.96,1120.72,431.63733333333334,56.13780346820809,24.90488888888889,406.7324444444444,3.2390751445086705,52.898728323699416
2022,APREPITANT TRI-PACK,Generic,Gastrointestinal Drugs,"Antiemetics, NEC",51,594,22171.289999999997,20544.93,1626.3600000000001,434.7311764705882,37.32540404040404,31.889411764705883,402.8417647058824,2.7379797979797984,34.58742424242424
2022,APRETUDE,Brand,Anti-Infective Agents,"Antivirals, NEC",21,796,40429.46000000001,37250.560000000005,3178.9,1925.2123809523812,50.79077889447237,151.3761904761905,1773.8361904761907,3.9935929648241206,46.79718592964825
2022,APRI,Generic,Hormones & Synthetic Subst,"Contraceptive, Oral Comb, NEC",27156,1951914,636136.7399999999,635953.0299999998,183.70999999999998,23.425273972602735,0.3259040818396712,0.006764987479746648,23.418508985122987,9.411787609495089e-05,0.32580996396357614
2022,APRISO,Brand,Gastrointestinal Drugs,"Gastrointestinal Drug Misc,NEC",81,3990,59309.26,50914.31999999999,8394.94,732.2130864197532,14.864476190476191,103.64123456790124,628.5718518518518,2.103994987468672,12.760481203007517
2022,APTENSIO XR,Brand,Central Nervous System,"Stimulant, Amphetamine Type",11,330,1143.47,593.47,550.0,103.95181818181818,3.465060606060606,50.0,53.95181818181818,1.6666666666666667,1.7983939393939394
2022,APTIOM,Brand,Central Nervous System,"Anticonvulsants, Misc",357,12842,648839.12,615718.79,33120.329999999994,1817.4765266106442,50.52477184239215,92.77403361344537,1724.702492997199,2.5790632300264753,47.94570861236568
2022,ARANELLE,Generic,Hormones & Synthetic Subst,"Contraceptive, Oral Comb, NEC",205,15559,15553.499999999998,15553.499999999998,0.0,75.87073170731706,0.9996465068449127,0.0,75.87073170731706,0.0,0.9996465068449127
2022,ARANESP,Brand,Blood Form/Coagul Agents,"Hematopoietic Agents, NEC",125,3331,145897.63999999998,137431.6,8466.039999999999,1167.18112,43.79995196637646,67.72832,1099.4528,2.5415911137796456,41.25836085259682
2022,ARAZLO,Brand,Skin & Mucous Membrane,"Cell Stim/Proliferant S/MM,NEC",155,4625,33996.0,14767.42,19228.58,219.32903225806453,7.350486486486487,124.05535483870969,95.27367741935484,4.157530810810811,3.192955675675676
2022,ARCALYST,Brand,Immunosuppressants,"Immunosuppressants, NEC",148,4263,3049478.95,3014705.8100000005,34773.14,20604.5875,715.3363711001642,234.95364864864865,20369.633851351355,8.156964578935023,707.1794065212293
2022,ARFORMOTEROL TARTRATE,Generic,Autonomic Drugs,"Sympathomimetic Agents, NEC",61,2205,41980.49999999999,39505.5,2475.0,688.2049180327867,19.03877551020408,40.57377049180328,647.6311475409836,1.1224489795918366,17.916326530612245
2022,ARICEPT,Brand,Autonomic Drugs,"Parasympathomimetic, NEC",12,660,4768.2,3245.3,1522.9,397.34999999999997,7.224545454545455,126.90833333333335,270.44166666666666,2.3074242424242426,4.917121212121212
2022,ARIKAYCE,Brand,Anti-Infective Agents,"Antibiot, Aminoglycosides",47,1316,639161.27,632238.2999999999,6922.97,13599.175957446809,485.6848556231003,147.29723404255319,13451.878723404254,5.260615501519757,480.4242401215805
2022,ARIMIDEX,Brand,Antineoplastic Agents,Hormone-Modifying Therapy,45,2280,67612.44,67112.44,500.0,1502.4986666666666,29.65457894736842,11.11111111111111,1491.3875555555555,0.21929824561403508,29.435280701754387
2022,ARIPIPRAZOLE,Generic,Central Nervous System,"Psychother,Tranq/Antipsychotic",32162,1391132,1196010.4,619893.1900000001,576117.21,37.18706548100242,0.8597389751655485,17.912978359554753,19.274087121447675,0.4141355457282271,0.4456034294373216
2022,ARISTADA,Brand,Central Nervous System,"Psychother,Tranq/Antipsychotic",54,1656,65425.98,57915.98,7510.0,1211.5922222222223,39.508442028985506,139.07407407407408,1072.5181481481482,4.535024154589372,34.973417874396134
2022,ARMODAFINIL,Generic,Central Nervous System,"Stimulant, Amphetamine Type",1576,56393,126797.55999999998,74144.45999999999,52653.09999999999,80.45530456852791,2.248462752469278,33.40932741116751,47.045977157360404,0.9336814852907274,1.3147812671785504
2022,ARMOUR THYROID,Brand,Hormones & Synthetic Subst,"Thy/Antithy, Thyroid/Hormones",8286,485721,429805.3,59294.61,370510.68999999994,51.87126478397297,0.8848810325269033,44.71526550808592,7.155999275887038,0.7628055818051925,0.12207545072171061
2022,ARMOUR THYROID,Generic,Hormones & Synthetic Subst,"Thy/Antithy, Thyroid/Hormones",79,4061,5967.86,788.27,5179.59,75.54253164556961,1.4695542969711892,65.56443037974684,9.978101265822785,1.275446934252647,0.19410736271854223
2022,ARNUITY ELLIPTA,Brand,"Eye, Ear, Nose Throat","Antiinflam Agents EENT, NEC",1452,53085,292738.58,209591.3,83147.28,201.6105922865014,5.5145253838184045,57.26396694214876,144.34662534435262,1.5663046058208534,3.948220777997551
2022,AROMASIN,Brand,Antineoplastic Agents,Hormone-Modifying Therapy,11,930,26651.05,26651.05,0.0,2422.822727272727,28.657043010752687,0.0,2422.822727272727,0.0,28.657043010752687
2022,ARTIFICIAL TEARS,Generic,"Eye, Ear, Nose Throat","Eyewash/Eyestrm/Lubr/Tear, NEC",41,1473,114.18,4.88,109.29999999999998,2.784878048780488,0.0775152749490835,2.665853658536585,0.11902439024390243,0.07420230821452817,0.003312966734555329
2022,ARTIFICIAL TEARS SOLUTION,Brand,"Eye, Ear, Nose Throat","Eyewash/Eyestrm/Lubr/Tear, NEC",13,390,164.39,49.1,115.28999999999999,12.645384615384614,0.42151282051282046,8.868461538461538,3.776923076923077,0.2956153846153846,0.1258974358974359
2022,ARTIFICIAL TEARS SOLUTION,Generic,"Eye, Ear, Nose Throat","Eyewash/Eyestrm/Lubr/Tear, NEC",94,3201,1194.3500000000001,245.1,949.25,12.705851063829789,0.3731177756950953,10.09840425531915,2.6074468085106384,0.2965479537644486,0.07656982193064667
2022,ASCOMP W/CODEINE,Generic,Central Nervous System,"Analg/Antipyr, Opiate Agonists",131,2629,8217.22,5780.339999999999,2436.88,62.72687022900763,3.1256066945606693,18.602137404580155,44.124732824427475,0.9269227843286421,2.198683910232027
2022,ASENAPINE,Generic,Central Nervous System,"Psychother,Tranq/Antipsychotic",208,9465,80622.08,69872.42,10749.66,387.60615384615386,8.517916534601163,51.68105769230769,335.92509615384614,1.1357274167987321,7.3821891178024295
2022,ASHLYNA,Generic,Hormones & Synthetic Subst,"Contraceptive, Oral Comb, NEC",208,19100,16497.46,16497.46,0.0,79.31471153846154,0.8637413612565444,0.0,79.31471153846154,0.0,0.8637413612565444
2022,ASMANEX HFA,Brand,Hormones & Synthetic Subst,"Adrenals & Comb, NEC",109,4025,21642.090000000004,16279.96,5362.129999999999,198.55128440366977,5.3769167701863365,49.19385321100917,149.35743119266056,1.332206211180124,4.044710559006211
2022,ASMANEX TWISTHALER,Brand,Hormones & Synthetic Subst,"Adrenals & Comb, NEC",137,6042,43027.27,29270.37,13756.9,314.06766423357664,7.121362131744455,100.41532846715329,213.65233576642336,2.276878517047335,4.84448361469712
2022,ASPERCREME,Generic,Skin & Mucous Membrane,"Antiprur/Local Anest S/MM, NEC",74,1331,1992.6699999999998,743.7,1248.97,26.92797297297297,1.497122464312547,16.877972972972973,10.05,0.9383696468820436,0.5587528174305034
2022,ASPIRIN,Brand,Central Nervous System,"Analg/Antipyr, Salicylates",1257,77563,3377.6099999999997,3284.6499999999996,92.96000000000001,2.6870405727923625,0.0435466652914405,0.07395385839299921,2.6130867143993632,0.0011985095986488403,0.04234815569279166
2022,ASPIRIN,Generic,Central Nervous System,"Analg/Antipyr, Salicylates",6265,343257,9134.069999999998,8890.88,243.19,1.4579521149241816,0.026610003583320947,0.03881723862729449,1.4191348762968874,0.0007084779043107642,0.025901525679010187
2022,ASPIRIN ADULT LOW DOSE,Generic,Central Nervous System,"Analg/Antipyr, Salicylates",423,24957,322.95,321.64,1.31,0.7634751773049645,0.012940257242457025,0.003096926713947991,0.7603782505910165,5.249028328725408e-05,0.012887766959169772
2022,ASPIRIN CHILDREN'S,Generic,Central Nervous System,"Analg/Antipyr, Salicylates",643,35063,1162.8599999999997,1145.9399999999996,16.92,1.8084914463452562,0.03316487465419387,0.02631415241057543,1.7821772939346805,0.0004825599634942818,0.032682314690699585
2022,ASPIRIN FOR CHILDREN,Generic,Central Nervous System,"Analg/Antipyr, Salicylates",190,10925,211.27,208.63,2.64,1.1119473684210528,0.01933821510297483,0.013894736842105264,1.0980526315789474,0.00024164759725400458,0.019096567505720825
2022,ASPIRIN LOW DOSE,Generic,Central Nervous System,"Analg/Antipyr, Salicylates",24752,1572708,24700.050000000003,24405.08,294.97,0.9979011797026504,0.01570542656360876,0.01191701680672269,0.9859841628959277,0.00018755547755845334,0.015517871086050305
2022,ASPIRIN LOW STRENGTH,Generic,Central Nervous System,"Analg/Antipyr, Salicylates",55,3545,85.42,85.42,0.0,1.553090909090909,0.024095909732016925,0.0,1.553090909090909,0.0,0.024095909732016925
2022,ASPIRIN-DIPYRIDAMOLE,Generic,Blood Form/Coagul Agents,"Antiplatelet Agents, NEC",168,11430,37295.26,30035.43,7259.83,221.99559523809526,3.2629273840769906,43.21327380952381,178.78232142857144,0.6351557305336832,2.627771653543307
2022,ATAZANAVIR SULFATE,Generic,Anti-Infective Agents,"Antivirals, NEC",86,3480,31340.58,27980.58,3360.0,364.4253488372093,9.00591379310345,39.06976744186046,325.35558139534885,0.9655172413793104,8.040396551724138
2022,ATENOLOL,Brand,Pharmaceutical Aids/Adjuvants,"Pharmaceutical Aids/Adjuv, NEC",19,570,1342.1,792.0999999999999,550.0,70.63684210526316,2.3545614035087716,28.94736842105263,41.68947368421052,0.9649122807017544,1.3896491228070174
2022,ATENOLOL,Generic,Cardiovascular Agents,"Cardiac, Beta Blockers",40988,2953701,284882.56,45452.10999999999,239430.44999999998,6.950389382258222,0.09644935624831355,5.84147677368986,1.1089126085683614,0.08106116699015913,0.015388189258154428
2022,ATENOLOL-CHLORTHALIDONE,Generic,Cardiovascular Agents,"Cardiac, Beta Blockers",1583,111388,61668.63,18508.58,43160.049999999996,38.95680985470625,0.5536380040937983,27.264718888186984,11.692090966519268,0.38747486264229536,0.16616314145150288
2022,ATHLETE'S FOOT,Generic,Skin & Mucous Membrane,"Antiinf S/MM,Antifungal & Comb",72,1316,320.88000000000005,0.0,320.88,4.456666666666667,0.24382978723404258,4.456666666666667,0.0,0.24382978723404256,0.0
2022,ATIVAN,Brand,Central Nervous System,"ASH, Benzodiazepines",29,868,92726.26000000001,87155.1,5571.16,3197.4572413793107,106.82748847926268,192.1089655172414,3005.3482758620694,6.418387096774193,100.40910138248849
2022,ATOMOXETINE HYDROCHLORIDE,Generic,Central Nervous System,"CNS Agents, Misc.",14827,584313,2078746.8299999998,1487287.6400000001,591459.1900000001,140.2000964456734,3.557591273854937,39.89068523639307,100.30941120928037,1.0122300718963981,2.5453612019585394
2022,ATORVASTATIN CALCIUM,Generic,Cardiovascular Agents,"Antihyperlipidemic Drugs, NEC",352753,24183948,3902503.6600000006,2093239.95,1809263.7099999997,11.062992121966364,0.1613675178262871,5.1289817804526106,5.93401034151375,0.07481258684479472,0.08655493098149235
2022,ATOVAQUONE,Generic,Anti-Infective Agents,"Anti-Infectives, Misc",1131,30859,681792.3600000001,642594.38,39197.98,602.8225994694961,22.093793058751096,34.65780725022105,568.164792219275,1.2702284584724068,20.823564600278686
2022,ATOVAQUONE/PROGUANIL HCL,Generic,Anti-Infective Agents,"Anti-Infectives, Misc",4016,109246,414265.63999999996,274707.01999999996,139558.62,103.15379482071712,3.792044010764696,34.75065239043825,68.40314243027888,1.2774712117606135,2.5145727990040823
2022,ATROPINE SULFATE,Brand,"Eye, Ear, Nose Throat","Mydriatics EENT, NEC",243,7435,19812.800000000003,7349.110000000001,12463.689999999999,81.53415637860084,2.6648016139878954,51.29090534979424,30.243251028806586,1.6763537323470072,0.9884478816408878
2022,ATROPINE SULFATE,Generic,"Eye, Ear, Nose Throat","Mydriatics EENT, NEC",754,26091,34940.8,15109.31,19831.49,46.340583554376664,1.3391897589207007,26.301710875331565,20.03887267904509,0.7600893028247289,0.5791004560959717
2022,ATROPINE-HYOSCYAMINE-PHENOBARBITAL-SCOPOLAMINE,Generic,Autonomic Drugs,Antichol/Antimuscarin/Antispas,27,667,10138.960000000001,9390.970000000001,747.99,375.5170370370371,15.200839580209896,27.703333333333333,347.81370370370377,1.121424287856072,14.079415292353826
2022,ATROVENT HFA,Brand,Autonomic Drugs,"Anticholinergic, NEC",848,28143,286094.78,227309.14,58785.64000000001,337.3759198113208,10.165752762676332,69.32268867924529,268.0532311320755,2.088819244572363,8.076933518103969
2022,AUBAGIO,Brand,Immunosuppressants,"Immunosuppressants, NEC",1118,33900,9149804.559999999,8959916.879999999,189887.68000000002,8184.082790697673,269.90573923303833,169.84586762075136,8014.236923076922,5.601406489675517,264.3043327433628
2022,AUBRA EQ,Generic,Hormones & Synthetic Subst,"Contraceptive, Oral Comb, NEC",17,1407,567.8299999999999,567.8299999999999,0.0,33.40176470588235,0.4035749822316986,0.0,33.40176470588235,0.0,0.4035749822316986
2022,AUGMENTED BETAMETHASONE DIPROPIONATE,Generic,Skin & Mucous Membrane,Antiinflam S/MM Agnts&Comb NEC,3993,103490,273793.07,175983.53000000003,97809.54000000001,68.56826195842724,2.6455992849550682,24.495251690458304,44.073010267968954,0.945111025219828,1.7004882597352404
2022,AUROVELA 1.5/30,Generic,Hormones & Synthetic Subst,"Contraceptive, Oral Comb, NEC",594,33059,22325.62,22325.62,0.0,37.585218855218855,0.6753265374028252,0.0,37.585218855218855,0.0,0.6753265374028252
2022,AUROVELA 24 FE,Generic,Hormones & Synthetic Subst,"Contraceptive, Oral Comb, NEC",274,15764,17636.630000000005,17497.990000000005,138.64,64.36726277372264,1.1187915503679273,0.5059854014598539,63.86127737226279,0.008794722151738137,1.1099968282161892
2022,AUROVELA FE 1.5/30,Generic,Hormones & Synthetic Subst,"Contraceptive, Oral Comb, NEC",755,46266,24581.84,24581.84,0.0,32.558728476821194,0.5313154368218562,0.0,32.558728476821194,0.0,0.5313154368218562
2022,AUROVELA FE 1/20,Generic,Hormones & Synthetic Subst,"Contraceptive, Oral Comb, NEC",893,55859,22085.789999999994,22085.789999999994,0.0,24.73212765957446,0.3953846291555523,0.0,24.73212765957446,0.0,0.3953846291555523
2022,AURYXIA,Brand,"Electrolytic, Caloric, Water","Phosphorus Removing Agents,NEC",100,4273,124550.06000000001,112224.09,12325.97,1245.5006,29.148153522115614,123.2597,1122.2409,2.884617364849052,26.263536157266557
2022,AUSTEDO,Brand,Central Nervous System,"CNS Agents, Misc.",129,3840,904350.1200000001,888767.65,15582.470000000001,7010.4660465116285,235.50784375000003,120.79434108527133,6889.671705426357,4.057934895833333,231.44990885416667
2022,AUTOSOFT 30 INFUSION SET,Brand,Devices & Non-Drug Items,"Devices & Non-Drug Items, NEC",15,1350,7371.61,6081.04,1290.57,491.44066666666663,5.460451851851851,86.038,405.4026666666667,0.9559777777777777,4.504474074074074
2022,AUTOSOFT 90 INFUSION SET,Brand,Devices & Non-Drug Items,"Devices & Non-Drug Items, NEC",50,4480,16358.84,11284.55,5074.29,327.1768,3.6515267857142857,101.4858,225.69099999999997,1.132654017857143,2.5188727678571428
2022,AUTOSOFT XC INFUSION SET,Brand,Devices & Non-Drug Items,"Devices & Non-Drug Items, NEC",71,5490,20461.86,12684.51,7777.35,288.19521126760566,3.727114754098361,109.54014084507043,178.6550704225352,1.416639344262295,2.310475409836066
2022,AUVELITY,Brand,Respiratory Tract Agents,"Antitussives/Cold Comb, NEC",27,1005,22503.969999999998,19830.48,2673.49,833.4803703703702,22.392009950248752,99.01814814814814,734.4622222222222,2.660189054726368,19.731820895522386
2022,AUVI-Q,Brand,Autonomic Drugs,"Sympathomimetic Agents, NEC",171,1092,67693.89,46650.63999999999,21043.25,395.87070175438595,61.99074175824176,123.05994152046783,272.8107602339181,19.270375457875456,42.720366300366294
2022,AVAPRO,Brand,Cardiovascular Agents,"Cardiac Drugs, NEC",49,2356,10611.65,4501.25,6110.4,216.56428571428572,4.504095925297114,124.70204081632653,91.86224489795919,2.593548387096774,1.9105475382003396
2022,AVAR CLEANSER,Generic,Skin & Mucous Membrane,"Antiinf S/MM,Antibiotic & Comb",35,964,21657.58,20793.510000000002,864.0699999999999,618.788,22.466369294605812,24.687714285714282,594.1002857142857,0.8963381742738589,21.57003112033195
2022,AVEED,Brand,Hormones & Synthetic Subst,"Androgens & Comb, NEC",23,684,34631.229999999996,27546.23,7085.0,1505.7056521739128,50.63045321637426,308.04347826086956,1197.6621739130435,10.358187134502923,40.272266081871344
2022,AVIANE,Generic,Hormones & Synthetic Subst,"Contraceptive, Oral Comb, NEC",3042,198762,87216.53,87216.53,0.0,28.67078566732413,0.4387988146627625,0.0,28.67078566732413,0.0,0.4387988146627625
2022,AVODART,Brand,Misc Therapeutic Agents,"Misc Therapeutic Agents, NEC",18,780,3235.74,2415.55,820.19,179.76333333333332,4.148384615384615,45.56611111111111,134.19722222222222,1.051525641025641,3.0968589743589745
2022,AVONEX,Brand,Misc Therapeutic Agents,Biological Response Modifiers,246,6776,1744596.8900000001,1694288.58,50308.31,7091.857276422765,257.46707349468716,204.50532520325203,6887.351951219513,7.42448494687131,250.04258854781582
2022,AVONEX PEN,Brand,Misc Therapeutic Agents,Biological Response Modifiers,325,9102,2263462.0599999996,2193385.4799999995,70076.58,6964.498646153845,248.67744012304982,215.62024615384615,6748.878399999999,7.699030982201714,240.9784091408481
2022,AVSOLA,Brand,Immunosuppressants,"Immunosuppressants, NEC",21,700,78078.0,72933.0,5145.0,3718.0,111.54,245.0,3473.0,7.35,104.19
2022,AYR SALINE MIST,Generic,"Eye, Ear, Nose Throat","Eyewash/Eyestrm/Lubr/Tear, NEC",17,455,49.620000000000005,0.0,49.620000000000005,2.918823529411765,0.10905494505494506,2.918823529411765,0.0,0.10905494505494506,0.0
2022,AYVAKIT,Brand,Antineoplastic Agents,Molecular Targeted Therapy,14,420,788936.0499999999,788936.0499999999,0.0,56352.575,1878.4191666666666,0.0,56352.575,0.0,1878.4191666666666
2022,AZASITE,Brand,Anti-Infective Agents,"Antibiot, Erythromycn&Macrolid",61,1178,13043.069999999998,8369.01,4674.06,213.8208196721311,11.072215619694395,76.62393442622951,137.19688524590165,3.9677928692699496,7.104422750424448
2022,AZATHIOPRINE,Generic,Immunosuppressants,"Immunosuppressants, NEC",3697,198757,315460.5299999999,198116.30000000002,117344.23000000001,85.32878820665402,1.5871668922352415,31.740392209899923,53.58839599675413,0.590390426500702,0.9967764657345403
2022,AZELAIC ACID,Generic,Skin & Mucous Membrane,"Antiinf S/MM, Antiinf Loc Misc",4347,131419,671936.8199999998,518797.89999999997,153138.92,154.5748378191856,5.11293511592692,35.22864504255809,119.34619277662755,1.1652722970042384,3.9476628189226823
2022,AZELASTINE HCL,Generic,"Eye, Ear, Nose Throat",Antiallergic Agents,17126,763103,433026.8599999999,95898.16999999997,337128.69,25.28476351745883,0.5674553238553641,19.68519736073806,5.5995661567207735,0.44178661334053204,0.12566871051483217
2022,AZELASTINE HYDROCHLORIDE-FLUTICASONE PROPIONATE,Generic,Hormones & Synthetic Subst,"Adrenals & Comb, NEC",275,8103,33914.899999999994,24738.42,9176.48,123.32690909090907,4.185474515611501,33.36901818181818,89.9578909090909,1.1324793286437123,3.0529951869677894
2022,AZELEX,Brand,Skin & Mucous Membrane,"Antiinf S/MM, Antiinf Loc Misc",211,5773,84468.51999999999,66930.68000000001,17537.84,400.3247393364928,14.63165078815174,83.1177251184834,317.20701421800953,3.0379075004330502,11.593743287718691
2022,AZITHROMYCIN,Brand,Anti-Infective Agents,"Antibiot, Erythromycn&Macrolid",42,62,1344.3400000000001,545.14,799.1999999999999,32.008095238095244,21.682903225806452,19.02857142857143,12.979523809523808,12.89032258064516,8.79258064516129
2022,AZITHROMYCIN,Generic,Anti-Infective Agents,"Antibiot, Erythromycn&Macrolid",78645,611629,436338.1000000001,58000.58,378337.52,5.548198868332381,0.713403223195761,4.810700235234281,0.737498633098099,0.6185735470358665,0.09482967615989432
2022,AZOPT,Brand,"Eye, Ear, Nose Throat","Eye/Ear/Nose/Throat Misc, NEC",59,3062,17712.46,12593.010000000002,5119.450000000001,300.211186440678,5.784604833442194,86.77033898305086,213.44084745762714,1.6719301110385372,4.112674722403659
2022,AZSTARYS,Brand,Central Nervous System,"Stimulant, Amphetamine Type",66,1872,17645.09,13414.279999999999,4230.81,267.3498484848485,9.425795940170941,64.10318181818182,203.24666666666664,2.260048076923077,7.165747863247863
2022,AZURETTE,Generic,Hormones & Synthetic Subst,"Contraceptive, Oral Comb, NEC",223,13748,6918.220000000001,6918.220000000001,0.0,31.023408071748886,0.5032164678498692,0.0,31.023408071748886,0.0,0.5032164678498692
2022,B COMPLEX,Generic,Vitamins & Comb,"Vitamins Bs & B Complex, NEC",32,1800,60.05,28.49,31.560000000000002,1.8765625,0.03336111111111111,0.9862500000000001,0.8903125,0.017533333333333335,0.015827777777777777
2022,BACITRACIN ZINC-POLYMYXIN B SULFATE,Generic,"Eye, Ear, Nose Throat","Antiinfect, Antibiotics EENT",823,8542,12888.89,1901.58,10987.31,15.660862697448358,1.5088843362210254,13.350315917375456,2.310546780072904,1.2862690236478576,0.22261531257316786
2022,BACITRACIN-HC-NEOMYCIN-POLYMYXIN,Generic,"Eye, Ear, Nose Throat","Antiinfect, Antiinflam EENT",46,494,2001.89,820.1300000000001,1181.76,43.51934782608696,4.052408906882591,25.690434782608694,17.828913043478263,2.3922267206477734,1.660182186234818
2022,BACITRACIN/NEOMYCIN/POLYMYXIN,Generic,"Eye, Ear, Nose Throat","Antiinfect, Antibiotics EENT",70,670,2386.0,977.34,1408.66,34.08571428571429,3.5611940298507463,20.123714285714286,13.962,2.102477611940299,1.4587164179104477
2022,BACLOFEN,Brand,Autonomic Drugs,"Muscle Relax, Skeletal Central",20,600,4450.71,3258.41,1192.3,222.5355,7.4178500000000005,59.614999999999995,162.9205,1.9871666666666665,5.4306833333333335
2022,BACLOFEN,Brand,Pharmaceutical Aids/Adjuvants,"Pharmaceutical Aids/Adjuv, NEC",11,278,478.34000000000003,0.0,478.34000000000003,43.48545454545455,1.7206474820143887,43.48545454545455,0.0,1.7206474820143887,0.0
2022,BACLOFEN,Generic,Autonomic Drugs,"Muscle Relax, Skeletal Central",13056,506819,249328.03,88591.51,160736.52,19.096816023284315,0.4919468883368619,12.311314338235293,6.785501685049019,0.31714777859551435,0.1747991097413475
2022,BAFIERTAM,Brand,Misc Therapeutic Agents,Biological Response Modifiers,33,997,198039.43,188801.51,9237.92,6001.194848484848,198.63533600802407,279.9369696969697,5721.257878787879,9.265717151454362,189.36961885656973
2022,BALCOLTRA,Brand,UNKNOWN,UNKNOWN,60,3927,28374.169999999995,26668.64,1705.53,472.90283333333326,7.225406162464985,28.4255,444.4773333333333,0.43430863254392665,6.791097529921059
2022,BALSALAZIDE DISODIUM,Generic,Gastrointestinal Drugs,"Gastrointestinal Drug Misc,NEC",1165,54885,283153.02999999997,227253.08,55899.950000000004,243.04981115879826,5.159023959187391,47.982789699570816,195.06702145922745,1.0184923020861802,4.140531657101211
2022,BALZIVA,Generic,Hormones & Synthetic Subst,"Contraceptive, Oral Comb, NEC",652,46474,38636.00999999999,38636.00999999999,0.0,59.257684049079735,0.8313467745406031,0.0,59.257684049079735,0.0,0.8313467745406031
2022,BANOPHEN,Generic,Antihistamines & Comb.,"Antihistamines & Comb, NEC",385,7439,465.31,238.33,226.98,1.2085974025974027,0.06255007393466863,0.5895584415584415,0.619038961038961,0.030512165613657747,0.03203790832101089
2022,BANOPHEN,Generic,Respiratory Tract Agents,"Antitussives/Cold Comb, NEC",35,934,63.269999999999996,0.0,63.269999999999996,1.8077142857142856,0.0677408993576017,1.8077142857142856,0.0,0.0677408993576017,0.0
2022,BANZEL,Brand,Central Nervous System,"Anticonvulsants, Misc",116,3936,226182.28999999998,214157.19999999998,12025.09,1949.8473275862068,57.46501270325203,103.66456896551725,1846.1827586206896,3.0551549796747968,54.40985772357723
2022,BAQSIMI,Brand,Hormones & Synthetic Subst,"Antidiabetic Agents, Misc",1583,27166,572947.53,480585.42,92362.11000000002,361.93779532533165,21.09061068983288,58.34624763108024,303.5915476942514,3.399915703452846,17.690694986380034
2022,BARACLUDE,Brand,Anti-Infective Agents,"Antivirals, NEC",34,1548,43395.94,41437.56,1958.38,1276.3511764705884,28.033552971576228,57.599411764705884,1218.7517647058824,1.2651033591731267,26.7684496124031
2022,BASAGLAR KWIKPEN,Brand,Hormones & Synthetic Subst,"Antidiabetic Agents, Insulins",1960,97016,474411.30999999994,304559.45999999996,169851.84999999998,242.04658673469385,4.890031644264863,86.65910714285712,155.38747959183672,1.7507612146450067,3.139270429619856
2022,"BASE, PCCA MUCOLOX",Brand,Pharmaceutical Aids/Adjuvants,"Pharmaceutical Aids/Adjuv, NEC",24,665,13628.98,11943.98,1685.0,567.8741666666666,20.494706766917293,70.20833333333333,497.6658333333333,2.5338345864661656,17.960872180451126
2022,"BASE, PCCA PLASTICIZED",Brand,Pharmaceutical Aids/Adjuvants,"Pharmaceutical Aids/Adjuv, NEC",29,760,4843.84,3125.6899999999996,1718.15,167.02896551724137,6.373473684210526,59.24655172413794,107.78241379310343,2.2607236842105265,4.112749999999999
2022,"BASE, PCCA VERSABASE",Brand,Pharmaceutical Aids/Adjuvants,"Pharmaceutical Aids/Adjuv, NEC",158,5325,16216.59,8308.240000000002,7908.35,102.63664556962026,3.045369014084507,50.05284810126582,52.58379746835444,1.4851361502347418,1.5602328638497656
2022,BASIC'S NATURAL VITAMIN D-3,Generic,Vitamins & Comb,"Vitamin D, NEC",14,451,10.95,5.44,5.51,0.7821428571428571,0.024279379157427936,0.39357142857142857,0.3885714285714286,0.012217294900221729,0.01206208425720621
2022,BASIC'S PRENATAL VITAMINS,Brand,Vitamins & Comb,"Multivit Prep,Vitamin Prenatal",12,750,35.17,23.709999999999997,11.46,2.9308333333333336,0.046893333333333335,0.9550000000000001,1.975833333333333,0.015280000000000002,0.03161333333333333
2022,BAYER ASPIRIN CHILDREN'S,Generic,Central Nervous System,"Analg/Antipyr, Salicylates",126,7663,259.75,259.75,0.0,2.0615079365079363,0.033896646222106225,0.0,2.0615079365079363,0.0,0.033896646222106225
2022,BAYER CONTOUR BLOOD GLUCOSE TEST STRIPS,Brand,Diagnostic Agents,Diabetes Mell/Diab Supply NEC,24,1270,4225.96,2738.01,1487.95,176.08166666666668,3.327527559055118,61.99791666666667,114.08375000000001,1.1716141732283465,2.155913385826772
2022,BD ALCOHOL,Brand,Devices & Non-Drug Items,"Devices & Non-Drug Items, NEC",245,9354,376.59000000000003,120.44,256.15000000000003,1.5371020408163267,0.040259781911481725,1.0455102040816329,0.49159183673469387,0.027384006841992735,0.012875775069488988
2022,BD AUTOSHIELD DUO PEN,Brand,Diagnostic Agents,Diabetes Mell/Diab Supply NEC,123,5541,7638.43,3357.1399999999994,4281.29,62.101056910569106,1.3785291463634723,34.80723577235772,27.293821138211378,0.7726565601876918,0.6058725861757804
2022,BD BLUNT FILL NEEDLE,Brand,Devices & Non-Drug Items,"Devices & Non-Drug Items, NEC",18,954,34.260000000000005,0.0,34.26,1.9033333333333335,0.0359119496855346,1.9033333333333333,0.0,0.035911949685534586,0.0
2022,BD BULK NEEDLES REGULAR BEVEL,Brand,Devices & Non-Drug Items,"Devices & Non-Drug Items, NEC",33,1328,19.82,0.51,19.31,0.6006060606060606,0.014924698795180723,0.5851515151515151,0.015454545454545455,0.014540662650602408,0.0003840361445783133
2022,BD ECLIPSE,Brand,Devices & Non-Drug Items,"Devices & Non-Drug Items, NEC",23,1381,35.33,1.05,34.28,1.536086956521739,0.02558291093410572,1.4904347826086957,0.04565217391304348,0.024822592324402606,0.0007603186097031137
2022,BD ECLIPSE INJECTION NEEDLE,Brand,Devices & Non-Drug Items,"Devices & Non-Drug Items, NEC",22,658,31.740000000000002,3.33,28.410000000000004,1.4427272727272729,0.0482370820668693,1.2913636363636365,0.15136363636363637,0.043176291793313074,0.005060790273556231
2022,BD ECLIPSE NEEDLE WITH SYRINGE,Brand,Devices & Non-Drug Items,"Devices & Non-Drug Items, NEC",50,2547,71.18,0.0,71.18,1.4236000000000002,0.027946603847663922,1.4236000000000002,0.0,0.027946603847663922,0.0
2022,BD INSULIN LO-DOSE BLISTER PACKAGE,Brand,Devices & Non-Drug Items,"Devices & Non-Drug Items, NEC",29,926,204.20999999999998,102.71,101.5,7.041724137931034,0.2205291576673866,3.5,3.5417241379310345,0.10961123110151189,0.11091792656587472
2022,BD INSULIN SYRINGE BLISTER PACKAGE,Brand,Devices & Non-Drug Items,"Devices & Non-Drug Items, NEC",15,956,361.18,19.7,341.48,24.078666666666667,0.3778033472803347,22.765333333333334,1.3133333333333332,0.3571966527196653,0.020606694560669454
2022,BD INSULIN SYRINGE SELF-CONTAINED,Brand,Devices & Non-Drug Items,"Devices & Non-Drug Items, NEC",19,910,299.22999999999996,230.1,69.13,15.748947368421051,0.3288241758241758,3.638421052631579,12.110526315789473,0.07596703296703296,0.25285714285714284
2022,BD INSULIN SYRINGES,Brand,Devices & Non-Drug Items,"Devices & Non-Drug Items, NEC",801,39204,39942.08000000001,20208.2,19733.879999999997,49.86526841448191,1.0188266503418022,24.6365543071161,25.228714107365793,0.5033639424548515,0.5154627078869504
2022,BD INSULIN SYRINGES,Other,Devices & Non-Drug Items,"Devices & Non-Drug Items, NEC",18,546,1266.46,1161.46,105.0,70.35888888888888,2.3195238095238095,5.833333333333333,64.52555555555556,0.19230769230769232,2.1272161172161175
2022,BD INSULIN SYRINGES WITH THE BD ULTRA-FINE NEEDLE,Brand,Devices & Non-Drug Items,"Devices & Non-Drug Items, NEC",13,600,440.64000000000004,18.0,422.64000000000004,33.89538461538462,0.7344,32.510769230769235,1.3846153846153846,0.7044,0.03
2022,BD INSULIN W/DETACHABLE NEEDLE,Brand,Devices & Non-Drug Items,"Devices & Non-Drug Items, NEC",258,12707,528.63,81.22,447.40999999999997,2.048953488372093,0.04160147949948847,1.7341472868217054,0.3148062015503876,0.03520972692216888,0.006391752577319588
2022,BD INTEGRA SYRINGE,Brand,Devices & Non-Drug Items,"Devices & Non-Drug Items, NEC",573,28251,1842.2399999999998,266.46000000000004,1575.78,3.2150785340314134,0.06520972708930657,2.7500523560209422,0.46502617801047125,0.05577784857173197,0.0094318785175746
2022,BD INTEGRA SYRINGE WITH DETACHABLE NEEDLE,Brand,Devices & Non-Drug Items,"Devices & Non-Drug Items, NEC",105,4331,240.82999999999998,2.18,238.64999999999998,2.2936190476190474,0.055606095589933034,2.2728571428571427,0.020761904761904763,0.055102747633341026,0.0005033479565920111
2022,BD LUER-LOK DISPOSABLE SYRINGE W/BD LUER-LOK TIP,Brand,Devices & Non-Drug Items,"Devices & Non-Drug Items, NEC",147,5849,229.44,28.1,201.34,1.5608163265306123,0.039227218327919304,1.3696598639455781,0.19115646258503402,0.034422978286886646,0.004804240041032655
2022,BD NANO 2ND GEN PEN NEEDLE,Brand,Diagnostic Agents,Diabetes Mell/Diab Supply NEC,11014,671752,598678.85,274332.43,324346.42,54.35616942073724,0.8912200484702687,29.448558198656254,24.907611222080988,0.48283655277542903,0.4083834956948397
2022,BD NANO 2ND GEN PEN NEEDLE,Other,Diagnostic Agents,Diabetes Mell/Diab Supply NEC,182,8787,12342.16,9956.66,2385.5,67.81406593406594,1.4045931489700694,13.107142857142858,54.706923076923076,0.2714805963354956,1.1331125526345738
2022,BD NEEDLES,Brand,Devices & Non-Drug Items,"Devices & Non-Drug Items, NEC",102,3095,223.52,13.649999999999999,209.87,2.191372549019608,0.07221970920840065,2.057549019607843,0.1338235294117647,0.06780936995153473,0.004410339256865912
2022,BD NEEDLES REGULAR BEVEL,Brand,Devices & Non-Drug Items,"Devices & Non-Drug Items, NEC",2178,97207,2492.71,113.62,2379.09,1.1444949494949495,0.02564331786805477,1.0923278236914602,0.05216712580348944,0.02447447200304505,0.0011688458650097216
2022,BD NEEDLES REGULAR BEVEL,Other,Devices & Non-Drug Items,"Devices & Non-Drug Items, NEC",61,3024,77.51,34.17,43.34,1.2706557377049181,0.02563161375661376,0.7104918032786885,0.5601639344262296,0.014332010582010583,0.011299603174603176
2022,BD POSIFLUSH,Generic,"Electrolytic, Caloric, Water","Repl Preps, Sodium Chlor Preps",38,600,489.42999999999995,224.96,264.47,12.879736842105261,0.8157166666666665,6.959736842105264,5.92,0.44078333333333336,0.37493333333333334
2022,BD PRECISIONGLIDE NEEDLE,Brand,Devices & Non-Drug Items,"Devices & Non-Drug Items, NEC",780,37248,682.94,44.29,638.6500000000001,0.8755641025641027,0.018334944158075604,0.8187820512820514,0.05678205128205128,0.01714588702749141,0.0011890571305841924
2022,BD PRECISIONGLIDE NEEDLE,Other,Devices & Non-Drug Items,"Devices & Non-Drug Items, NEC",21,992,16.89,8.05,8.84,0.8042857142857143,0.017026209677419354,0.42095238095238097,0.38333333333333336,0.008911290322580645,0.00811491935483871
2022,BD SAFETY GLIDE TB,Brand,Devices & Non-Drug Items,"Devices & Non-Drug Items, NEC",112,4950,884.91,152.59,732.32,7.900982142857143,0.17876969696969697,6.538571428571429,1.3624107142857143,0.14794343434343435,0.03082626262626263
2022,BD SAFETY-LOK W/ATTACHED NEEDLE,Brand,Devices & Non-Drug Items,"Devices & Non-Drug Items, NEC",11,550,19.23,0.0,19.23,1.7481818181818183,0.03496363636363636,1.7481818181818183,0.0,0.03496363636363636,0.0
2022,BD SAFETYGLIDE,Brand,Devices & Non-Drug Items,"Devices & Non-Drug Items, NEC",700,33345,2213.71,199.57,2014.1400000000003,3.162442857142857,0.06638806417753786,2.8773428571428576,0.28509999999999996,0.060403058929374726,0.005985005248163143
2022,BD SAFETYGLIDE INSULIN,Brand,Diagnostic Agents,Diabetes Mell/Diab Supply NEC,21,1363,931.24,210.85999999999999,720.38,44.3447619047619,0.6832281731474689,34.30380952380953,10.04095238095238,0.528525311812179,0.1547028613352898
2022,BD SPECIALTY USE NEEDLES,Brand,Devices & Non-Drug Items,"Devices & Non-Drug Items, NEC",18,680,68.97,6.58,62.39,3.8316666666666666,0.1014264705882353,3.466111111111111,0.3655555555555556,0.09175,0.009676470588235295
2022,BD SYRINGE CONVENIENCE PAK TRAY,Brand,Devices & Non-Drug Items,"Devices & Non-Drug Items, NEC",24,1260,59.51,8.5,51.01,2.4795833333333333,0.047230158730158726,2.1254166666666667,0.3541666666666667,0.040484126984126984,0.006746031746031746
2022,BD SYRINGE LUER-LOK,Brand,Devices & Non-Drug Items,"Devices & Non-Drug Items, NEC",797,41649,1891.63,71.28,1820.3500000000001,2.3734378920953576,0.045418377392014216,2.2840025094102887,0.08943538268506901,0.04370693173905736,0.0017114456529568538
2022,BD SYRINGE SLIP TIP,Brand,Devices & Non-Drug Items,"Devices & Non-Drug Items, NEC",83,3682,128.44,5.81,122.63,1.5474698795180724,0.034883215643671917,1.4774698795180723,0.06999999999999999,0.03330526887561108,0.0015779467680608365
2022,BD SYRINGE/NEEDLE COMBO LUER-LOK,Brand,Devices & Non-Drug Items,"Devices & Non-Drug Items, NEC",3507,153154,6274.420000000001,287.26000000000005,5987.160000000002,1.7891132021670946,0.04096804523551459,1.7072027373823786,0.0819104647847163,0.03909241678310721,0.0018756284524073811
2022,BD TUBERCULIN W/DETACHABLE NEEDLE,Brand,Devices & Non-Drug Items,"Devices & Non-Drug Items, NEC",396,18706,654.01,41.38,612.63,1.651540404040404,0.03496257885170533,1.5470454545454546,0.1044949494949495,0.03275045439965786,0.0022121244520474717
2022,BD ULTRA-FINE,Brand,Devices & Non-Drug Items,"Devices & Non-Drug Items, NEC",1123,66068,36979.56,13779.07,23200.489999999998,32.929260908281385,0.5597196827511048,20.659385574354406,12.269875333926981,0.3511607737482593,0.20855890900284554
2022,BD ULTRA-FINE MICRO PEN NEEDLE,Brand,Diagnostic Agents,Diabetes Mell/Diab Supply NEC,1137,75952,52557.68,21346.290000000005,31211.390000000003,46.224872471416006,0.6919854645038972,27.450650835532105,18.774221635883908,0.4109357225616179,0.2810497419422794
2022,BD ULTRA-FINE MINI PEN NEEDLE,Brand,Diagnostic Agents,Diabetes Mell/Diab Supply NEC,511,42723,22115.020000000004,6746.610000000001,15368.410000000002,43.277925636007836,0.5176373382019054,30.075166340508808,13.202759295499023,0.3597221637057323,0.15791517449617304
2022,BD ULTRA-FINE MINI PEN NEEDLE,Other,Diagnostic Agents,Diabetes Mell/Diab Supply NEC,12,852,744.12,574.12,170.0,62.01,0.8733802816901408,14.166666666666666,47.843333333333334,0.19953051643192488,0.6738497652582159
2022,BD ULTRA-FINE NANO PEN NEEDLE,Brand,Diagnostic Agents,Diabetes Mell/Diab Supply NEC,3547,236066,159803.00999999995,61006.70000000001,98796.31,45.0530053566394,0.6769420839934592,27.853484634902735,17.199520721736683,0.4185113908822109,0.2584306931112486
2022,BD ULTRA-FINE NANO PEN NEEDLE,Other,Diagnostic Agents,Diabetes Mell/Diab Supply NEC,60,3334,3321.46,2608.75,712.71,55.35766666666667,0.99623875224955,11.8785,43.479166666666664,0.21377024595080985,0.7824685062987402
2022,BD ULTRA-FINE ORIGINAL PEN,Brand,Diagnostic Agents,Diabetes Mell/Diab Supply NEC,62,5467,2867.6000000000004,1137.98,1729.6200000000001,46.25161290322581,0.524528992134626,27.89709677419355,18.35451612903226,0.3163746113041888,0.20815438083043716
2022,BD ULTRA-FINE PEN,Brand,Diagnostic Agents,Diabetes Mell/Diab Supply NEC,9087,529183,506161.4399999999,250357.25999999998,255804.18000000002,55.70171013535819,0.9564960325634041,28.150564542753386,27.55114559260482,0.4833945534909474,0.4731014790724569
2022,BD ULTRA-FINE PEN,Other,Diagnostic Agents,Diabetes Mell/Diab Supply NEC,239,10341,14256.65,11393.26,2863.39,59.65125523012552,1.3786529349192533,11.98071129707113,47.6705439330544,0.27689681848950776,1.1017561164297458
2022,BD ULTRA-FINE SHORT,Brand,Devices & Non-Drug Items,"Devices & Non-Drug Items, NEC",1958,98039,72811.0,29939.05,42871.950000000004,37.186414708886616,0.7426738338824346,21.895786516853935,15.290628192032687,0.4372948520486746,0.30537898183376
2022,BD ULTRA-FINE SHORT,Other,Devices & Non-Drug Items,"Devices & Non-Drug Items, NEC",26,957,912.36,588.92,323.44,35.09076923076923,0.9533542319749216,12.44,22.650769230769228,0.33797283176593523,0.6153814002089864
2022,BD ULTRA-FINE SHORT PEN NEEDLE,Brand,Diagnostic Agents,Diabetes Mell/Diab Supply NEC,593,49490,29327.369999999995,10091.58,19235.789999999997,49.45593591905564,0.5925918367346937,32.43809443507588,17.017841483979765,0.3886803394625176,0.2039114972721762
2022,BD ULTRA-FINE SHORT PEN NEEDLE,Other,Diagnostic Agents,Diabetes Mell/Diab Supply NEC,18,1526,1957.74,1454.22,503.52,108.76333333333334,1.2829226736566186,27.973333333333333,80.79,0.32996068152031455,0.9529619921363041
2022,BELBUCA,Brand,Central Nervous System,"Analg/Antipyr,OpiatePart Agnst",499,14274,263502.69,231770.15,31732.54,528.061503006012,18.460325767129046,63.59226452905812,464.4692384769539,2.2231007426089393,16.237225024520107
2022,BELLADONNA/OPIUM,Brand,Central Nervous System,"Analg/Antipyr, Opiate Agonists",26,382,15845.8,15050.800000000001,795.0,609.4538461538461,41.48115183246073,30.576923076923077,578.8769230769232,2.081151832460733,39.400000000000006
2022,BELSOMRA,Brand,Central Nervous System,Anxiolytic/Sedative/Hypnot NEC,504,15512,135803.02,85633.04000000001,50169.98,269.4504365079365,8.754707323362558,99.54361111111112,169.9068253968254,3.234268953068592,5.520438370293967
2022,BENAZEPRIL HCL/HYDROCHLOROTHIAZIDE,Brand,Cardiovascular Agents,"Cardiac, ACE Inhibitors",19,930,1803.87,1412.37,391.5,94.94052631578947,1.9396451612903225,20.605263157894736,74.33526315789473,0.42096774193548386,1.5186774193548387
2022,BENAZEPRIL HCL/HYDROCHLOROTHIAZIDE,Generic,Cardiovascular Agents,"Cardiac, ACE Inhibitors",301,18874,18952.41,8059.43,10892.980000000001,62.96481727574751,1.004154392285684,36.1893023255814,26.775514950166112,0.5771421002437216,0.4270122920419625
2022,BENAZEPRIL HYDROCHLORIDE,Generic,Cardiovascular Agents,"Cardiac, ACE Inhibitors",1875,134467,23978.59,4577.65,19400.940000000002,12.788581333333333,0.17832323172228132,10.347168000000002,2.441413333333333,0.14428030669234831,0.034042925029932995
2022,BENEFIX,Brand,Blood Form/Coagul Agents,"Coag/Anticoag, Hemostatics",18,288,321850.87,317825.87,4025.0,17880.603888888887,1117.5377430555554,223.61111111111111,17656.992777777778,13.975694444444445,1103.562048611111
2022,BENICAR,Brand,Cardiovascular Agents,"Cardiac Drugs, NEC",31,1980,11349.88,7403.64,3946.24,366.1251612903226,5.732262626262626,127.29806451612903,238.82709677419356,1.993050505050505,3.7392121212121214
2022,BENICAR HCT,Brand,Cardiovascular Agents,"Cardiac Drugs, NEC",29,2040,8525.53,3964.1200000000003,4561.41,293.9837931034483,4.17918137254902,157.29,136.6937931034483,2.235985294117647,1.9431960784313727
2022,BENLYSTA,Brand,Misc Therapeutic Agents,Biological Response Modifiers,627,17626,2683841.4400000004,2601965.7400000007,81875.7,4280.448867623605,152.2660524225576,130.58325358851675,4149.865614035089,4.645166231703166,147.62088619085446
2022,BENZONATATE,Generic,Respiratory Tract Agents,"Antitussives/Cold Comb, NEC",48721,520003,239736.64,27245.68,212490.96000000002,4.920601793887646,0.4610293402153449,4.3613833870404966,0.5592184068471501,0.40863410403401523,0.05239523618132973
2022,BENZOYL PEROXIDE,Generic,Skin & Mucous Membrane,"Antiinf S/MM, Antiinf Loc Misc",80,2592,900.5,103.49,797.0100000000001,11.25625,0.3474151234567901,9.962625000000001,1.293625,0.30748842592592596,0.0399266975308642
2022,BENZOYL PEROXIDE WASH,Generic,Skin & Mucous Membrane,"Antiinf S/MM, Antiinf Loc Misc",26,844,257.24,28.72,228.51999999999998,9.893846153846154,0.3047867298578199,8.789230769230768,1.1046153846153846,0.2707582938388625,0.034028436018957345
2022,BENZTROPINE MESYLATE,Generic,Autonomic Drugs,Antichol/Antiparkinsonian Agnt,2639,113021,27706.18,5822.4,21883.78,10.498741947707465,0.24514187628847736,8.292451686244789,2.206290261462675,0.1936257863582874,0.05151608993018996
2022,BEPOTASTINE BESILATE,Generic,"Eye, Ear, Nose Throat",Antiallergic Agents,34,1136,7100.67,5677.79,1422.88,208.84323529411765,6.250589788732395,41.849411764705884,166.99382352941177,1.2525352112676058,4.998054577464789
2022,BESIVANCE,Brand,"Eye, Ear, Nose Throat","Antiinfect, Antibiotics EENT",21,763,4193.9800000000005,2731.3700000000003,1462.6100000000001,199.71333333333337,5.496697247706423,69.64809523809524,130.0652380952381,1.9169200524246397,3.5797771952817827
2022,BESREMI,Brand,Antineoplastic Agents,"Interferons, Antineoplastic",29,812,335077.42,328291.5,6785.92,11554.393793103447,412.656921182266,233.99724137931034,11320.396551724138,8.35704433497537,404.29987684729065
2022,BETAHISTINE HCL,Brand,Pharmaceutical Aids/Adjuvants,"Pharmaceutical Aids/Adjuv, NEC",12,360,1484.4,944.4,540.0,123.7,4.123333333333334,45.0,78.7,1.5,2.623333333333333
2022,BETAMETHASONE DIPROPIONATE,Generic,Skin & Mucous Membrane,Antiinflam S/MM Agnts&Comb NEC,13827,355705,719633.8600000001,405402.36,314231.5,52.04555290373907,2.023119888671793,22.72593476531424,29.31961813842482,0.8834047876751803,1.1397151009966122
2022,BETAMETHASONE DIPROPIONATE AUGMENTED,Brand,Skin & Mucous Membrane,Antiinflam S/MM Agnts&Comb NEC,34,932,3884.95,3101.44,783.51,114.26323529411764,4.168401287553648,23.04441176470588,91.21882352941176,0.8406759656652361,3.327725321888412
2022,BETAMETHASONE DIPROPIONATE AUGMENTED,Generic,Skin & Mucous Membrane,Antiinflam S/MM Agnts&Comb NEC,4514,114749,109738.46000000002,49901.99,59836.47,24.310691182986268,0.956334782873925,13.255753212228623,11.054937970757642,0.5214552632266948,0.43487951964723004
2022,BETAMETHASONE VALERATE,Generic,Skin & Mucous Membrane,Antiinflam S/MM Agnts&Comb NEC,3430,83994,144335.27000000002,74130.38,70204.89,42.08025364431487,1.718399766649999,20.467897959183674,21.612355685131195,0.8358322023001643,0.8825675643498345
2022,BETASERON,Brand,Misc Therapeutic Agents,Biological Response Modifiers,78,2352,648802.6900000001,617380.77,31421.92,8317.983205128206,275.85148384353744,402.84512820512816,7915.138076923077,13.359659863945577,262.49182397959186
2022,BETAXOLOL,Generic,Cardiovascular Agents,"Cardiac, Beta Blockers",165,11098,9796.849999999999,4103.2699999999995,5693.579999999999,59.37484848484848,0.8827581546224543,34.506545454545446,24.86830303030303,0.513027572535592,0.36973058208686244
2022,BETAXOLOL HCL,Generic,"Eye, Ear, Nose Throat","Eye/Ear/Nose/Throat Misc, NEC",33,1521,3528.1799999999994,1701.57,1826.6100000000001,106.91454545454543,2.319644970414201,55.35181818181819,51.56272727272727,1.2009270216962527,1.1187179487179486
2022,BETHANECHOL CHLORIDE,Generic,Autonomic Drugs,"Parasympathomimetic, NEC",236,10917,17005.52,9548.749999999998,7456.77,72.05728813559323,1.5577099935879821,31.59648305084746,40.46080508474576,0.6830420445177247,0.8746679490702572
2022,BETIMOL,Brand,"Eye, Ear, Nose Throat","Eye/Ear/Nose/Throat Misc, NEC",63,3359,14632.619999999999,8787.6,5845.02,232.2638095238095,4.356242929443287,92.77809523809525,139.4857142857143,1.7401071747543913,2.6161357546888957
2022,BETOPTIC S,Brand,"Eye, Ear, Nose Throat","Eye/Ear/Nose/Throat Misc, NEC",24,1432,7204.92,2680.6,4524.32,300.205,5.031368715083799,188.51333333333332,111.69166666666666,3.1594413407821227,1.871927374301676
2022,BEVESPI AEROSPHERE,Brand,Autonomic Drugs,Antichol/Antimuscarin/Antispas,47,1800,19403.710000000003,15730.1,3673.61,412.84489361702134,10.779838888888891,78.16191489361702,334.6829787234043,2.0408944444444446,8.738944444444444
2022,BEXAROTENE,Generic,Antineoplastic Agents,Chemotherapy,39,1180,586834.22,586834.22,0.0,15047.03128205128,497.3171355932203,0.0,15047.03128205128,0.0,497.3171355932203
2022,BEXSERO,Brand,"Serums, Toxoids, Vaccines","Vaccines, NEC",160,524,23329.51,23329.51,0.0,145.8094375,44.52196564885496,0.0,145.8094375,0.0,44.52196564885496
2022,BEYAZ,Brand,Hormones & Synthetic Subst,"Contraceptive, Oral Comb, NEC",59,4235,20921.03,18374.01,2547.02,354.5937288135593,4.940030696576151,43.169830508474575,311.4238983050847,0.6014214876033058,4.338609208972845
2022,BHRT BASE,Brand,Pharmaceutical Aids/Adjuvants,"Pharmaceutical Aids/Adjuv, NEC",19,624,3038.85,1930.3400000000001,1108.51,159.93947368421053,4.869951923076923,58.34263157894737,101.59684210526316,1.7764583333333333,3.09349358974359
2022,BIAFINE,Brand,Skin & Mucous Membrane,Emoll/Moist/Demul/Protect S/MM,20,577,1546.45,1023.4,523.05,77.3225,2.680155979202773,26.152499999999996,51.17,0.9064991334488735,1.7736568457538995
2022,BICALUTAMIDE,Generic,Antineoplastic Agents,Hormone-Modifying Therapy,344,17385,9648.800000000003,9207.94,440.86,28.048837209302334,0.5550071901064138,1.2815697674418605,26.767267441860465,0.025358642507909118,0.5296485475985044
2022,BICILLIN L-A,Brand,Anti-Infective Agents,"Antibiot, Penicillins",82,1828,52212.979999999996,46694.53999999999,5518.44,636.7436585365854,28.562899343544856,67.2980487804878,569.4456097560975,3.0188402625820565,25.544059080962796
2022,BIJUVA,Brand,Hormones & Synthetic Subst,"Estrogens & Comb, NEC",73,2964,19221.109999999997,11771.150000000001,7449.96,263.3028767123287,6.484854925775977,102.05424657534246,161.24863013698632,2.5134817813765182,3.9713731443994607
2022,BIKTARVY,Brand,Anti-Infective Agents,"Antivirals, NEC",8005,344002,30888040.57,30157995.050000004,730045.52,3858.5934503435356,89.79029357387458,91.1986908182386,3767.394759525297,2.1222130103894745,87.6680805634851
2022,BIMATOPROST,Generic,"Eye, Ear, Nose Throat","Eye/Ear/Nose/Throat Misc, NEC",406,19290,62751.20999999999,42419.189999999995,20332.019999999997,154.5596305418719,3.2530435458786933,50.07886699507388,104.48076354679802,1.0540186625194399,2.1990248833592534
2022,BIOTIN,Brand,Pharmaceutical Aids/Adjuvants,"Pharmaceutical Aids/Adjuv, NEC",26,364,9360.0,7650.0,1710.0,360.0,25.714285714285715,65.76923076923077,294.2307692307692,4.697802197802198,21.016483516483518
2022,BISACODYL,Brand,Pharmaceutical Aids/Adjuvants,"Pharmaceutical Aids/Adjuv, NEC",18,245,394.41,322.36,72.05,21.91166666666667,1.6098367346938776,4.002777777777777,17.90888888888889,0.2940816326530612,1.3157551020408165
2022,BISACODYL,Generic,Gastrointestinal Drugs,"Cath&Lax, Laxatives, Stimulant",999,9767,808.4,298.92999999999995,509.46999999999997,0.8092092092092091,0.08276850619432784,0.5099799799799799,0.2992292292292292,0.05216238353639807,0.03060612265792976
2022,BISOPROLOL FUMARATE,Generic,Cardiovascular Agents,"Cardiac, Beta Blockers",2569,169393,104708.39,42871.55,61836.84,40.75842351109381,0.6181388250990301,24.070393149085245,16.688030362008565,0.3650495593088262,0.25308926579020385
2022,BISOPROLOL FUMARATE/HYDROCHLOROTHIAZIDE,Generic,Cardiovascular Agents,"Cardiac, Beta Blockers",1178,82853,36798.969999999994,13047.95,23751.02,31.238514431239384,0.4441477073853692,20.16215619694397,11.076358234295416,0.28666457460804073,0.15748313277732853
2022,BISOPROLOL/HCTZ,Generic,Cardiovascular Agents,"Cardiac, Beta Blockers",46,2680,1547.88,734.47,813.41,33.649565217391306,0.5775671641791045,17.68282608695652,15.966739130434783,0.3035111940298507,0.27405597014925376
2022,BITTER STOP FLAVOR,Brand,Pharmaceutical Aids/Adjuvants,"Pharmaceutical Aids/Adjuv, NEC",13,390,2288.81,581.38,1707.4299999999998,176.06230769230768,5.868743589743589,131.3407692307692,44.72153846153846,4.378025641025641,1.4907179487179487
2022,BLISOVI 24 FE,Generic,Hormones & Synthetic Subst,"Contraceptive, Oral Comb, NEC",726,52847,56733.5,56733.5,0.0,78.14531680440771,1.0735424905860314,0.0,78.14531680440771,0.0,1.0735424905860314
2022,BLISOVI FE 1.5/30,Generic,Hormones & Synthetic Subst,"Contraceptive, Oral Comb, NEC",711,46855,18346.260000000002,18346.260000000002,0.0,25.803459915611818,0.39155394301568675,0.0,25.803459915611818,0.0,0.39155394301568675
2022,BLISOVI FE 1/20,Generic,Hormones & Synthetic Subst,"Contraceptive, Oral Comb, NEC",4287,290697,99891.13,99819.85,71.28,23.30094005131794,0.3436262844129799,0.016627011896431072,23.28431303942151,0.0002452037688727438,0.3433810806441071
2022,BONJESTA,Brand,Antihistamines & Comb.,"Antihistamines & Comb, NEC",64,1733,19773.360000000004,13664.699999999999,6108.66,308.95875000000007,11.40990190421235,95.4478125,213.51093749999998,3.5249047893825733,7.884997114829774
2022,BOOSTRIX,Brand,"Serums, Toxoids, Vaccines","Serums/Toxoids/Vaccines, NEC",8317,13417,378251.61,378251.61,0.0,45.47933269207647,28.19196616233137,0.0,45.47933269207647,0.0,28.19196616233137
2022,BOSENTAN,Generic,Cardiovascular Agents,"Vasodilating Agents, NEC",12,360,17339.89,17159.89,180.0,1444.9908333333333,48.16636111111111,15.0,1429.9908333333333,0.5,47.66636111111111
2022,BOSULIF,Brand,Antineoplastic Agents,Molecular Targeted Therapy,140,4175,1862589.7199999997,1862589.7199999997,0.0,13304.212285714284,446.12927425149695,0.0,13304.212285714284,0.0,446.12927425149695
2022,BOTOX,Brand,"Serums, Toxoids, Vaccines","Toxins, NEC",1976,149494,2200419.09,1734306.5499999998,466112.54000000004,1113.5724139676113,14.719113074772231,235.88691295546562,877.6855010121457,3.117934766612707,11.601178308159524
2022,BP WASH,Generic,Skin & Mucous Membrane,"Antiinf S/MM, Antiinf Loc Misc",14,415,1588.3899999999999,1072.77,515.62,113.45642857142856,3.82744578313253,36.83,76.62642857142858,1.2424578313253012,2.584987951807229
2022,BRAFTOVI,Brand,Antineoplastic Agents,Molecular Targeted Therapy,61,1820,821681.38,797127.28,24554.1,13470.18655737705,451.47328571428574,402.5262295081967,13067.660327868853,13.491263736263736,437.982021978022
2022,BREO ELLIPTA,Brand,Hormones & Synthetic Subst,"Adrenals & Comb, NEC",6026,220687,2547049.7099999995,2228755.11,318294.6,422.67668602721534,11.541457856602335,52.820212412877524,369.85647361433786,1.4422897587986605,10.099168097803677
2022,BREXAFEMME,Brand,Anti-Infective Agents,"Antibiot, Antifungals",26,85,9381.26,7792.749999999999,1588.51,360.8176923076923,110.36776470588235,61.09653846153846,299.7211538461538,18.688352941176472,91.67941176470588
2022,BREZTRI AEROSPHERE,Brand,Hormones & Synthetic Subst,"Adrenals & Comb, NEC",824,29826,435108.41,353788.32999999996,81320.08,528.0441868932038,14.588225373834907,98.68941747572816,429.35476941747567,2.7264829343525783,11.86174243948233
2022,BRIELLYN,Generic,Hormones & Synthetic Subst,"Contraceptive, Oral Comb, NEC",21,1484,1340.75,1340.75,0.0,63.845238095238095,0.9034703504043127,0.0,63.845238095238095,0.0,0.9034703504043127
2022,BRILINTA,Brand,Blood Form/Coagul Agents,"Antiplatelet Agents, NEC",2271,109534,1303782.6099999999,1096000.5999999999,207782.00999999998,574.100664905328,11.902994595285481,91.49361955085864,482.60704535446934,1.8969635912136869,10.006031004071794
2022,BRIMONIDINE TARTRATE,Generic,"Eye, Ear, Nose Throat","Eye/Ear/Nose/Throat Misc, NEC",4947,254208,230328.08999999997,145442.95999999996,84885.12999999998,46.55914493632504,0.9060615322885195,17.158910450778244,29.40023448554679,0.3339199789149042,0.5721415533736152
2022,BRIMONIDINE TARTRATE-TIMOLOL MALEATE,Brand,"Eye, Ear, Nose Throat","Eye/Ear/Nose/Throat Misc, NEC",74,2991,18504.07,13144.6,5359.47,250.055,6.186583082581077,72.42527027027027,177.62972972972975,1.7918655967903712,4.394717485790705
2022,BRIMONIDINE TARTRATE-TIMOLOL MALEATE,Generic,"Eye, Ear, Nose Throat","Eye/Ear/Nose/Throat Misc, NEC",639,30830,180528.74000000002,141833.8,38694.939999999995,282.5175899843506,5.855619202075901,60.555461658841935,221.9621283255086,1.255106714239377,4.6005124878365224
2022,BRINZOLAMIDE,Generic,"Eye, Ear, Nose Throat","Eye/Ear/Nose/Throat Misc, NEC",361,21551,139163.12999999998,110742.32999999999,28420.8,385.49343490304705,6.457386200176325,78.72797783933518,306.7654570637119,1.31876943065287,5.1386167695234555
2022,BRIVIACT,Brand,Central Nervous System,"Anticonvulsants, Misc",635,24209,824898.5100000001,738218.87,86679.64,1299.0527716535435,34.07404312445785,136.50337007874015,1162.5494015748031,3.580471725391383,30.49357139906646
2022,BROMFENAC,Generic,"Eye, Ear, Nose Throat","Antiinflam Agents EENT, NEC",432,13050,119799.69,103482.21000000002,16317.48,277.31409722222224,9.180052873563218,37.77194444444444,239.54215277777783,1.2503816091954023,7.929671264367817
2022,BROMOCRIPTINE MESYLATE,Generic,Central Nervous System,"CNS Agents, Misc.",519,30686,112648.28000000001,87096.34000000001,25551.940000000002,217.0487090558767,3.6709991527080756,49.23302504816956,167.81568400770715,0.832690477742293,2.838308674965783
2022,BROMPHENIRAMINE MALEATE-PSEUDOEPH HCL-DM HYDROBROM,Generic,Antihistamines & Comb.,"Antihistamines & Comb, NEC",426,4378,7758.639999999999,1461.7699999999998,6296.870000000001,18.21276995305164,1.772188213796254,14.781384976525823,3.431384976525821,1.4382983097304707,0.3338899040657834
2022,BROMPHENIRAMINE-PSEUDOEPHEDRINE-DEXTROMETHORPHAN,Generic,Antihistamines & Comb.,"Antihistamines & Comb, NEC",81,687,1580.9200000000003,364.90000000000003,1216.02,19.517530864197536,2.3011935953420672,15.012592592592592,4.504938271604939,1.7700436681222707,0.5311499272197963
2022,BROMSITE,Brand,"Eye, Ear, Nose Throat","Antiinflam Agents EENT, NEC",13,427,3302.95,2262.95,1040.0,254.0730769230769,7.735245901639344,80.0,174.0730769230769,2.4355971896955504,5.299648711943793
2022,BROVANA,Brand,Autonomic Drugs,"Sympathomimetic Agents, NEC",22,660,24348.16,23268.16,1080.0,1106.7345454545455,36.89115151515151,49.09090909090909,1057.6436363636365,1.6363636363636365,35.25478787878788
2022,BRUKINSA,Brand,Antineoplastic Agents,Molecular Targeted Therapy,105,3150,1463999.76,1463420.43,579.33,13942.854857142856,464.76182857142857,5.517428571428572,13937.337428571427,0.18391428571428572,464.57791428571426
2022,BUDESONIDE,Brand,Pharmaceutical Aids/Adjuvants,"Pharmaceutical Aids/Adjuv, NEC",21,630,1475.96,553.6300000000001,922.33,70.28380952380952,2.342793650793651,43.920476190476194,26.363333333333337,1.464015873015873,0.878777777777778
2022,BUDESONIDE,Generic,"Eye, Ear, Nose Throat","Antiinflam Agents EENT, NEC",2388,95560,1138714.4300000002,1044911.2600000001,93803.17000000001,476.8485887772195,11.916224675596485,39.28105946398661,437.5675293132329,0.9816154248639599,10.934609250732525
2022,BUDESONIDE,Generic,Hormones & Synthetic Subst,"Adrenals & Comb, NEC",8395,348685,1894146.2700000003,1611140.34,283005.93,225.6279058963669,5.43225624847642,33.71124836212031,191.91665753424658,0.8116378106313721,4.620618437845047
2022,BUDESONIDE-FORMOTEROL FUMARATE,Brand,Hormones & Synthetic Subst,"Adrenals & Comb, NEC",1109,39447,172026.57,73378.31000000001,98648.26,155.11863841298467,4.360954445204959,88.95244364292155,66.16619477006313,2.5007797804649274,1.8601746647400312
2022,BUDESONIDE-FORMOTEROL FUMARATE,Generic,Hormones & Synthetic Subst,"Adrenals & Comb, NEC",574,23363,189349.30999999997,162495.00999999998,26854.300000000003,329.8768466898954,8.104665924752814,46.78449477351917,283.0923519163763,1.1494371442023714,6.955228780550442
2022,"BUDESONIDE, EP (MICRONIZED)",Brand,Pharmaceutical Aids/Adjuvants,"Pharmaceutical Aids/Adjuv, NEC",35,1050,2198.13,521.71,1676.42,62.803714285714285,2.093457142857143,47.89771428571429,14.906,1.5965904761904763,0.4968666666666667
2022,BUMETANIDE,Generic,"Electrolytic, Caloric, Water","Diuretics, Loop Diuretics",892,49011,62366.240000000005,40490.53,21875.71,69.91730941704037,1.2724947460774112,24.524338565022422,45.39297085201794,0.4463428618065332,0.8261518842708779
2022,BUPRENORPHINE,Generic,Central Nervous System,"Analg/Antipyr,OpiatePart Agnst",2955,71862,237883.40999999997,187130.59,50752.81999999999,80.502,3.310280955164064,17.175235194585447,63.32676480541455,0.7062539311458071,2.604027024018257
2022,BUPRENORPHINE-NALOXONE,Generic,Central Nervous System,"Analg/Antipyr,OpiatePart Agnst",51578,1202103,7510067.05,6488145.679999999,1021921.37,145.60601516150297,6.247440568736622,19.81312516964597,125.79288999185697,0.8501113215756054,5.397329247161016
2022,BUPROPION HCL,Generic,Central Nervous System,"Psychother, Antidepressants",24759,1177398,579882.58,150751.46000000002,429131.12,23.421082434670218,0.4925119458330997,17.332328446221577,6.088753988448646,0.3644741370377731,0.12803780879532667
2022,BUPROPION HCL XL,Brand,Central Nervous System,"Psychother, Antidepressants",674,32027,283285.17,235345.5,47939.67,420.3044065281899,8.845198426327785,71.12710682492582,349.1772997032641,1.49685171886221,7.348346707465576
2022,BUPROPION HCL XL,Generic,Central Nervous System,"Psychother, Antidepressants",132098,7319417,3997347.4499999997,905344.1500000003,3092003.3000000003,30.26046912140986,0.5461292135698785,23.40688958197702,6.853579539432848,0.42243846743531627,0.1236907461345624
2022,BUPROPION HYDROCHLORIDE SR,Generic,Central Nervous System,"Psychother, Antidepressants",36885,2043380,833003.6400000001,272594.02999999997,560409.61,22.58380479869866,0.4076596815080896,15.193428493967737,7.390376304730919,0.27425618827628734,0.1334034932318022
2022,BUPROPION HYDROCHLORIDE XL,Generic,Central Nervous System,"Psychother, Antidepressants",19,990,589.5400000000001,212.01000000000002,377.53000000000003,31.028421052631582,0.5954949494949495,19.87,11.15842105263158,0.3813434343434344,0.21415151515151518
2022,BUSPIRONE HCL,Generic,Central Nervous System,Anxiolytic/Sedative/Hypnot NEC,46891,2154387,671060.9600000001,189357.45999999996,481703.5,14.311082297242542,0.31148580083336935,10.272834872363566,4.038247424878974,0.2235919080462331,0.08789389278713619
2022,BUTALBITAL-ACETAMINOPHEN,Generic,Central Nervous System,"Analgesics/Antipyretics, NEC",241,3639,20503.8,16139.96,4363.84,85.07800829875518,5.634460016488046,18.107219917012447,66.97078838174274,1.1991865897224512,4.435273426765595
2022,BUTALBITAL-ACETAMINOPHEN-CAFFEINE,Generic,Central Nervous System,"Analgesics/Antipyretics, NEC",17007,265990,363244.69999999995,166416.43999999997,196828.25999999998,21.358540600929025,1.3656329185307716,11.57336743693773,9.785173163991296,0.7399836835971276,0.625649234933644
2022,BUTALBITAL-APAP-CAFFEINE-CODEINE,Generic,Central Nervous System,"Analg/Antipyr, Opiate Agonists",701,10344,55738.11,45588.52000000001,10149.59,79.51228245363767,5.38844837587007,14.478730385164052,65.03355206847363,0.9812055297757154,4.407242846094356
2022,BUTALBITAL-ASPIRIN-CAFFEINE,Generic,Central Nervous System,"Analg/Antipyr, Salicylates",1004,14999,39315.53999999999,18143.7,21171.84,39.15890438247011,2.6212107473831585,21.087490039840638,18.07141434262948,1.4115501033402227,1.2096606440429363
2022,BUTALBITAL/ASPIRIN/CAFFEINE/CODEINE,Generic,Central Nervous System,"Analg/Antipyr, Opiate Agonists",68,796,2502.08,1497.0099999999998,1005.0699999999999,36.79529411764706,3.1433165829145726,14.780441176470587,22.014852941176468,1.262650753768844,1.8806658291457283
2022,BUTORPHANOL TARTRATE,Generic,Central Nervous System,"Analg/Antipyr,OpiatePart Agnst",66,1878,4483.24,3128.7199999999993,1354.52,67.92787878787878,2.387241746538871,20.523030303030303,47.40484848484847,0.7212566560170394,1.6659850905218314
2022,BYDUREON BCISE,Brand,Hormones & Synthetic Subst,"Antidiabetic Agents, Misc",720,33008,473861.74,411001.96,62859.78,658.1413055555555,14.35596643238003,87.30525,570.8360555555556,1.904380150266602,12.451586282113428
2022,BYETTA 5 MCG,Brand,Hormones & Synthetic Subst,"Antidiabetic Agents, Misc",56,2137,24572.039999999997,19612.6,4959.4400000000005,438.78642857142853,11.498380907814692,88.56142857142858,350.22499999999997,2.3207487131492748,9.177632194665419
2022,BYETTA 10 MCG,Brand,Hormones & Synthetic Subst,"Antidiabetic Agents, Misc",79,4922,64627.740000000005,57314.22,7313.5199999999995,818.0726582278481,13.130381958553434,92.57620253164556,725.4964556962026,1.4858837870784234,11.64449817147501
2022,BYSTOLIC,Brand,Cardiovascular Agents,"Cardiac, Beta Blockers",178,11955,24623.310000000005,10721.71,13901.599999999999,138.33320224719102,2.059666248431619,78.09887640449438,60.23432584269663,1.1628272689251358,0.8968389795064826
2022,C-LAX,Generic,Gastrointestinal Drugs,"Cath&Lax, Laxatives, Stimulant",14,155,4.140000000000001,0.91,3.2300000000000004,0.29571428571428576,0.026709677419354844,0.23071428571428573,0.065,0.020838709677419357,0.005870967741935484
2022,CABENUVA,Brand,Anti-Infective Agents,"Antivirals, NEC",172,7322,661181.58,648988.6,12192.98,3844.078953488372,90.30068014203769,70.88941860465115,3773.1895348837206,1.6652526632067741,88.63542747883092
2022,CABERGOLINE,Generic,Central Nervous System,"CNS Agents, Misc.",3333,180025,289368.76999999996,176232.89,113135.88000000002,86.81931293129311,1.6073810304124425,33.94415841584159,52.87515451545155,0.6284453825857521,0.9789356478266908
2022,CABOMETYX,Brand,Antineoplastic Agents,Molecular Targeted Therapy,234,6850,5319928.6,5308811.68,11116.92,22734.737606837607,776.631912408759,47.50820512820513,22687.2294017094,1.6229080291970803,775.009004379562
2022,CALCIPOTRIENE,Generic,Skin & Mucous Membrane,"S/MM Miscellaneous, NEC",2543,79159,449893.57,360015.37,89878.19999999998,176.91449862367284,5.683416541391377,35.343373967754616,141.5711246559182,1.135413534784421,4.5480030066069554
2022,CALCIPOTRIENE-BETAMETHASONE DIPROPIONATE,Generic,Skin & Mucous Membrane,Antiinflam S/MM Agnts&Comb NEC,392,11704,263836.53,247473.44000000003,16363.09,673.0523724489797,22.542423957621327,41.74257653061225,631.3097959183674,1.3980767259056732,21.144347231715656
2022,CALCITONIN-SALMON,Generic,Hormones & Synthetic Subst,"Parathyroid Hormones, NEC",201,9429,16052.36,8899.27,7153.089999999999,79.86248756218906,1.7024456464100117,35.58751243781094,44.27497512437811,0.7586265775798069,0.9438190688302047
2022,CALCITRIOL,Generic,Vitamins & Comb,"Vitamin D, NEC",3188,190496,106552.09,40105.87,66446.22000000002,33.422863864491845,0.5593403011086847,20.84260351317441,12.580260351317442,0.34880637913656987,0.2105339219721149
2022,CALCIUM,Generic,"Electrolytic, Caloric, Water","Repl Preps, Calcium Supp",59,3929,172.37,13.26,159.11,2.9215254237288137,0.04387121404937643,2.6967796610169494,0.22474576271186442,0.040496309493509804,0.003374904555866633
2022,CALCIUM 600 PLUS VITAMIN D,Generic,"Electrolytic, Caloric, Water","Repl Preps, Calcium Supp",30,1590,76.99000000000001,12.49,64.5,2.5663333333333336,0.04842138364779875,2.15,0.41633333333333333,0.040566037735849055,0.007855345911949686
2022,CALCIUM + D,Generic,"Electrolytic, Caloric, Water","Repl Preps, Calcium Supp",17,725,23.0,4.92,18.080000000000002,1.3529411764705883,0.031724137931034485,1.063529411764706,0.28941176470588237,0.02493793103448276,0.006786206896551724
2022,CALCIUM ACETATE,Generic,"Electrolytic, Caloric, Water","Repl Preps, Calcium Supp",284,14078,34145.27,25817.579999999998,8327.689999999999,120.22982394366196,2.4254347208410283,29.322852112676053,90.90697183098591,0.5915392811478902,1.8338954396931382
2022,CALCIUM CITRATE,Generic,"Electrolytic, Caloric, Water","Repl Preps, Calcium Supp",26,1673,220.98,28.939999999999998,192.04,8.499230769230769,0.132086072922893,7.386153846153846,1.113076923076923,0.11478780633592349,0.017298266586969514
2022,CALCIUM CITRATE WITH VITAMIN D3,Generic,"Electrolytic, Caloric, Water","Repl Preps, Calcium Supp",13,715,95.96000000000001,58.900000000000006,37.06,7.3815384615384625,0.1342097902097902,2.850769230769231,4.5307692307692315,0.05183216783216783,0.08237762237762239
2022,CALCIUM WITH VITAMIN D3,Generic,"Electrolytic, Caloric, Water","Repl Preps, Calcium Supp",367,25369,952.56,397.72999999999996,554.8299999999999,2.5955313351498637,0.03754818873428199,1.5117983651226157,1.0837329700272478,0.02187039299932989,0.015677795734952104
2022,CALQUENCE,Brand,Antineoplastic Agents,Molecular Targeted Therapy,209,6270,2992162.01,2973881.4199999995,18280.59,14316.564641148325,477.21882137161083,87.46693779904307,14229.09770334928,2.9155645933014354,474.30325677830933
2022,CAMBIA,Brand,Central Nervous System,"Analg/Antipyr,Nonstr/Antiinflm",57,1289,43525.22,38584.32,4940.9,763.600350877193,33.7666563227308,86.68245614035087,676.9178947368421,3.833126454615981,29.933529868114817
2022,CAMILA,Generic,Hormones & Synthetic Subst,"Progestins, NEC",473,35606,15705.97,15685.97,20.0,33.20501057082452,0.4411045891141942,0.042283298097251586,33.162727272727274,0.0005617030837499298,0.4405428860304443
2022,CAMRESE,Generic,Hormones & Synthetic Subst,"Contraceptive, Oral Comb, NEC",206,18804,18268.68,18168.68,100.0,88.68291262135922,0.971531589023612,0.4854368932038835,88.19747572815534,0.005318017443097213,0.9662135715805148
2022,CAMRESELO,Generic,Hormones & Synthetic Subst,"Contraceptive, Oral Comb, NEC",33,3002,2484.4100000000003,2484.4100000000003,0.0,75.28515151515153,0.827584943371086,0.0,75.28515151515153,0.0,0.827584943371086
2022,CAMZYOS,Brand,Cardiovascular Agents,"Cardiac Drugs, NEC",18,540,138299.94,136209.94,2090.0,7683.33,256.111,116.11111111111111,7567.218888888889,3.8703703703703702,252.24062962962964
2022,CANASA,Brand,Gastrointestinal Drugs,"Gastrointestinal Drug Misc,NEC",14,612,9434.789999999999,6412.97,3021.82,673.9135714285713,15.416323529411763,215.84428571428572,458.06928571428574,4.937614379084968,10.478709150326798
2022,CANDESARTAN CILEXETIL,Generic,Cardiovascular Agents,"Cardiac Drugs, NEC",1845,121112,195745.23000000004,117583.39,78161.84000000001,106.09497560975612,1.616233156086928,42.36414092140922,63.73083468834688,0.6453682541779511,0.9708649019089768
2022,CANDESARTAN CILEXETIL-HYDROCHLOROTHIAZIDE,Generic,Cardiovascular Agents,"Cardiac Drugs, NEC",286,19424,54581.20999999999,41645.28,12935.929999999998,190.84339160839158,2.809988158978583,45.23052447552447,145.61286713286714,0.6659766268533772,2.144011532125206
2022,CAPECITABINE,Generic,Antineoplastic Agents,Chemotherapy,1059,22951,518511.66000000003,516015.18000000005,2496.4799999999996,489.62385269121813,22.592116247658055,2.357393767705382,487.2664589235128,0.10877434534442942,22.483341902313626
2022,CAPLYTA,Brand,Central Nervous System,"CNS Agents, Misc.",413,13943,492911.19000000006,436750.63,56160.56,1193.489564164649,35.3518747758732,135.98198547215495,1057.507578692494,4.027867747256688,31.32400702861651
2022,CAPRELSA,Brand,Antineoplastic Agents,Molecular Targeted Therapy,13,390,174363.19,174163.19,200.0,13412.553076923077,447.08510256410256,15.384615384615385,13397.168461538462,0.5128205128205128,446.57228205128206
2022,CAPSUBLEND-P,Brand,Pharmaceutical Aids/Adjuvants,"Pharmaceutical Aids/Adjuv, NEC",31,914,4274.16,1896.3700000000001,2377.79,137.87612903225806,4.676323851203501,76.70290322580645,61.17322580645162,2.601520787746171,2.0748030634573307
2022,CAPSUBLEND-P,Generic,Pharmaceutical Aids/Adjuvants,"Pharmaceutical Aids/Adjuv, NEC",12,360,817.65,291.48,526.17,68.1375,2.2712499999999998,43.8475,24.290000000000003,1.4615833333333332,0.8096666666666668
2022,CAPSULE 3 CLEAR/CLEAR,Brand,Devices & Non-Drug Items,"Devices & Non-Drug Items, NEC",16,480,781.6800000000001,449.41999999999996,332.26,48.855000000000004,1.6285,20.76625,28.088749999999997,0.6922083333333333,0.9362916666666666
2022,CAPSULE 3 VEGETABLE CLEAR,Brand,Devices & Non-Drug Items,"Devices & Non-Drug Items, NEC",12,360,437.34,0.0,437.34,36.445,1.2148333333333332,36.445,0.0,1.2148333333333332,0.0
2022,CAPTOPRIL,Brand,Cardiovascular Agents,"Cardiac, ACE Inhibitors",12,348,143.12,75.27,67.85,11.926666666666668,0.411264367816092,5.654166666666666,6.2725,0.1949712643678161,0.21629310344827585
2022,CAPTOPRIL,Generic,Cardiovascular Agents,"Cardiac, ACE Inhibitors",287,15279,33424.189999999995,25387.409999999996,8036.780000000001,116.46059233449476,2.1875901564238496,28.002717770034845,88.45787456445991,0.5260017016820473,1.6615884547418023
2022,CARAFATE,Brand,Gastrointestinal Drugs,"Gastrointestinal Drug Misc,NEC",90,1898,26455.5,21132.989999999998,5322.51,293.95,13.938619599578503,59.139,234.81099999999998,2.80427291886196,11.134346680716543
2022,CARBAGLU,Brand,"Electrolytic, Caloric, Water","Ammonia Detoxicants, NEC",11,330,434457.65,431207.65,3250.0,39496.15,1316.5383333333334,295.45454545454544,39200.69545454546,9.848484848484848,1306.6898484848487
2022,CARBAMAZEPINE,Generic,Central Nervous System,"Anticonvulsants, Misc",4645,248562,667467.33,494421.36000000004,173045.96999999997,143.69587298170075,2.6853152533371953,37.254245425188365,106.44162755651239,0.6961883554203779,1.9891268979168177
2022,CARBATROL,Brand,Central Nervous System,"Anticonvulsants, Misc",63,3510,14823.509999999998,5375.860000000001,9447.65,235.2938095238095,4.223222222222222,149.96269841269842,85.33111111111113,2.6916381766381767,1.5315840455840457
2022,CARBIDOPA,Generic,Central Nervous System,"CNS Agents, Misc.",74,5154,55623.11,52519.66,3103.4500000000003,751.6636486486486,10.79222157547536,41.93851351351352,709.7251351351351,0.6021439658517657,10.190077609623595
2022,CARBIDOPA-LEVODOPA,Brand,Central Nervous System,"CNS Agents, Misc.",21,1530,5697.55,4415.45,1282.1,271.31190476190477,3.723888888888889,61.05238095238095,210.2595238095238,0.8379738562091502,2.8859150326797383
2022,CARBIDOPA-LEVODOPA,Generic,Central Nervous System,"CNS Agents, Misc.",3150,198217,208863.42000000004,99419.40000000001,109444.01999999999,66.30584761904763,1.0537109329674046,34.74413333333333,31.561714285714288,0.552142449941226,0.5015684830261784
2022,"CARBIDOPA, LEVODOPA AND ENTACAPONE",Generic,Central Nervous System,"CNS Agents, Misc.",23,1440,12725.949999999999,11397.439999999999,1328.51,553.3021739130435,8.837465277777778,57.76130434782608,495.54086956521735,0.9225763888888889,7.914888888888888
2022,CARBIDOPA/LEVODOPA/ENTACAPONE,Brand,Central Nervous System,"CNS Agents, Misc.",11,611,6790.750000000001,6045.750000000001,745.0,617.3409090909091,11.11415711947627,67.72727272727273,549.6136363636365,1.2193126022913257,9.894844517184945
2022,CARBIDOPA/LEVODOPA/ENTACAPONE,Generic,Central Nervous System,"CNS Agents, Misc.",52,3101,27011.29,24143.42,2867.87,519.4478846153846,8.710509513060304,55.15134615384615,464.29653846153843,0.9248210254756529,7.7856884875846495
2022,CARBINOXAMINE MALEATE,Generic,Antihistamines & Comb.,"Antihistamines & Comb, NEC",25,915,1354.1000000000001,481.68,872.42,54.16400000000001,1.4798907103825139,34.8968,19.2672,0.9534644808743169,0.5264262295081967
2022,CARBOXYMETHYLCELLULOSE SODIUM,Generic,"Eye, Ear, Nose Throat","Eyewash/Eyestrm/Lubr/Tear, NEC",14,538,129.35999999999999,41.42,87.94,9.239999999999998,0.24044609665427508,6.281428571428571,2.9585714285714286,0.16345724907063197,0.07698884758364312
2022,CARDIZEM LA,Brand,Cardiovascular Agents,"Cardiac, Calcium Channel",72,5340,18396.899999999998,11696.369999999999,6700.53,255.51249999999996,3.4451123595505613,93.06291666666667,162.44958333333332,1.2547808988764044,2.190331460674157
2022,CAREPOINT POLY HUB HYPODERMIC NEEDLE,Other,Devices & Non-Drug Items,"Devices & Non-Drug Items, NEC",12,336,19.8,1.65,18.15,1.6500000000000001,0.05892857142857143,1.5125,0.13749999999999998,0.05401785714285714,0.004910714285714286
2022,CARISOPRODOL,Generic,Autonomic Drugs,"Muscle Relax, Skeletal Central",2657,71410,25392.74,11154.9,14237.840000000002,9.556921339856983,0.35559081361153905,5.358614979299963,4.1983063605570194,0.19938159921579612,0.1562092143957429
2022,CARNITOR,Brand,"Electrolytic, Caloric, Water","Caloric Agent, Amino Acid Prep",26,1004,2736.35,745.7199999999999,1990.63,105.24423076923077,2.725448207171315,76.56269230769232,28.68153846153846,1.982699203187251,0.7427490039840636
2022,CARNITOR SF,Brand,"Electrolytic, Caloric, Water","Caloric Agent, Amino Acid Prep",16,505,551.0799999999999,316.04,235.04,34.442499999999995,1.091247524752475,14.69,19.7525,0.4654257425742574,0.6258217821782178
2022,CAROSPIR,Brand,"Electrolytic, Caloric, Water","Diuretics, Potassium-Sparing",21,630,2484.8100000000004,1591.93,892.88,118.32428571428574,3.944142857142858,42.518095238095235,75.80619047619048,1.4172698412698412,2.526873015873016
2022,CARTIA XT,Generic,Cardiovascular Agents,"Cardiac, Calcium Channel",158,10047,4165.86,723.95,3441.9100000000008,26.366202531645566,0.41463720513586144,21.78424050632912,4.581962025316456,0.3425808699114164,0.07205633522444511
2022,CARVEDILOL,Generic,Cardiovascular Agents,"Cardiac, Beta Blockers",18576,1228524,338060.2499999999,190516.84000000003,147543.41,18.198764534883715,0.27517594283872343,7.942690030146426,10.256074504737297,0.12009810960144043,0.15507783323728314
2022,CARVEDILOL PHOSPHATE,Generic,Cardiovascular Agents,"Cardiac, Beta Blockers",42,3000,21337.13,19672.13,1665.0,508.0269047619048,7.112376666666667,39.642857142857146,468.38404761904764,0.555,6.557376666666667
2022,CAVERJECT IMPULSE,Brand,Cardiovascular Agents,"Vasodilating Agents, NEC",45,1030,23931.079999999998,20709.55,3221.53,531.8017777777777,23.234058252427182,71.58955555555556,460.2122222222222,3.1276990291262137,20.10635922330097
2022,CAYA CONTOURED DIAPHRAGM,Brand,Contraceptive Cream/Foam/Devic,Contraceptive Cream/Foam/Devic,54,1214,3300.3999999999996,2879.72,420.67999999999995,61.11851851851851,2.718616144975288,7.790370370370369,53.328148148148145,0.3465238879736408,2.3720922570016474
2022,CAYSTON,Brand,Anti-Infective Agents,"Antibiot, B-Lactam Antibiotics",46,1964,478292.08,471650.24,6641.84,10397.65391304348,243.52957230142567,144.38782608695652,10253.26608695652,3.3817922606924644,240.14778004073318
2022,CEFACLOR,Brand,Anti-Infective Agents,"Antibiot, Cephalosporin & Rel.",37,700,3402.07,1794.8100000000004,1607.26,91.94783783783784,4.8601,43.43945945945946,48.50837837837839,2.2960857142857143,2.5640142857142862
2022,CEFACLOR,Generic,Anti-Infective Agents,"Antibiot, Cephalosporin & Rel.",38,559,1843.16,1125.81,717.35,48.504210526315795,3.2972450805008946,18.87763157894737,29.62657894736842,1.283273703041145,2.0139713774597494
2022,CEFADROXIL,Brand,Anti-Infective Agents,"Antibiot, Cephalosporin & Rel.",76,1718,14234.050000000001,12344.92,1889.13,187.29013157894738,8.28524447031432,24.856973684210526,162.43315789473684,1.0996100116414436,7.185634458672875
2022,CEFADROXIL,Generic,Anti-Infective Agents,"Antibiot, Cephalosporin & Rel.",5013,92396,62033.17,15796.61,46236.560000000005,12.374460402952323,0.6713837179098662,9.223331338519849,3.151129064432476,0.5004173340837266,0.17096638382613966
2022,CEFDINIR,Generic,Anti-Infective Agents,"Antibiot, Cephalosporin & Rel.",16133,168027,260833.02000000005,49096.32,211736.69999999998,16.16766999318168,1.552328018711279,13.12444678609062,3.0432232070910556,1.2601349783070577,0.2921930404042207
2022,CEFEPIME,Generic,Anti-Infective Agents,"Antibiot, Cephalosporin & Rel.",11,32,1848.74,1448.74,400.0,168.06727272727272,57.773125,36.36363636363637,131.70363636363638,12.5,45.273125
2022,CEFIXIME,Generic,Anti-Infective Agents,"Antibiot, Cephalosporin & Rel.",303,3348,60957.14,52282.600000000006,8674.54,201.1786798679868,18.207031063321384,28.62884488448845,172.54983498349836,2.590961768219833,15.616069295101555
2022,CEFPODOXIME PROXETIL,Generic,Anti-Infective Agents,"Antibiot, Cephalosporin & Rel.",6500,56628,432558.3599999999,257448.30000000005,175110.06,66.54744,7.638595041322313,26.94000923076923,39.607430769230774,3.0922875609239244,4.54630748039839
2022,CEFPROZIL,Generic,Anti-Infective Agents,"Antibiot, Cephalosporin & Rel.",725,7366,26724.310000000005,11476.760000000004,15247.55,36.86111724137932,3.6280627206082006,21.03110344827586,15.830013793103454,2.0699904968775455,1.5580722237306548
2022,CEFTRIAXONE,Generic,Anti-Infective Agents,"Antibiot, Cephalosporin & Rel.",72,360,2917.03,2121.37,795.6600000000001,40.51430555555556,8.102861111111112,11.050833333333335,29.463472222222222,2.210166666666667,5.8926944444444445
2022,CEFUROXIME AXETIL,Generic,Anti-Infective Agents,"Antibiot, Cephalosporin & Rel.",3787,40311,56232.90000000001,10593.35,45639.55,14.84893055188804,1.3949765572672475,12.05163717982572,2.7972933720623185,1.1321860038202973,0.26279055344694996
2022,CELEBREX,Brand,Central Nervous System,"Analg/Antipyr,Nonstr/Antiinflm",64,2585,25084.48,16455.35,8629.130000000001,391.945,9.703860735009672,134.83015625000002,257.11484375,3.3381547388781434,6.365705996131528
2022,CELECOXIB,Generic,Central Nervous System,"Analg/Antipyr,Nonstr/Antiinflm",14998,588976,380886.7199999999,122202.08,258684.63999999998,25.39583411121482,0.646693108038358,17.247942392318976,8.147891718895853,0.43921083371818204,0.20748227432017605
2022,CELEXA,Brand,Central Nervous System,"Psychother, Antidepressants",131,7518,49818.880000000005,27406.909999999996,22411.969999999998,380.2967938931298,6.62661346102687,171.08374045801526,209.2130534351145,2.9811080074487895,3.6455054535780786
2022,CELLCEPT,Brand,Immunosuppressants,"Immunosuppressants, NEC",66,3092,57318.21,52297.03999999999,5021.169999999999,868.4577272727273,18.537584087968952,76.07833333333332,792.3793939393938,1.623923027166882,16.913661060802067
2022,CELLULOSE MICROCRYSTALLINE,Brand,Pharmaceutical Aids/Adjuvants,"Pharmaceutical Aids/Adjuv, NEC",66,2879,3466.1899999999996,871.77,2594.4199999999996,52.518030303030294,1.2039562348037511,39.309393939393935,13.208636363636364,0.9011531781868704,0.30280305661688084
2022,CELONTIN KAPSEALS,Brand,Central Nervous System,"Anticonv, Succinimides",12,360,4731.14,4191.14,540.0,394.2616666666667,13.142055555555556,45.0,349.2616666666667,1.5,11.642055555555556
2022,CEPHALEXIN,Brand,Anti-Infective Agents,"Antibiot, Cephalosporin & Rel.",709,5798,58040.59,38984.91,19055.68,81.86260930888575,10.01045015522594,26.876840620592382,54.985768688293376,3.286595377716454,6.723854777509486
2022,CEPHALEXIN,Generic,Anti-Infective Agents,"Antibiot, Cephalosporin & Rel.",48848,511661,385795.36,103676.54999999999,282118.81,7.897874222076646,0.7540057968068702,5.775442392728464,2.122431829348182,0.5513783735715639,0.20262742323530616
2022,CEQUA,Brand,"Eye, Ear, Nose Throat","Eyewash/Eyestrm/Lubr/Tear, NEC",622,29845,368726.14999999997,267071.56,101654.59000000001,592.8073151125401,12.354704305578823,163.43181672025725,429.37549839228296,3.406084436253979,8.948619869324846
2022,CEQUR SIMPLICITY 2U,Brand,Devices & Non-Drug Items,"Devices & Non-Drug Items, NEC",60,2440,24172.98,21322.83,2850.15,402.883,9.906959016393442,47.502500000000005,355.38050000000004,1.168094262295082,8.738864754098362
2022,CERDELGA,Brand,Misc Therapeutic Agents,Enzyme Inhibitors,94,2632,2560841.69,2552456.69,8385.0,27242.99670212766,972.9641679331306,89.20212765957447,27153.794574468084,3.185790273556231,969.7783776595744
2022,CEREZYME,Brand,Enzymes,"Enzymes, NEC",38,1064,1510482.85,1499098.1,11384.75,39749.54868421053,1419.6267387218045,299.5986842105263,39449.950000000004,10.699953007518797,1408.9267857142859
2022,CERTAVITE SENIOR,Brand,Vitamins & Comb,"Multivit Prep,Multivit Mineral",13,690,49.85,0.0,49.85,3.8346153846153848,0.07224637681159421,3.8346153846153848,0.0,0.07224637681159421,0.0
2022,CETIRIZINE HCL,Generic,Antihistamines & Comb.,"Antihistamines & Comb, NEC",7397,407764,41961.850000000006,6229.83,35732.02,5.672820062187374,0.10290719631943969,4.8306097066378255,0.8422103555495472,0.08762916785199282,0.015278028467446856
2022,CETIRIZINE HCL-PSEUDOEPHEDRINE HCL,Generic,Antihistamines & Comb.,"Antihistamines & Comb, NEC",34,680,693.19,219.44,473.75,20.38794117647059,1.0193970588235295,13.933823529411764,6.4541176470588235,0.6966911764705882,0.3227058823529412
2022,CETRORELIX ACETATE,Generic,Hormones & Synthetic Subst,"Gonadotropins, NEC",90,627,127955.59,125409.51,2546.08,1421.7287777777779,204.07590111642742,28.289777777777775,1393.4389999999999,4.060733652312599,200.01516746411482
2022,CETROTIDE,Brand,Hormones & Synthetic Subst,"Gonadotropins, NEC",1445,9942,2339701.0800000005,2188504.77,151196.31,1619.170297577855,235.3350512975257,104.63412456747405,1514.5361730103807,15.207836451418226,220.12721484610742
2022,CEVIMELINE HCL,Generic,Autonomic Drugs,"Parasympathomimetic, NEC",662,39314,169988.92999999996,133495.40000000002,36493.53,256.78086102719027,4.323877753472044,55.12617824773414,201.65468277945624,0.9282578725136084,3.3956198809584377
2022,CHARLOTTE 24 FE,Generic,Hormones & Synthetic Subst,"Contraceptive, Oral Comb, NEC",222,17838,30847.469999999998,30717.5,129.97,138.95256756756757,1.7293121426168852,0.5854504504504504,138.36711711711712,0.0072861307321448595,1.7220260118847404
2022,CHATEAL EQ,Generic,Hormones & Synthetic Subst,"Contraceptive, Oral Comb, NEC",17,994,377.75,377.75,0.0,22.220588235294116,0.3800301810865191,0.0,22.220588235294116,0.0,0.3800301810865191
2022,CHERRY SYRUP,Generic,Pharmaceutical Aids/Adjuvants,"Pharmaceutical Aids/Adjuv, NEC",11,154,343.64,0.0,343.64,31.24,2.2314285714285713,31.24,0.0,2.2314285714285713,0.0
2022,CHEST CONGESTION RELIEF,Generic,Respiratory Tract Agents,"Expectorants/Cold Comb, NEC",13,102,41.42,13.84,27.580000000000002,3.186153846153846,0.406078431372549,2.121538461538462,1.0646153846153845,0.2703921568627451,0.13568627450980392
2022,CHILDREN'S ALLERGY RELIEF,Generic,Antihistamines & Comb.,"Antihistamines & Comb, NEC",16,459,190.41000000000003,65.47,124.93999999999998,11.900625000000002,0.4148366013071896,7.808749999999999,4.091875,0.2722004357298475,0.14263616557734204
2022,CHILDREN'S CETIRIZINE HYDROCHLORIDE,Generic,Antihistamines & Comb.,"Antihistamines & Comb, NEC",113,3008,667.04,50.589999999999996,616.45,5.903008849557522,0.22175531914893615,5.455309734513275,0.44769911504424775,0.204936835106383,0.016818484042553192
2022,CHILDREN'S CHEWABLE MULTIVITAMIN,Generic,Vitamins & Comb,"Multivit Prep, Multivit Plain",12,338,12.96,0.0,12.96,1.08,0.038343195266272195,1.08,0.0,0.038343195266272195,0.0
2022,CHILDREN'S IBUPROFEN,Generic,Central Nervous System,"Analg/Antipyr,Nonstr/Antiinflm",70,442,480.98,70.64999999999999,410.33,6.871142857142857,1.0881900452488689,5.861857142857143,1.0092857142857141,0.9283484162895927,0.159841628959276
2022,CHILDREN'S LORATADINE,Generic,Antihistamines & Comb.,"Antihistamines & Comb, NEC",237,6965,1843.5,164.98,1678.52,7.7784810126582276,0.2646805455850682,7.082362869198312,0.6961181434599155,0.24099353912419239,0.023687006460875806
2022,CHILDREN'S LORATADINE ALLERGY,Generic,Antihistamines & Comb.,"Antihistamines & Comb, NEC",65,1864,480.4,39.41,440.99,7.39076923076923,0.257725321888412,6.784461538461539,0.6063076923076922,0.2365826180257511,0.02114270386266094
2022,CHLORDIAZEPOXIDE HCL,Generic,Central Nervous System,"ASH, Benzodiazepines",411,6834,2482.3700000000003,365.14,2117.2299999999996,6.039829683698298,0.36323822066139894,5.151411192214111,0.8884184914841848,0.30980831138425513,0.053429909277143695
2022,CHLORDIAZEPOXIDE HCL-CLIDINIUM BROMIDE,Generic,Autonomic Drugs,Antichol/Antimuscarin/Antispas,87,3044,20048.88,15726.160000000002,4322.719999999999,230.44689655172414,6.586360052562418,49.68643678160919,180.76045977011495,1.4200788436268066,5.166281208935612
2022,CHLORDIAZEPOXIDE HYDROCHLORIDE-CLIDINIUM BROMIDE,Generic,Autonomic Drugs,Antichol/Antimuscarin/Antispas,129,5288,41054.0,34741.5,6312.5,318.2480620155039,7.763615733736763,48.934108527131784,269.3139534883721,1.1937405446293494,6.569875189107413
2022,CHLORHEXIDINE GLUCONATE,Generic,Skin & Mucous Membrane,S/MM Soaps/Cleanser/Antiseptic,32506,592930,167146.52000000002,6521.87,160624.65,5.142020550052298,0.28189924611674233,4.94138466744601,0.20063588260628806,0.27089985327104377,0.01099939284569848
2022,CHLOROQUINE PHOSPHATE,Brand,Anti-Infective Agents,"Antimalarial Agents, NEC",14,693,1601.61,869.61,732.0,114.40071428571427,2.311125541125541,52.285714285714285,62.115,1.0562770562770563,1.2548484848484849
2022,CHLOROQUINE PHOSPHATE,Generic,Anti-Infective Agents,"Antimalarial Agents, NEC",53,3091,8926.810000000001,7159.72,1767.09,168.4303773584906,2.888000647039793,33.34132075471698,135.0890566037736,0.5716887738595924,2.316311873180201
2022,CHLORPROMAZINE HCL,Generic,Central Nervous System,"Psychother,Tranq/Antipsychotic",365,11471,78025.23,65887.76000000001,12137.470000000001,213.7677534246575,6.801955365704821,33.25334246575343,180.51441095890414,1.0581004271641532,5.743854938540669
2022,CHLORTHALIDONE,Generic,"Electrolytic, Caloric, Water","Diuretics, Thiazides & Related",24621,1662000,572779.44,90170.93999999999,482608.5,23.263857682466185,0.34463263537906136,19.60149872060436,3.6623589618618246,0.29037815884476537,0.05425447653429602
2022,CHLORZOXAZONE,Generic,Autonomic Drugs,"Muscle Relax, Skeletal Central",105,2290,36368.619999999995,34722.9,1645.72,346.36780952380946,15.881493449781658,15.67352380952381,330.69428571428574,0.7186550218340612,15.162838427947598
2022,CHOLESTYRAMINE,Generic,Cardiovascular Agents,"Antihyperlipidemic Drugs, NEC",1702,78764,192501.78999999998,134035.99999999997,58465.79,113.10328437132783,2.4440326799045247,34.351227967097536,78.7520564042303,0.7422907673556447,1.7017419125488797
2022,CHOLESTYRAMINE LIGHT,Generic,Cardiovascular Agents,"Antihyperlipidemic Drugs, NEC",186,8575,28876.940000000002,22037.269999999997,6839.67,155.25236559139788,3.3675731778425657,36.77241935483871,118.47994623655913,0.7976291545189504,2.5699440233236146
2022,CHORIONIC GONADOTROPIN,Brand,Hormones & Synthetic Subst,"Gonadotropins, NEC",933,10377,325177.86,259621.41,65556.44999999998,348.52932475884245,31.336403584851112,70.26414790996783,278.2651768488746,6.317476149176061,25.01892743567505
2022,CHORIONIC GONADOTROPIN,Generic,Hormones & Synthetic Subst,"Gonadotropins, NEC",28,351,3410.89,1705.98,1704.9099999999999,121.8175,9.717635327635326,60.88964285714285,60.92785714285714,4.857293447293447,4.86034188034188
2022,CIALIS,Brand,Cardiovascular Agents,Phosphodiesterase Inhibitors,89,3188,34409.979999999996,25443.27,8966.710000000001,386.6289887640449,10.793594730238393,100.74955056179776,285.8794382022472,2.8126442910915936,7.980950439146801
2022,CIBINQO,Brand,Immunosuppressants,"Immunosuppressants, NEC",26,780,127151.08,121654.79,5496.29,4890.426153846154,163.01420512820513,211.39576923076922,4679.030384615385,7.046525641025641,155.96767948717948
2022,CICLOPIROX,Generic,Skin & Mucous Membrane,"Antiinf S/MM,Antifungal & Comb",6461,195077,192204.61,72831.64,119372.96999999997,29.748430583501005,0.9852756091184506,18.475927874941956,11.272502708559047,0.6119274440349194,0.37334816508353114
2022,CICLOPIROX OLAMINE,Generic,Skin & Mucous Membrane,"Antiinf S/MM,Antifungal & Comb",2269,60185,28061.699999999993,4401.700000000002,23660.0,12.367430586161301,0.4662573730996094,10.427501101806964,1.9399294843543418,0.3931212096037219,0.07313616349588771
2022,CICLOPIROX TREATMENT KIT,Brand,Skin & Mucous Membrane,"Antiinf S/MM,Antifungal & Comb",15,554,6166.44,5496.44,670.0,411.09599999999995,11.130758122743682,44.666666666666664,366.4293333333333,1.2093862815884477,9.921371841155233
2022,CILOSTAZOL,Generic,Blood Form/Coagul Agents,"Antiplatelet Agents, NEC",809,49183,27803.84,10727.689999999999,17076.15,34.368158220024725,0.5653140312709676,21.107725587144625,13.260432632880097,0.34719618567391175,0.21811784559705585
2022,CILOXAN,Brand,"Eye, Ear, Nose Throat","Antiinfect, Antibiotics EENT",51,547,7912.17,5292.5,2619.67,155.14058823529413,14.464661791590494,51.36607843137255,103.77450980392157,4.789159049360147,9.675502742230348
2022,CIMETIDINE,Brand,Pharmaceutical Aids/Adjuvants,"Pharmaceutical Aids/Adjuv, NEC",25,350,3275.15,2973.0,302.15,131.006,9.357571428571429,12.085999999999999,118.92,0.8632857142857142,8.494285714285715
2022,CIMETIDINE,Generic,Gastrointestinal Drugs,"Histamine (H2) Antagonist, NEC",713,39201,66957.83,43913.73,23044.1,93.91,1.7080643350934925,32.319915848527344,61.59008415147265,0.5878446978393408,1.1202196372541517
2022,CIMETIDINE HCL,Generic,Gastrointestinal Drugs,"Histamine (H2) Antagonist, NEC",87,3048,4534.969999999999,2726.9900000000002,1807.98,52.12609195402298,1.4878510498687663,20.78137931034483,31.344712643678164,0.5931692913385826,0.8946817585301838
2022,CIMZIA,Brand,Immunosuppressants,"Immunosuppressants, NEC",1572,43914,9228036.890000002,9014214.9,213821.99,5870.252474554709,210.13883704513373,136.01907760814248,5734.233396946565,4.869107573894429,205.26972947123926
2022,CINACALCET HYDROCHLORIDE,Generic,Misc Therapeutic Agents,"Misc Therapeutic Agents, NEC",546,22039,295033.93,273523.95,21509.980000000003,540.3551831501832,13.38690185580108,39.39556776556777,500.9596153846154,0.9759961885747994,12.410905667226281
2022,CIPRO,Brand,Anti-Infective Agents,"Quinolones, NEC",44,383,3299.51,1462.9699999999998,1836.5400000000002,74.98886363636365,8.61490861618799,41.73954545454546,33.249318181818175,4.79514360313316,3.81976501305483
2022,CIPRO HC,Brand,"Eye, Ear, Nose Throat","Antiinfect, Antibiotics EENT",253,3809,59267.770000000004,39170.2,20097.57,234.25996047430831,15.559929115253349,79.43703557312253,154.82292490118576,5.276337621422946,10.2835914938304
2022,CIPRODEX,Brand,"Eye, Ear, Nose Throat","Antiinfect, Antibiotics EENT",117,1349,14494.86,9982.13,4512.73,123.88769230769232,10.744892512972573,38.57034188034188,85.31735042735042,3.345240919199407,7.399651593773164
2022,CIPROFLOXACIN,Brand,"Eye, Ear, Nose Throat","Antiinfect, Antibiotics EENT",43,438,4770.12,3786.9700000000003,983.15,110.93302325581395,10.890684931506849,22.863953488372093,88.06906976744186,2.244634703196347,8.646050228310504
2022,CIPROFLOXACIN,Generic,Anti-Infective Agents,"Quinolones, NEC",16997,165815,51085.65,3211.3399999999997,47874.31,3.0055686297581925,0.30808823085969306,2.816632935223863,0.18893569453432957,0.2887212254621114,0.01936700539758164
2022,CIPROFLOXACIN,Generic,"Eye, Ear, Nose Throat","Antiinfect, Antibiotics EENT",71,1123,6508.459999999999,4858.259999999999,1650.1999999999998,91.66845070422534,5.79560106856634,23.24225352112676,68.42619718309858,1.4694568121104183,4.326144256455921
2022,CIPROFLOXACIN HCL,Generic,"Eye, Ear, Nose Throat","Antiinfect, Antibiotics EENT",2438,33460,30048.969999999998,4195.11,25853.86,12.325254306808858,0.8980564853556484,10.60453650533224,1.72071780147662,0.7726796174536761,0.1253768679019725
2022,CIPROFLOXACIN HCL-DEXAMETHASONE,Generic,"Eye, Ear, Nose Throat","Antiinfect, Antibiotics EENT",6360,82625,1115225.45,892779.44,222446.01,175.34991352201257,13.49743358547655,34.97578773584906,140.37412578616352,2.692236127080182,10.805197458396368
2022,CITALOPRAM,Brand,Central Nervous System,"Psychother, Antidepressants",26,930,2061.35,258.42,1802.9299999999998,79.2826923076923,2.216505376344086,69.34346153846153,9.93923076923077,1.9386344086021503,0.2778709677419355
2022,CITALOPRAM,Generic,Central Nervous System,"Psychother, Antidepressants",19066,1001778,100559.02,11394.8,89164.21999999999,5.2742588901709855,0.10038054339384575,4.676608622679114,0.5976502674918703,0.0890059673899806,0.011374576003865128
2022,CITALOPRAM HYDROBROMIDE,Generic,Central Nervous System,"Psychother, Antidepressants",94907,5941673,548216.5300000001,77315.71,470900.82,5.776355063377834,0.09226635831355919,4.961707987819655,0.8146470755581781,0.0792539104726901,0.013012447840869064
2022,CITRANATAL 90 DHA,Brand,Vitamins & Comb,"Multivit Prep,Vitamin Prenatal",13,420,710.0,710.0,0.0,54.61538461538461,1.6904761904761905,0.0,54.61538461538461,0.0,1.6904761904761905
2022,CITRIC ACID,Brand,Pharmaceutical Aids/Adjuvants,"Pharmaceutical Aids/Adjuv, NEC",18,540,3618.1,2321.36,1296.74,201.00555555555556,6.700185185185185,72.0411111111111,128.96444444444444,2.4013703703703704,4.298814814814815
2022,CITRIC ACID/POTASSIUM CITRATE,Generic,"Electrolytic, Caloric, Water","Alkalinizing Agents, NEC",29,1614,2637.63,1807.2600000000002,830.37,90.95275862068966,1.6342193308550186,28.63344827586207,62.31931034482759,0.5144795539033458,1.119739776951673
2022,CITRIC ACID/SODIUM CITRATE,Generic,"Electrolytic, Caloric, Water","Alkalinizing Agents, NEC",56,1900,1482.8600000000001,559.7,923.16,26.47964285714286,0.7804526315789474,16.485,9.994642857142859,0.4858736842105263,0.29457894736842105
2022,CITRULLINE,Brand,Pharmaceutical Aids/Adjuvants,"Pharmaceutical Aids/Adjuv, NEC",13,390,4156.22,3961.07,195.15,319.70923076923077,10.65697435897436,15.011538461538462,304.6976923076923,0.5003846153846154,10.156589743589745
2022,CITRUS CALCIUM WITH VITAMIN D,Generic,"Electrolytic, Caloric, Water","Repl Preps, Calcium Supp",13,552,35.37,13.89,21.48,2.7207692307692306,0.06407608695652174,1.6523076923076923,1.0684615384615386,0.03891304347826087,0.02516304347826087
2022,CLARAVIS,Generic,Vitamins & Comb,"Vitamin A & Derivatives, NEC",5885,175914,1368476.9300000004,1037624.4799999997,330852.45,232.5364367034835,7.779238320997763,56.21961767204758,176.3168190314358,1.8807624748456633,5.898475846152095
2022,CLARITHROMYCIN,Brand,Anti-Infective Agents,"Antibiot, Erythromycn&Macrolid",39,495,7019.98,5837.96,1182.02,179.99948717948718,14.181777777777777,30.308205128205127,149.69128205128206,2.3879191919191918,11.793858585858587
2022,CLARITHROMYCIN,Generic,Anti-Infective Agents,"Antibiot, Erythromycn&Macrolid",2792,42657,78712.59000000001,36009.57,42703.02,28.192188395415478,1.845244391307406,15.294777936962749,12.897410458452722,1.0010788381742737,0.8441655531331317
2022,CLARITIN REDITABS,Generic,Antihistamines & Comb.,"Antihistamines & Comb, NEC",12,360,226.08,96.08,130.0,18.84,0.628,10.833333333333334,8.006666666666666,0.3611111111111111,0.2668888888888889
2022,CLASSIC PRENATAL,Brand,Vitamins & Comb,"Multivit Prep,Vitamin Prenatal",185,12180,638.9499999999999,592.31,46.64,3.4537837837837833,0.05245894909688013,0.25210810810810813,3.2016756756756752,0.0038292282430213466,0.048629720853858784
2022,CLEMASTINE FUMARATE,Brand,Antihistamines & Comb.,"Antihistamines & Comb, NEC",19,372,30479.559999999998,27799.559999999998,2680.0,1604.1873684210525,81.9343010752688,141.05263157894737,1463.1347368421052,7.204301075268817,74.72999999999999
2022,CLEMASTINE FUMARATE,Generic,Antihistamines & Comb.,"Antihistamines & Comb, NEC",14,405,481.39,95.53999999999999,385.85,34.385,1.1886172839506173,27.560714285714287,6.824285714285714,0.9527160493827161,0.2359012345679012
2022,CLENPIQ,Brand,"Electrolytic, Caloric, Water","Repl Preps, Magn Preps & Comb",1786,5046,279195.75,237668.04,41527.71,156.32460806270996,55.330112960761,23.25179731243001,133.07281075027996,8.229827586206897,47.100285374554105
2022,CLEOCIN VAGINAL OVULES,Brand,Skin & Mucous Membrane,"Antiinf S/MM,Antibiotic & Comb",39,372,7428.050000000001,4477.129999999999,2950.92,190.46282051282054,19.967876344086026,75.66461538461539,114.79820512820511,7.93258064516129,12.03529569892473
2022,CLEVER CHOICE COMFORT EZ INSULIN PEN NEEDLES,Brand,Diagnostic Agents,Diabetes Mell/Diab Supply NEC,95,5319,3056.97,816.9399999999998,2240.0299999999997,32.17863157894737,0.5747264523406656,23.579263157894733,8.59936842105263,0.4211374318480917,0.15358902049257375
2022,CLIMARA (ONCE-WEEKLY),Brand,Hormones & Synthetic Subst,"Estrogens & Comb, NEC",347,28134,67995.24,38128.96,29866.28,195.95170028818444,2.416835146086586,86.0699711815562,109.88172910662824,1.0615724745859103,1.3552626715006753
2022,CLIMARA (ONCE-WEEKLY),Generic,Hormones & Synthetic Subst,"Estrogens & Comb, NEC",16,898,2915.5499999999997,1658.74,1256.81,182.22187499999998,3.2467149220489975,78.550625,103.67125,1.39956570155902,1.8471492204899778
2022,CLIMARA PRO,Brand,Hormones & Synthetic Subst,"Estrogens & Comb, NEC",1140,53487,279552.8,170918.21,108634.59,245.2217543859649,5.226555985566586,95.2935,149.9282543859649,2.0310466094565034,3.1955093761100826
2022,CLINDAMYCIN HCL,Generic,Anti-Infective Agents,"Antibiotics, Misc",18047,187217,131722.12,11917.240000000002,119804.88000000003,7.2988374799135585,0.7035799099440756,6.638492824292128,0.660344655621433,0.6399252204660903,0.06365468947798544
2022,CLINDAMYCIN PALMITATE HCL,Generic,Anti-Infective Agents,"Antibiotics, Misc",478,5098,36576.16000000001,24348.42,12227.74,76.51916317991635,7.17460965084347,25.5810460251046,50.938117154811714,2.3985366810513926,4.776072969792075
2022,CLINDAMYCIN PHOSPHATE,Generic,Skin & Mucous Membrane,"Antiinf S/MM,Antibiotic & Comb",36117,1081662,2118153.9000000004,1154323.2,963830.7,58.647005565246296,1.9582400971837786,26.68634438076252,31.96066118448376,0.8910645839458167,1.0671755132379614
2022,CLINDAMYCIN PHOSPHATE-BENZOYL PEROXIDE,Generic,Skin & Mucous Membrane,"Antiinf S/MM,Antibiotic & Comb",6414,196148,554778.48,347231.31999999995,207547.16,86.49492984097287,2.8283667434794135,32.35845961958216,54.1364702213907,1.0581150967636683,1.770251646715745
2022,CLINDAMYCIN PHOSPHATE-TRETINOIN,Generic,Skin & Mucous Membrane,"Antiinf S/MM,Antibiotic & Comb",55,1738,24984.840000000004,23172.2,1812.6399999999999,454.26981818181827,14.375627157652476,32.95709090909091,421.3127272727273,1.042945914844649,13.332681242807826
2022,CLINDAMYCIN-BENZOYL PEROXIDE,Generic,Skin & Mucous Membrane,"Antiinf S/MM,Antibiotic & Comb",766,22074,71374.59,45093.95999999999,26280.629999999997,93.17831592689295,3.233423484642566,34.30891644908616,58.86939947780678,1.1905694482196247,2.042854036422941
2022,CLINPRO 5000,Brand,Dental Agents,"Fluoride Preparations, NEC",33,1110,327.03,17.48,309.54999999999995,9.909999999999998,0.2946216216216216,9.380303030303029,0.5296969696969697,0.27887387387387386,0.01574774774774775
2022,CLINPRO 5000,Generic,Dental Agents,"Fluoride Preparations, NEC",539,19597,3122.3300000000004,75.0,3047.3300000000004,5.792820037105752,0.15932693779660154,5.653673469387756,0.1391465677179963,0.1554998214012349,0.0038271163953666376
2022,CLOBAZAM,Generic,Central Nervous System,"Anticonvulsant, Benzodiazepine",2192,78149,265031.11000000004,195443.56,69587.55,120.9083531021898,3.391356383319045,31.746145072992704,89.16220802919707,0.8904470946525228,2.5009092886665214
2022,CLOBETASOL PROPIONATE,Generic,Skin & Mucous Membrane,Antiinflam S/MM Agnts&Comb NEC,21456,584173,1065084.0,596857.2300000001,468226.7700000001,49.6403803131991,1.8232338707882767,21.822649608501123,27.81773070469799,0.8015207310163258,1.0217131397719512
2022,CLOBETASOL PROPIONATE E,Generic,Skin & Mucous Membrane,Antiinflam S/MM Agnts&Comb NEC,191,4227,13160.589999999998,8453.439999999999,4707.15,68.90361256544502,3.113458717766737,24.644764397905757,44.25884816753926,1.1135911994322214,1.9998675183345158
2022,CLOBETASOL PROPIONATE EMOLLIENT,Generic,Skin & Mucous Membrane,Antiinflam S/MM Agnts&Comb NEC,95,2720,8263.49,5563.589999999999,2699.9000000000005,86.98410526315789,3.038047794117647,28.420000000000005,58.564105263157884,0.9926102941176472,2.0454375
2022,CLOMID,Brand,Hormones & Synthetic Subst,"Ovulation Stimulants, NEC",77,1644,1241.9,269.92,971.98,16.12857142857143,0.7554136253041364,12.623116883116884,3.505454545454546,0.5912287104622871,0.16418491484184916
2022,CLOMID,Generic,Hormones & Synthetic Subst,"Ovulation Stimulants, NEC",50,1956,2229.45,988.6,1240.85,44.589,1.1398006134969325,24.816999999999997,19.772000000000002,0.634381390593047,0.5054192229038855
2022,CLOMIPHENE CITRATE,Brand,Hormones & Synthetic Subst,"Ovulation Stimulants, NEC",847,16441,12797.05,2870.64,9926.41,15.108677685950413,0.7783620217748312,11.719492325855962,3.389185360094451,0.6037595036798248,0.17460251809500638
2022,CLOMIPHENE CITRATE,Generic,Hormones & Synthetic Subst,"Ovulation Stimulants, NEC",2785,75215,101015.84999999999,48008.67,53007.18,36.271400359066426,1.343027986438875,19.033098743267505,17.23830161579892,0.7047421392009573,0.6382858472379179
2022,CLOMIPRAMINE HCL,Generic,Central Nervous System,"Psychother, Antidepressants",2155,97493,438368.44999999995,357137.01999999996,81231.43,203.4192343387471,4.496409485809237,37.69439907192575,165.72483526682132,0.8332026914752854,3.6632067943339517
2022,CLONAZEPAM,Brand,Pharmaceutical Aids/Adjuvants,"Pharmaceutical Aids/Adjuv, NEC",12,328,2860.22,2485.22,375.0,238.35166666666666,8.720182926829267,31.25,207.10166666666666,1.1432926829268293,7.576890243902438
2022,CLONAZEPAM,Generic,Central Nervous System,"Anticonvulsant, Benzodiazepine",77616,2311203,275175.54000000004,51925.14,223250.39999999997,3.5453455473098336,0.11906160557943203,2.8763450834879403,0.6690004638218924,0.09659489019354854,0.022466715385883455
2022,CLONIDINE,Generic,Cardiovascular Agents,"Hypotensive Agents, NEC",838,36774,134532.77000000002,99803.85,34728.92,160.54029832935564,3.6583665089465387,41.442625298329354,119.09767303102626,0.9443878827432425,2.713978626203296
2022,CLONIDINE HCL,Generic,Cardiovascular Agents,"Hypotensive Agents, NEC",29457,1329072,142519.46000000002,18233.780000000006,124285.68000000001,4.838220456937231,0.1072323094610375,4.219223953559426,0.6189965033778051,0.09351312795695042,0.013719181504087068
2022,CLONIDINE HCL,Generic,Central Nervous System,"Analgesics/Antipyretics, NEC",2237,87633,194399.75,124123.53,70276.22,86.90198927134556,2.218339552451702,31.415386678587396,55.48660259275816,0.801937854461219,1.416401697990483
2022,CLOPIDOGREL,Generic,Blood Form/Coagul Agents,"Antiplatelet Agents, NEC",15586,1033192,169495.05,24228.640000000007,145266.41,10.874826767611959,0.16404990553546678,9.320313743102785,1.5545130245091754,0.14059962717481359,0.023450278360653207
2022,CLORAZEPATE DIPOTASSIUM,Generic,Central Nervous System,"ASH, Benzodiazepines",231,7440,26658.930000000008,19126.969999999994,7531.960000000001,115.40662337662341,3.5831895161290332,32.60588744588745,82.80073593073591,1.0123602150537636,2.570829301075268
2022,CLOTRIMAZOLE,Generic,Pharmaceutical Aids/Adjuvants,"Pharmaceutical Aids/Adjuv, NEC",27,747,693.36,43.72,649.64,25.68,0.9281927710843374,24.06074074074074,1.6192592592592592,0.869665327978581,0.05852744310575636
2022,CLOTRIMAZOLE,Generic,Skin & Mucous Membrane,"Antiinf S/MM,Antifungal & Comb",4564,91348,78325.53,22847.53,55478.0,17.161597283085012,0.8574411043482069,12.155565293602104,5.006031989482909,0.6073258308884705,0.2501152734597364
2022,CLOTRIMAZOLE 3,Generic,Skin & Mucous Membrane,"Antiinf S/MM,Antifungal & Comb",15,49,148.79000000000002,10.27,138.52,9.919333333333334,3.0365306122448983,9.234666666666667,0.6846666666666666,2.8269387755102042,0.20959183673469386
2022,CLOTRIMAZOLE-BETAMETHASONE DIPROPIONATE,Generic,Skin & Mucous Membrane,"Antiinf S/MM,Antifungal & Comb",10712,231225,156605.09,40955.9,115649.19,14.619593913368185,0.6772844199372905,10.796227595220314,3.8233663181478716,0.500158676613688,0.17712574332360256
2022,CLOZAPINE,Generic,Central Nervous System,"Psychother,Tranq/Antipsychotic",3634,88753,183639.99,111260.61,72379.38,50.533844248761696,2.069113044066116,19.917275729224,30.6165685195377,0.8155147431636114,1.2535983009025047
2022,CLOZARIL,Brand,Central Nervous System,"Psychother,Tranq/Antipsychotic",105,3048,73267.64,54348.46,18919.18,697.7870476190476,24.037939632545932,180.18266666666668,517.6043809523809,6.207080052493438,17.830859580052493
2022,COARTEM,Brand,Anti-Infective Agents,"Antimalarial Agents, NEC",42,545,7289.5,4092.1900000000005,3197.31,173.5595238095238,13.375229357798165,76.12642857142858,97.43309523809525,5.866623853211009,7.508605504587157
2022,CODEINE PHOSPHATE/GUAIFENESIN,Generic,Respiratory Tract Agents,"Cough/Cough/Cold Comb, NEC",2786,26265,19879.840000000004,2367.01,17512.829999999998,7.135620961952622,0.756894726822768,6.286012203876525,0.8496087580760948,0.6667744146202169,0.09012031220255093
2022,CODEINE SULFATE,Brand,Central Nervous System,"Analg/Antipyr, Opiate Agonists",130,2566,10347.49,8195.56,2151.93,79.59607692307692,4.0325370226032735,16.55330769230769,63.042769230769224,0.8386321122369446,3.193904910366329
2022,CODEINE SULFATE,Generic,Central Nervous System,"Analg/Antipyr, Opiate Agonists",89,1939,2410.54,1099.75,1310.7900000000002,27.084719101123596,1.2431872099020114,14.72797752808989,12.356741573033707,0.6760134089736979,0.5671738009283136
2022,CODEINE-GUAIFENESIN,Generic,Respiratory Tract Agents,"Cough/Cough/Cold Comb, NEC",9073,87581,67578.33,6211.43,61366.899999999994,7.44828943017745,0.7716094815085464,6.763683456409125,0.6846059737683237,0.7006873636976055,0.07092211781094074
2022,COENZYME Q10,Brand,Pharmaceutical Aids/Adjuvants,"Pharmaceutical Aids/Adjuv, NEC",33,666,9611.05,4553.599999999999,5057.450000000001,291.2439393939394,14.431006006006005,153.25606060606063,137.98787878787877,7.59376876876877,6.837237237237236
2022,COLCHICINE,Brand,Misc Therapeutic Agents,"Antigout Agents, NEC",186,6264,39749.42999999999,32941.96,6807.469999999999,213.70661290322576,6.345694444444443,36.59930107526881,177.10731182795698,1.0867608556832693,5.258933588761175
2022,COLCHICINE,Generic,Misc Therapeutic Agents,"Antigout Agents, NEC",9820,363406,917588.7,562302.5299999998,355286.17000000004,93.44080448065172,2.5249684925400238,36.17985437881874,57.260950101832975,0.9776563127741426,1.547312179765881
2022,COLCRYS,Brand,Misc Therapeutic Agents,"Antigout Agents, NEC",25,1446,6547.630000000001,2806.81,3740.82,261.90520000000004,4.528098201936377,149.6328,112.2724,2.5870124481327803,1.9410857538035962
2022,COLESEVELAM HYDROCHLORIDE,Generic,Cardiovascular Agents,"Antihyperlipidemic Drugs, NEC",516,26973,162276.16,136133.04999999996,26143.11,314.48868217054263,6.016244392540689,50.66494186046512,263.8237403100774,0.9692325658992326,5.047011826641455
2022,COLESTIPOL HYDROCHLORIDE,Generic,Cardiovascular Agents,"Antihyperlipidemic Drugs, NEC",1499,92783,182253.12000000002,125985.70000000001,56267.420000000006,121.58313542361576,1.964294321157971,37.53663775850568,84.04649766511008,0.6064410506234978,1.357853270534473
2022,COMBIGAN,Brand,"Eye, Ear, Nose Throat","Eye/Ear/Nose/Throat Misc, NEC",341,16386,104700.82,76141.25,28559.57,307.04052785923756,6.38965092151837,83.75240469208211,223.28812316715542,1.7429250579763211,4.6467258635420485
2022,COMBIPATCH,Brand,Hormones & Synthetic Subst,"Estrogens & Comb, NEC",1151,50813,319596.45,216893.32,102703.13,277.66850564726326,6.289659142345463,89.2294787141616,188.43902693310164,2.021197921791668,4.268461220553795
2022,COMBIVENT RESPIMAT,Brand,Autonomic Drugs,"Sympathomimetic Agents, NEC",1950,73126,885698.58,768851.29,116847.29,454.20439999999996,12.111951699805815,59.92168717948718,394.2827128205128,1.5978898066351228,10.514061893170693
2022,COMIRNATY,Brand,"Serums, Toxoids, Vaccines","Vaccines, NEC",32,32,1468.1600000000003,1468.1600000000003,0.0,45.88000000000001,45.88000000000001,0.0,45.88000000000001,0.0,45.88000000000001
2022,COMPLERA,Brand,Anti-Infective Agents,"Antivirals, NEC",144,7020,570590.4299999999,548237.6699999999,22352.760000000002,3962.4335416666663,81.28068803418803,155.22750000000002,3807.2060416666664,3.1841538461538463,78.09653418803418
2022,COMPLETE NATAL DHA,Brand,Vitamins & Comb,"Multivit Prep,Vitamin Prenatal",11,450,363.6,363.6,0.0,33.054545454545455,0.808,0.0,33.054545454545455,0.0,0.808
2022,COMPRO,Generic,Gastrointestinal Drugs,"Antiemetics, NEC",139,1727,23040.520000000004,19418.29,3622.2299999999996,165.75913669064752,13.341354950781705,26.059208633093522,139.69992805755396,2.097411696583671,11.243943254198031
2022,CONCERTA,Brand,Central Nervous System,"Stimulant, Amphetamine Type",1811,56797,448260.37999999995,291291.58999999997,156968.78999999998,247.52091662065155,7.8923249467401435,86.67520154610712,160.84571507454444,2.7636810042783946,5.128643942461749
2022,CONCERTA,Generic,Central Nervous System,"Stimulant, Amphetamine Type",22,798,11781.49,8597.789999999999,3183.7,535.5222727272727,14.76377192982456,144.71363636363637,390.8086363636363,3.9895989974937343,10.774172932330826
2022,CONDYLOX,Brand,Skin & Mucous Membrane,"Keratolytic Agents S/MM, NEC",74,1328,26843.730000000003,20286.020000000004,6557.71,362.75310810810817,20.213652108433738,88.6177027027027,274.13540540540544,4.938034638554217,15.27561746987952
2022,CONSTULOSE,Generic,"Electrolytic, Caloric, Water","Ammonia Detoxicants, NEC",100,2577,2948.7400000000002,1823.85,1124.8899999999999,29.4874,1.1442530073729142,11.248899999999999,18.2385,0.43651144741947995,0.7077415599534342
2022,CONTOUR NEXT,Brand,Diagnostic Agents,Diabetes Mell/Diab Supply NEC,790,42967,234537.38999999998,167150.90000000002,67386.49,296.88277215189873,5.458547024460632,85.29935443037975,211.58341772151903,1.5683312774920288,3.8902157469686043
2022,CONTOUR NEXT,Other,Diagnostic Agents,Diabetes Mell/Diab Supply NEC,17,500,3588.95,2538.95,1050.0,211.11470588235292,7.177899999999999,61.76470588235294,149.35,2.1,5.0779
2022,CONTRAVE,Brand,Misc Therapeutic Agents,"Misc Therapeutic Agents, NEC",761,25262,300643.92,219819.90000000002,80824.01999999999,395.0642838370565,11.901033964056685,106.20764783180024,288.8566360052563,3.1994307655767553,8.701603198479932
2022,COPAXONE,Brand,Misc Therapeutic Agents,Biological Response Modifiers,1056,30205,5738664.510000001,5614046.930000001,124617.57999999999,5434.341392045455,189.99054825360042,118.00907196969696,5316.332320075759,4.125726866412845,185.86482138718756
2022,COPAXONE,Generic,Misc Therapeutic Agents,Biological Response Modifiers,12,336,67554.12,66834.12,720.0,5629.509999999999,201.05392857142857,60.0,5569.509999999999,2.142857142857143,198.9110714285714
2022,COQ10,Generic,Vitamins & Comb,"Vitamins & Comb, Misc, NEC",13,510,217.14,0.0,217.14,16.70307692307692,0.42576470588235293,16.70307692307692,0.0,0.42576470588235293,0.0
2022,CORDRAN TAPE,Brand,Skin & Mucous Membrane,Antiinflam S/MM Agnts&Comb NEC,41,1156,20287.02,14984.089999999998,5302.93,494.80536585365854,17.54932525951557,129.33975609756098,365.46560975609754,4.587309688581315,12.962015570934255
2022,CORGARD,Brand,Cardiovascular Agents,"Cardiac, Beta Blockers",17,1170,3854.76,2193.39,1661.37,226.75058823529412,3.2946666666666666,97.72764705882352,129.02294117647057,1.419974358974359,1.8746923076923077
2022,CORLANOR,Brand,Cardiovascular Agents,"Cardiac Drugs, NEC",397,18737,241004.09000000003,203170.18,37833.909999999996,607.0631989924434,12.862469445482203,95.29952141057933,511.763677581864,2.019208517905748,10.843260927576452
2022,CORTEF,Brand,Hormones & Synthetic Subst,"Adrenals & Comb, NEC",31,1317,3260.3999999999996,1531.5699999999997,1728.83,105.17419354838708,2.475626423690205,55.76870967741935,49.405483870967736,1.3127031131359148,1.1629233105542898
2022,CORTIFOAM,Brand,Skin & Mucous Membrane,Antiinflam S/MM Agnts&Comb NEC,91,1943,46247.05,37730.61,8516.44,508.2093406593407,23.80187853834277,93.58725274725275,414.6220879120879,4.3831394750386,19.41873906330417
2022,CORTISONE,Generic,Skin & Mucous Membrane,Antiinflam S/MM Agnts&Comb NEC,19,427,67.14,0.0,67.14,3.533684210526316,0.15723653395784543,3.533684210526316,0.0,0.15723653395784543,0.0
2022,CORTISPORIN TC,Brand,"Eye, Ear, Nose Throat","Antiinfect, Antiinflam EENT",152,1767,22651.489999999998,13426.72,9224.769999999999,149.02296052631579,12.819179400113185,60.68927631578946,88.33368421052631,5.220582908885115,7.5985964912280695
2022,COSENTYX,Brand,Immunosuppressants,"Immunosuppressants, NEC",3411,96386,22586787.559999995,21896803.830000002,689983.7300000001,6621.74950454412,234.33680783516274,202.28194957490476,6419.467554969217,7.158547195650821,227.178260639512
2022,COSOPT PF,Brand,"Eye, Ear, Nose Throat","Eye/Ear/Nose/Throat Misc, NEC",40,2060,10169.75,6697.97,3471.78,254.24375,4.9367718446601945,86.7945,167.44925,1.6853300970873788,3.2514417475728155
2022,COTEMPLA XR-ODT,Brand,Central Nervous System,"Stimulant, Amphetamine Type",92,2708,24327.699999999997,11865.08,12462.619999999999,264.4315217391304,8.983641063515508,135.4632608695652,128.96826086956523,4.602149187592318,4.3814918759231904
2022,COZAAR,Brand,Cardiovascular Agents,"Cardiac Drugs, NEC",35,2704,9220.289999999999,5849.410000000001,3370.88,263.4368571428571,3.4098705621301773,96.31085714285715,167.12600000000003,1.2466272189349112,2.1632433431952665
2022,CREON,Brand,Gastrointestinal Drugs,"Digestants & Comb, NEC",2513,94918,4539463.9,4353920.33,185543.57,1806.3923199363312,47.82511114857035,73.83349383207322,1732.5588261042578,1.95477749215112,45.87033365641923
2022,CRESEMBA,Brand,Anti-Infective Agents,"Antibiot, Antifungals",119,3803,536992.11,531512.7999999999,5479.3099999999995,4512.538739495798,141.20223770707335,46.04462184873949,4466.494117647058,1.4407862214041545,139.7614514856692
2022,CRESTOR,Brand,Cardiovascular Agents,"Antihyperlipidemic Drugs, NEC",437,29936,183673.52,123041.98,60631.54,420.30553775743704,6.135539818278994,138.744942791762,281.560594965675,2.0253721272047036,4.110167691074292
2022,CRINONE,Brand,Hormones & Synthetic Subst,"Progestins, NEC",1194,31475,984177.1600000001,859487.1399999999,124690.01999999999,824.2689782244557,31.268535663224785,104.43050251256281,719.8384757118927,3.961557426528991,27.306978236695787
2022,CROMOLYN SODIUM,Generic,"Eye, Ear, Nose Throat","Eye/Ear/Nose/Throat Misc, NEC",469,15845,3445.73,304.95000000000005,3140.78,7.346972281449894,0.21746481539917956,6.696759061833689,0.6502132196162048,0.19821899652887348,0.019245818870306092
2022,CROMOLYN SODIUM,Generic,Misc Therapeutic Agents,"Mast Cell Stabilizers, NEC",1363,45859,868818.3799999999,817116.1500000001,51702.23,637.4309464416727,18.945427942170564,37.932670579603815,599.498275862069,1.1274173008569748,17.818010641313595
2022,CRYSELLE,Generic,Hormones & Synthetic Subst,"Contraceptive, Oral Comb, NEC",2727,175640,110490.64,110330.53,160.11,40.5172863953062,0.629074470507857,0.058712871287128716,40.458573524019066,0.0009115805055795947,0.6281628900022774
2022,CRYSVITA,Brand,"Electrolytic, Caloric, Water",Phosphorus Regulating Agents,139,3898,4908868.300000001,4887168.300000001,21700.0,35315.599280575545,1259.3299897383276,156.11510791366908,35159.484172661876,5.566957414058492,1253.763032324269
2022,CUE COVID-19 TEST HOME/OTC,Brand,Diagnostic Agents,"Diagnostic Agents, Misc, NEC",18,18,6277.79,6277.79,0.0,348.7661111111111,348.7661111111111,0.0,348.7661111111111,0.0,348.7661111111111
2022,CUPRIMINE,Brand,Heavy Metal Antagonists,"Heavy Metal Antagonists, NEC",12,360,370222.38,368502.38,1720.0,30851.865,1028.3955,143.33333333333334,30708.531666666666,4.777777777777778,1023.6177222222223
2022,CUVITRU,Brand,"Serums, Toxoids, Vaccines","Serums, NEC",43,1120,112080.43000000001,104270.43000000001,7810.0,2606.521627906977,100.07181250000001,181.62790697674419,2424.8937209302326,6.973214285714286,93.09859821428572
2022,CVS PHARMACY KETONE,Brand,Diagnostic Agents,"Diagnostic Agents, Misc, NEC",54,3105,342.92,38.75,304.16999999999996,6.350370370370371,0.11044122383252819,5.632777777777777,0.7175925925925926,0.09796135265700481,0.01247987117552335
2022,CYANOCOBALAMIN,Generic,Vitamins & Comb,"Vitamins Bs & B Complex, NEC",6092,371978,51169.210000000014,7125.299999999999,44043.91,8.399410702560738,0.1375597750404594,7.229794812869337,1.1696158896913984,0.11840460995005082,0.01915516509040857
2022,CYCLOBENZAPRINE HCL,Generic,Autonomic Drugs,"Muscle Relax, Skeletal Central",64363,1270927,131155.33000000002,22997.949999999997,108157.38,2.037744200860743,0.1031965880023007,1.6804278855864394,0.3573163152743035,0.08510117418230945,0.018095413819991232
2022,CYCLOMYDRIL,Brand,"Eye, Ear, Nose Throat","Mydriatics EENT, NEC",15,196,327.58,7.76,319.82,21.838666666666665,1.671326530612245,21.32133333333333,0.5173333333333333,1.631734693877551,0.039591836734693873
2022,CYCLOPENTOLATE HCL,Generic,"Eye, Ear, Nose Throat","Mydriatics EENT, NEC",497,12501,5546.5199999999995,432.98999999999995,5113.53,11.159999999999998,0.443686105111591,10.288792756539236,0.8712072434607645,0.4090496760259179,0.034636429085673145
2022,CYCLOPHOSPHAMIDE,Generic,Antineoplastic Agents,Chemotherapy,84,2401,27106.32,26358.52,747.8,322.6942857142857,11.289596001665972,8.902380952380952,313.7919047619048,0.3114535610162432,10.97814244064973
2022,CYCLOSET,Brand,Central Nervous System,"CNS Agents, Misc.",29,1143,10621.949999999999,7106.42,3515.53,366.27413793103443,9.293044619422572,121.2251724137931,245.04896551724138,3.07570428696413,6.217340332458443
2022,CYCLOSPORINE,Brand,"Eye, Ear, Nose Throat","Eyewash/Eyestrm/Lubr/Tear, NEC",25,937,16703.71,15846.41,857.3,668.1483999999999,17.826798292422623,34.292,633.8564,0.914941302027748,16.911856990394877
2022,CYCLOSPORINE,Generic,"Eye, Ear, Nose Throat","Eyewash/Eyestrm/Lubr/Tear, NEC",3505,159271,1929846.8699999999,1735287.36,194559.50999999998,550.5982510699001,12.116749879136817,55.509132667617685,495.0891184022825,1.221562682472013,10.895187196664805
2022,CYCLOSPORINE,Generic,Immunosuppressants,"Immunosuppressants, NEC",381,18939,157029.74999999997,136596.82,20432.93,412.1515748031495,8.291343259939806,53.6297375328084,358.5218372703412,1.0788811447278104,7.212462115211997
2022,"CYCLOSPORINE, MODIFIED",Generic,Immunosuppressants,"Immunosuppressants, NEC",301,12403,42330.42,33054.56,9275.86,140.6326245847176,3.4129178424574698,30.816810631229238,109.81581395348836,0.7478722889623479,2.665045553495122
2022,CYMBALTA,Brand,Central Nervous System,"Psychother, Antidepressants",191,10304,103076.26,77887.35,25188.909999999996,539.6662827225131,10.00351902173913,131.87910994764397,407.78717277486913,2.4445758928571424,7.558943128881988
2022,CYPROHEPTADINE HCL,Generic,Antihistamines & Comb.,"Antihistamines & Comb, NEC",5375,213091,78486.96999999999,18038.810000000005,60448.159999999996,14.602226976744184,0.3683260672670361,11.246169302325582,3.3560576744186057,0.28367298478114983,0.08465308248588634
2022,CYRED EQ,Generic,Hormones & Synthetic Subst,"Contraceptive, Oral Comb, NEC",17,1141,545.9399999999999,545.9399999999999,0.0,32.11411764705882,0.4784750219106047,0.0,32.11411764705882,0.0,0.4784750219106047
2022,CYSTADANE,Brand,Misc Therapeutic Agents,"Misc Therapeutic Agents, NEC",56,1582,92049.48,86947.17,5102.31,1643.7407142857141,58.185512010113776,91.11267857142857,1552.6280357142857,3.2252275600505693,54.96028445006321
2022,CYSTADROPS,Brand,"Eye, Ear, Nose Throat","Eye/Ear/Nose/Throat Misc, NEC",11,308,86051.35,85301.35,750.0,7822.85,279.38750000000005,68.18181818181819,7754.668181818182,2.435064935064935,276.95243506493506
2022,CYTOMEL,Brand,Hormones & Synthetic Subst,"Thy/Antithy, Thyroid/Hormones",238,14614,28442.690000000002,5355.51,23087.18,119.50710084033615,1.946263172300534,97.00495798319328,22.502142857142857,1.579798823046394,0.3664643492541399
2022,D3,Generic,Vitamins & Comb,"Vitamin D, NEC",12,420,39.74,0.0,39.74,3.311666666666667,0.09461904761904763,3.311666666666667,0.0,0.09461904761904763,0.0
2022,D3 2000,Generic,Vitamins & Comb,"Vitamin D, NEC",241,18727,556.2399999999999,13.34,542.9,2.30804979253112,0.02970256848400704,2.2526970954356846,0.055352697095435686,0.028990228013029314,0.0007123404709777327
2022,D3-50,Generic,Vitamins & Comb,"Vitamin D, NEC",115,6875,270.54999999999995,0.0,270.55,2.3526086956521737,0.03935272727272727,2.352608695652174,0.0,0.039352727272727275,0.0
2022,D3-5000,Generic,"Electrolytic, Caloric, Water","Repl Preps, Calcium Supp",39,2448,174.03,9.8,164.23,4.462307692307692,0.0710906862745098,4.211025641025641,0.2512820512820513,0.0670874183006536,0.00400326797385621
2022,D-1000,Generic,"Electrolytic, Caloric, Water","Repl Preps, Calcium Supp",18,1160,31.72,6.960000000000001,24.759999999999998,1.7622222222222221,0.027344827586206894,1.3755555555555554,0.3866666666666667,0.021344827586206896,0.006000000000000001
2022,D-2000,Generic,"Electrolytic, Caloric, Water","Repl Preps, Calcium Supp",92,7203,270.99,3.57,267.42,2.94554347826087,0.03762182423990004,2.906739130434783,0.03880434782608695,0.03712619741774261,0.0004956268221574344
2022,DABIGATRAN ETEXILATE MESYLATE,Generic,Blood Form/Coagul Agents,"Coag/Anticoag, Anticoagulants",18,600,7349.099999999999,6394.099999999999,955.0,408.2833333333333,12.2485,53.05555555555556,355.22777777777776,1.5916666666666666,10.656833333333333
2022,DALFAMPRIDINE,Brand,Pharmaceutical Aids/Adjuvants,"Pharmaceutical Aids/Adjuv, NEC",12,360,1133.42,373.42,760.0,94.45166666666667,3.148388888888889,63.333333333333336,31.118333333333336,2.111111111111111,1.0372777777777777
2022,DALFAMPRIDINE,Generic,Central Nervous System,"CNS Agents, Misc.",777,23370,872659.9000000003,831292.76,41367.14,1123.1144144144148,37.34103123662817,53.23956241956242,1069.874851994852,1.7700958493795464,35.57093538724861
2022,DALIRESP,Brand,Misc Therapeutic Agents,"Misc Therapeutic Agents, NEC",267,10188,127990.29000000001,112176.48000000001,15813.810000000001,479.36438202247194,12.562847467608952,59.22775280898877,420.13662921348316,1.5521996466431096,11.010647820965843
2022,DANAZOL,Generic,Hormones & Synthetic Subst,"Androgens & Comb, NEC",72,2990,25211.760000000002,21855.64,3356.12,350.16333333333336,8.432026755852844,46.61277777777778,303.55055555555555,1.122448160535117,7.309578595317726
2022,DANTROLENE SODIUM,Generic,Autonomic Drugs,"Muscle Relax, Skeletal, Misc",112,3421,7630.33,3873.26,3757.0699999999997,68.12794642857143,2.2304384682841274,33.54526785714285,34.58267857142857,1.0982373574978075,1.13220111078632
2022,DAPSONE,Brand,Anti-Infective Agents,"Sulfones, NEC",53,1615,18527.93,13198.11,5329.82,349.58358490566036,11.472402476780186,100.56264150943396,249.02094339622641,3.3001981424148603,8.172204334365325
2022,DAPSONE,Generic,Anti-Infective Agents,"Sulfones, NEC",3259,111263,986875.57,857364.13,129511.43999999999,302.8154556612458,8.869755174676218,39.7396256520405,263.0758300092053,1.1640117559296441,7.705743418746573
2022,DARIFENACIN HYDROBROMIDE,Generic,Smooth Muscle Relaxants,"Muscle Rel,Smooth-Genitour NEC",252,12885,61488.0,53012.45,8475.55,244.0,4.7720605355064025,33.633134920634916,210.36686507936506,0.6577842452464105,4.114276290259992
2022,DASETTA 1/35,Generic,Hormones & Synthetic Subst,"Contraceptive, Oral Comb, NEC",162,10330,6061.910000000001,6061.910000000001,0.0,37.4191975308642,0.5868257502420137,0.0,37.4191975308642,0.0,0.5868257502420137
2022,DASETTA 7/7/7,Generic,Hormones & Synthetic Subst,"Contraceptive, Oral Comb, NEC",53,2765,1702.4000000000003,1702.4000000000003,0.0,32.12075471698114,0.6156962025316457,0.0,32.12075471698114,0.0,0.6156962025316457
2022,DAYSEE,Generic,Hormones & Synthetic Subst,"Contraceptive, Oral Comb, NEC",163,15074,13611.55,13611.55,0.0,83.5064417177914,0.9029819556852858,0.0,83.5064417177914,0.0,0.9029819556852858
2022,DAYTRANA,Brand,Central Nervous System,"Stimulant, Amphetamine Type",381,11932,118422.14,81702.67,36719.469999999994,310.81926509186354,9.924751927589675,96.37656167979002,214.44270341207348,3.077394401609118,6.847357525980557
2022,DAYVIGO,Brand,Central Nervous System,Anxiolytic/Sedative/Hypnot NEC,217,6428,39915.27999999999,26168.35,13746.929999999998,183.94138248847923,6.209595519601741,63.34990783410137,120.59147465437788,2.138601431238332,4.07099408836341
2022,DEBACTEROL,Brand,Skin & Mucous Membrane,"S/MM Miscellaneous, NEC",15,205,184.69,0.0,184.69,12.312666666666667,0.9009268292682927,12.312666666666667,0.0,0.9009268292682927,0.0
2022,DEBLITANE,Generic,Hormones & Synthetic Subst,"Progestins, NEC",122,6552,2893.3099999999995,2893.3099999999995,0.0,23.715655737704914,0.44159188034188024,0.0,23.715655737704914,0.0,0.44159188034188024
2022,DEEP SEA,Generic,"Eye, Ear, Nose Throat","Eyewash/Eyestrm/Lubr/Tear, NEC",120,3109,239.48000000000002,8.440000000000001,231.04000000000002,1.995666666666667,0.07702798327436475,1.9253333333333336,0.07033333333333334,0.07431328401415246,0.002714699260212287
2022,DEFERASIROX,Generic,Heavy Metal Antagonists,"Heavy Metal Antagonists, NEC",37,1350,205707.02999999997,204406.88999999998,1300.1399999999999,5559.649459459459,152.37557777777775,35.13891891891892,5524.51054054054,0.9630666666666666,151.4125111111111
2022,DELESTROGEN,Brand,Hormones & Synthetic Subst,"Estrogens & Comb, NEC",62,2290,8581.64,5643.63,2938.0099999999993,138.41354838709677,3.747441048034934,47.38725806451612,91.02629032258065,1.2829737991266372,2.464467248908297
2022,DELSTRIGO,Brand,Anti-Infective Agents,"Antivirals, NEC",72,3360,215585.46,211485.46,4100.0,2994.2425,64.16233928571428,56.94444444444444,2937.2980555555555,1.2202380952380953,62.94210119047619
2022,DELZICOL,Brand,Gastrointestinal Drugs,"Gastrointestinal Drug Misc,NEC",25,772,11580.16,6908.219999999999,4671.9400000000005,463.2064,15.00020725388601,186.87760000000003,276.3288,6.051735751295338,8.948471502590673
2022,DEMECLOCYCLINE HCL,Generic,Anti-Infective Agents,"Antibiot, Tetracyclines",27,928,11677.259999999998,11094.759999999998,582.5,432.491111111111,12.583254310344826,21.574074074074073,410.917037037037,0.6276939655172413,11.955560344827585
2022,DENAVIR,Brand,Skin & Mucous Membrane,"Antiinf S/MM,Antivirals & Comb",241,3835,119495.17999999998,92847.85999999999,26647.32,495.8306224066389,31.159108213820073,110.56979253112033,385.2608298755186,6.9484537157757496,24.210654498044324
2022,DENTA 5000 PLUS,Brand,Dental Agents,"Fluoride Preparations, NEC",488,24049,5541.57,320.43,5221.14,11.355676229508196,0.23042829223668343,10.699057377049181,0.6566188524590164,0.21710424549877336,0.0133240467379101
2022,DENTA 5000 PLUS,Generic,Dental Agents,"Fluoride Preparations, NEC",2227,97075,22623.74,708.5000000000001,21915.239999999998,10.158841490794792,0.23305423641514295,9.840700493938032,0.318140996856758,0.22575575585887198,0.007298480556270926
2022,DENTAGEL,Brand,Dental Agents,"Fluoride Preparations, NEC",143,4964,1189.18,147.89000000000001,1041.29,8.315944055944057,0.23956083803384368,7.281748251748252,1.0341958041958044,0.20976833199033038,0.029792506043513297
2022,DENTAGEL,Generic,Dental Agents,"Fluoride Preparations, NEC",649,20888,5183.9,234.3,4949.6,7.9875192604006156,0.24817598621217923,7.626502311248075,0.3610169491525424,0.2369590195327461,0.011216966679433168
2022,DEPAKOTE,Brand,Central Nervous System,"Anticonvulsants, Misc",161,9197,108507.19,83474.57,25032.62,673.957701863354,11.798106991410243,155.48211180124224,518.4755900621118,2.7218245079917365,9.076282483418506
2022,DEPAKOTE ER,Brand,Central Nervous System,"Anticonvulsants, Misc",257,12461,128360.0,97874.26,30485.739999999998,499.45525291828795,10.300938929459916,118.62155642023346,380.83369649805445,2.446492255838215,7.854446673621699
2022,DEPAKOTE SPRINKLES,Brand,Central Nervous System,"Anticonvulsants, Misc",77,3307,25711.069999999996,16595.989999999998,9115.08,333.90999999999997,7.774741457514362,118.37766233766234,215.53233766233762,2.7562987602056244,5.018442697308738
2022,DEPO-ESTRADIOL,Brand,Hormones & Synthetic Subst,"Estrogens & Comb, NEC",51,1724,7578.41,4369.969999999999,3208.4399999999996,148.59627450980392,4.395829466357308,62.91058823529411,85.68568627450979,1.861044083526682,2.534785382830626
2022,DEPO-SUBQ PROVERA 104,Brand,Hormones & Synthetic Subst,"Progestins, NEC",228,19426,10989.02,9811.98,1177.04,48.19745614035088,0.565686193760939,5.162456140350877,43.035,0.06059096056831051,0.5050952331926284
2022,DEPO-TESTOSTERONE,Brand,Hormones & Synthetic Subst,"Androgens & Comb, NEC",24,790,1455.08,773.96,681.1199999999999,60.62833333333333,1.8418734177215188,28.379999999999995,32.248333333333335,0.8621772151898732,0.9796962025316456
2022,DESCOVY,Brand,Anti-Infective Agents,"Antivirals, NEC",5748,238378,11121948.62,10484455.91,637492.71,1934.9249512874042,46.65677461846311,110.90687369519833,1824.018077592206,2.674293391168648,43.982481227294464
2022,DESIPRAMINE HCL,Generic,Central Nervous System,"Psychother, Antidepressants",960,50252,55695.67000000001,25659.52,30036.149999999998,58.01632291666668,1.10832742975404,31.287656249999998,26.728666666666665,0.5977105388840245,0.5106168908700152
2022,DESLORATADINE,Generic,Antihistamines & Comb.,"Antihistamines & Comb, NEC",140,7794,5829.22,2328.7999999999997,3500.42,41.63728571428572,0.7479112137541699,25.003,16.634285714285713,0.4491172696946369,0.2987939440595329
2022,DESMOPRESSIN ACETATE,Generic,Hormones & Synthetic Subst,"Pituitary Hormones, NEC",2458,108648,360900.59,264221.74000000005,96678.85,146.8269283970708,3.321741679552316,39.3323230268511,107.49460537021972,0.889835523893675,2.431906155658641
2022,DESOGESTREL-ETHINYL ESTRADIOL-ETHINYL ESTRADIOL,Generic,Hormones & Synthetic Subst,"Contraceptive, Oral Comb, NEC",260,14119,7391.47,7391.47,0.0,28.42873076923077,0.5235122884056945,0.0,28.42873076923077,0.0,0.5235122884056945
2022,DESOGESTREL/ETHINYL ESTRADIOL,Generic,Hormones & Synthetic Subst,"Contraceptive, Oral Comb, NEC",61,4515,1232.52,1232.52,0.0,20.205245901639344,0.27298338870431893,0.0,20.205245901639344,0.0,0.27298338870431893
2022,DESONIDE,Generic,Skin & Mucous Membrane,Antiinflam S/MM Agnts&Comb NEC,3385,78907,196049.16999999993,119198.27,76850.89999999998,57.91703692762184,2.4845599249749695,22.70336779911373,35.21366912850812,0.9739427427224452,1.5106171822525252
2022,DESOXIMETASONE,Generic,Skin & Mucous Membrane,Antiinflam S/MM Agnts&Comb NEC,558,15348,63933.1,49213.13999999999,14719.96,114.57544802867383,4.1655655459994785,26.37985663082437,88.19559139784946,0.959080010424811,3.206485535574667
2022,DESVENLAFAXINE,Brand,Central Nervous System,"Psychother, Antidepressants",225,8093,31038.770000000004,17275.050000000003,13763.720000000001,137.9500888888889,3.835261336957865,61.172088888888894,76.77800000000002,1.7006944272828373,2.134566909675028
2022,DESVENLAFAXINE,Generic,Central Nervous System,"Psychother, Antidepressants",9850,473515,924526.2599999999,542896.5,381629.7600000001,93.86053401015228,1.9524751275038803,38.744138071066004,55.116395939086296,0.8059507301775025,1.1465243973263783
2022,DEXAMETHASONE,Brand,Hormones & Synthetic Subst,"Adrenals & Comb, NEC",1638,18591,20755.05,8511.26,12243.79,12.670970695970695,1.116403098273358,7.474841269841271,5.196129426129426,0.6585869506750579,0.45781614759830025
2022,DEXAMETHASONE,Generic,Hormones & Synthetic Subst,"Adrenals & Comb, NEC",9366,108873,112020.98999999999,38779.78,73241.21,11.960387572069186,1.0289143313769253,7.819902840059791,4.140484732009395,0.6727215195686718,0.35619281180825363
2022,DEXAMETHASONE INTENSOL,Brand,Hormones & Synthetic Subst,"Adrenals & Comb, NEC",207,924,4484.580000000001,810.2,3674.3799999999997,21.664637681159423,4.85344155844156,17.75062801932367,3.914009661835749,3.9766017316017312,0.8768398268398269
2022,DEXAMETHASONE INTENSOL,Generic,Hormones & Synthetic Subst,"Adrenals & Comb, NEC",51,135,1085.04,531.48,553.56,21.275294117647057,8.037333333333333,10.854117647058823,10.421176470588236,4.100444444444444,3.936888888888889
2022,DEXAMETHASONE SODIUM PHOSPHATE,Brand,"Eye, Ear, Nose Throat","Antiinflam Agents EENT, NEC",90,1441,5582.97,3067.0099999999998,2515.96,62.033,3.8743719639139487,27.955111111111112,34.077888888888886,1.7459819569743233,2.128390006939625
2022,DEXAMETHASONE SODIUM PHOSPHATE,Generic,"Eye, Ear, Nose Throat","Antiinflam Agents EENT, NEC",98,1484,4725.49,2566.69,2158.8,48.21928571428571,3.1842924528301886,22.028571428571432,26.190714285714286,1.4547169811320757,1.7295754716981133
2022,DEXAMETHASONE SODIUM PHOSPHATE,Generic,Hormones & Synthetic Subst,"Adrenals & Comb, NEC",57,921,589.0899999999999,307.7,281.39000000000004,10.334912280701753,0.6396199782844733,4.936666666666667,5.398245614035088,0.3055266015200869,0.33409337676438655
2022,DEXAMETHASONE-NEOMYCIN-POLYMYXIN,Generic,"Eye, Ear, Nose Throat","Antiinfect, Antiinflam EENT",5937,83469,88555.87000000001,10357.45,78198.41999999998,14.915928920330135,1.0609432244306272,13.171369378473974,1.7445595418561564,0.936855838694605,0.12408738573602177
2022,DEXCOM G6 RECEIVER,Brand,Diagnostic Agents,Diabetes Mell/Diab Supply NEC,102,5495,36394.74,30663.09,5731.650000000001,356.81117647058824,6.623246587807097,56.19264705882353,300.6185294117647,1.0430664240218381,5.5801801637852595
2022,DEXCOM G6 RECEIVER,Other,Diagnostic Agents,Diabetes Mell/Diab Supply NEC,11,570,4321.63,3568.07,753.56,392.87545454545455,7.58180701754386,68.50545454545454,324.37,1.3220350877192981,6.259771929824562
2022,DEXCOM G6 SENSOR,Brand,Diagnostic Agents,Diabetes Mell/Diab Supply NEC,11029,558393,3610792.32,2776660.4,834131.92,327.39072626711396,6.466399686242485,75.63078429594705,251.7599419711669,1.4938079811172418,4.972591705125243
2022,DEXCOM G6 SENSOR,Other,Diagnostic Agents,Diabetes Mell/Diab Supply NEC,396,19978,242592.42,212856.71,29735.71,612.6071212121212,12.142978276103715,75.09017676767677,537.5169444444444,1.4884227650415456,10.654555511062169
2022,DEXCOM G6 TRANSMITTER,Brand,Diagnostic Agents,Diabetes Mell/Diab Supply NEC,6074,487501,800745.5300000001,388577.62000000005,412167.91,131.83166447151797,1.642551563996792,67.8577395456042,63.97392492591374,0.8454709015981505,0.7970806623986414
2022,DEXCOM G6 TRANSMITTER,Other,Diagnostic Agents,Diabetes Mell/Diab Supply NEC,210,17904,51978.19,38009.38,13968.810000000001,247.5151904761905,2.903160746201966,66.51814285714286,180.9970476190476,0.7802060991957105,2.1229546470062552
2022,DEXILANT,Brand,Gastrointestinal Drugs,"Gastrointestinal Drug Misc,NEC",431,17722,180140.19,147287.43000000002,32852.76,417.95867749419955,10.164777677463041,76.22450116009281,341.7341763341068,1.8537839972915022,8.31099368017154
2022,DEXLANSOPRAZOLE,Brand,Gastrointestinal Drugs,"Gastrointestinal Drug Misc,NEC",196,9651,85065.49,67555.78,17509.71,434.0076020408164,8.814163299139986,89.33525510204082,344.6723469387755,1.8142897109107863,6.999873588229199
2022,DEXLANSOPRAZOLE,Generic,Gastrointestinal Drugs,"Gastrointestinal Drug Misc,NEC",302,14609,94323.71,77424.86,16898.85,312.3301655629139,6.456548018344856,55.95645695364238,256.37370860927155,1.1567424190567457,5.29980559928811
2022,DEXMETHYLPHENIDATE HCL,Generic,Central Nervous System,"Stimulant, Amphetamine Type",24548,755277,1597668.94,940771.19,656897.75,65.08346667752974,2.1153417090683284,26.759725843245885,38.323740834283846,0.869744146849434,1.2455975622188944
2022,DEXTROAMPH SACC-AMPH ASP-DEXTROAM SULF-AMPHET SULF,Generic,Central Nervous System,"Stimulant, Amphetamine Type",17015,520597,839073.65,341670.75,497402.89999999997,49.31376138701146,1.611752756930985,29.23320011754334,20.080561269468117,0.9554471116813965,0.6563056452495885
2022,DEXTROAMPHETAMINE SULFATE,Generic,Central Nervous System,"Stimulant, Amphetamine Type",5864,177967,520266.02,339251.04,181014.98,88.72203615279673,2.9233847848196577,30.868857435197818,57.85317871759891,1.017126658313058,1.9062581265065994
2022,DEXTROMETHORPHAN/PROMETHAZINE,Generic,Antihistamines & Comb.,"Antihistamines & Comb, NEC",286,2770,2676.64,348.89000000000004,2327.75,9.358881118881119,0.9662960288808664,8.138986013986013,1.219895104895105,0.8403429602888086,0.12595306859205777
2022,DIACOMIT,Brand,Central Nervous System,"Anticonvulsants, Misc",23,720,96436.0,94286.0,2150.0,4192.869565217391,133.9388888888889,93.47826086956522,4099.391304347826,2.986111111111111,130.95277777777778
2022,DIASTAT ACUDIAL,Brand,Central Nervous System,"ASH, Benzodiazepines",11,97,3667.0200000000004,3192.0200000000004,475.0,333.3654545454546,37.80432989690722,43.18181818181818,290.1836363636364,4.896907216494846,32.907422680412374
2022,DIAZEPAM,Brand,Central Nervous System,"ASH, Benzodiazepines",183,959,81961.64,71619.6,10342.04,447.87781420765026,85.46573514077164,56.51387978142077,391.36393442622955,10.784191866527634,74.681543274244
2022,DIAZEPAM,Generic,Central Nervous System,"ASH, Benzodiazepines",22812,399388,104405.65000000001,56370.51,48035.14,4.576786340522532,0.2614140885554899,2.1056961248465718,2.47109021567596,0.12027186595491102,0.1411422226005789
2022,DIAZEPAM INTENSOL,Generic,Central Nervous System,"ASH, Benzodiazepines",19,343,755.6700000000001,483.05,272.62,39.7721052631579,2.203119533527697,14.34842105263158,25.423684210526318,0.7948104956268222,1.4083090379008747
2022,DIAZOXIDE,Generic,Cardiovascular Agents,"Hypotensive Agents, NEC",30,968,23806.68,22466.68,1340.0,793.556,24.593677685950414,44.666666666666664,748.8893333333333,1.384297520661157,23.209380165289257
2022,DICLEGIS,Brand,Antihistamines & Comb.,"Antihistamines & Comb, NEC",17,354,4814.139999999999,4083.59,730.55,283.1847058823529,13.599265536723163,42.9735294117647,240.21117647058824,2.0637005649717515,11.535564971751413
2022,DICLOFENAC EPOLAMINE,Brand,Skin & Mucous Membrane,"S/MM Miscellaneous, NEC",31,885,14937.67,13194.68,1742.99,481.8603225806452,16.87872316384181,56.22548387096774,425.6348387096774,1.9694802259887005,14.909242937853108
2022,DICLOFENAC POTASSIUM,Generic,Central Nervous System,"Analg/Antipyr,Nonstr/Antiinflm",1327,31715,65588.10999999999,41785.700000000004,23802.41,49.425855312735486,2.0680469809238526,17.93700828937453,31.488847023360968,0.7505095380734668,1.3175374428503863
2022,DICLOFENAC SODIUM,Generic,Central Nervous System,"Analg/Antipyr,Nonstr/Antiinflm",27629,782005,463911.62000000005,175889.31,288022.31000000006,16.790749574722213,0.5932335726753666,10.424637518549352,6.366112056172862,0.3683126194845302,0.22492095319083638
2022,DICLOFENAC SODIUM,Generic,"Eye, Ear, Nose Throat","Antiinflam Agents EENT, NEC",587,14102,7194.840000000001,887.67,6307.169999999999,12.256967632027258,0.5101999716352291,10.744752981260646,1.5122146507666099,0.4472535810523329,0.06294639058289604
2022,DICLOFENAC SODIUM,Generic,Skin & Mucous Membrane,"S/MM Miscellaneous, NEC",490,14426,69310.84,53089.590000000004,16221.25,141.450693877551,4.804577845556634,33.10459183673469,108.34610204081633,1.1244454457230002,3.680132399833634
2022,DICLOFENAC SODIUM DR,Generic,Central Nervous System,"Analg/Antipyr,Nonstr/Antiinflm",111,3450,1175.27,337.1,838.17,10.588018018018017,0.34065797101449274,7.5510810810810804,3.0369369369369372,0.2429478260869565,0.09771014492753624
2022,DICLOFENAC SODIUM-MISOPROSTOL,Generic,Central Nervous System,"Analg/Antipyr,Nonstr/Antiinflm",198,6801,27081.189999999995,19450.280000000002,7630.91,136.77368686868684,3.981942361417438,38.5399494949495,98.23373737373738,1.1220276429936773,2.8599147184237617
2022,DICLOXACILLIN SODIUM,Generic,Anti-Infective Agents,"Antibiot, Penicillins",1358,13177,56219.159999999996,27689.719999999998,28529.439999999995,41.39849779086892,4.266461258253016,21.008424153166416,20.390073637702503,2.1650937239128782,2.101367534340138
2022,DICYCLOMINE HCL,Generic,Autonomic Drugs,Antichol/Antimuscarin/Antispas,8591,302807,165442.82,45725.58,119717.23999999995,19.25769060644861,0.5463639215738078,13.935192643464084,5.322497962984519,0.39535823148077803,0.15100569009302955
2022,DIFICID,Brand,Anti-Infective Agents,"Antibiot, Erythromycn&Macrolid",137,1520,386880.76999999996,369411.56,17469.21,2823.947226277372,254.52682236842102,127.51248175182481,2696.4347445255476,11.492901315789473,243.03392105263157
2022,DIFLORASONE DIACETATE,Generic,Skin & Mucous Membrane,Antiinflam S/MM Agnts&Comb NEC,46,1213,15250.589999999998,13128.69,2121.9,331.5345652173913,12.572621599340478,46.12826086956522,285.4063043478261,1.7492992580379225,10.823322341302555
2022,DIFLUNISAL,Generic,Central Nervous System,"Analg/Antipyr, Salicylates",202,5564,14036.209999999997,9325.519999999999,4710.6900000000005,69.48618811881187,2.522683321351545,23.320247524752478,46.1659405940594,0.846637311286844,1.6760460100647014
2022,DIFLUPREDNATE,Generic,"Eye, Ear, Nose Throat","Antiinflam Agents EENT, NEC",426,10224,71064.63,52833.27,18231.36,166.81838028169014,6.950765845070423,42.79661971830986,124.02176056338027,1.7831924882629109,5.1675733568075115
2022,DIGOXIN,Brand,Cardiovascular Agents,"Cardiac, Cardiac Glycosides",23,1008,4144.66,3427.53,717.13,180.20260869565217,4.111765873015873,31.179565217391303,149.0230434782609,0.7114384920634921,3.400327380952381
2022,DIGOXIN,Generic,Cardiovascular Agents,"Cardiac, Cardiac Glycosides",1914,121307,67287.68999999999,20708.409999999996,46579.280000000006,35.155532915360496,0.5546892594821402,24.33609195402299,10.819440961337511,0.38397850082847657,0.1707107586536638
2022,DIHYDROERGOTAMINE MESYLATE,Generic,Autonomic Drugs,"Sympatholytic Agents, NEC",22,732,39913.670000000006,39145.020000000004,768.65,1814.2577272727276,54.526871584699464,34.93863636363636,1779.319090909091,1.0500683060109288,53.47680327868853
2022,DILANTIN,Brand,Central Nervous System,"Anticonv, Hydantoin Derivative",650,34612,122264.37,53977.909999999996,68286.46,188.09903076923075,3.5324271928810815,105.05609230769232,83.04293846153845,1.972912862591009,1.5595143302900727
2022,DILANTIN INFATABS,Brand,Central Nervous System,"Anticonv, Hydantoin Derivative",48,1800,7519.279999999999,5175.6,2343.68,156.65166666666664,4.177377777777777,48.82666666666666,107.825,1.3020444444444443,2.8753333333333337
2022,DILT-XR,Generic,Cardiovascular Agents,"Cardiac, Calcium Channel",1663,108993,80647.16,28855.890000000003,51791.27,48.49498496692724,0.7399297202572642,31.143277209861694,17.351707757065547,0.4751797821878469,0.2647499380694173
2022,DILTIAZEM HCL,Brand,Pharmaceutical Aids/Adjuvants,"Pharmaceutical Aids/Adjuv, NEC",38,1003,1675.8999999999999,366.41,1309.4899999999998,44.10263157894737,1.6708873379860418,34.46026315789473,9.642368421052632,1.3055732801595212,0.3653140578265205
2022,DILTIAZEM HCL,Generic,Cardiovascular Agents,"Cardiac, Calcium Channel",14377,945774,764245.6200000001,375052.81,389192.81,53.15751686721848,0.8080636811754184,27.070516102107533,26.08700076511094,0.4115071993943585,0.39655648178105973
2022,DILTIAZEM HCL CD,Generic,Cardiovascular Agents,"Cardiac, Calcium Channel",173,8806,30068.159999999996,24945.510000000002,5122.65,173.8043930635838,3.414508289802407,29.610693641618496,144.19369942196533,0.5817226890756302,2.8327856007267775
2022,DIMETHYL FUMARATE,Generic,Misc Therapeutic Agents,Biological Response Modifiers,1896,56790,8814561.58,8671181.209999999,143380.37,4649.030369198313,155.2132695897165,75.62255801687763,4573.407811181434,2.5247467864060575,152.68852280331043
2022,DIMETHYL FUMARATE STARTER PACK,Generic,Misc Therapeutic Agents,Biological Response Modifiers,15,450,77929.08,77444.08,485.0,5195.272,173.17573333333334,32.333333333333336,5162.938666666667,1.0777777777777777,172.09795555555556
2022,DIOVAN,Brand,Cardiovascular Agents,"Cardiac Drugs, NEC",118,7685,48722.54,35043.35,13679.190000000002,412.9028813559322,6.339953155497723,115.92533898305086,296.9775423728813,1.7799856864020822,4.559967469095641
2022,DIOVAN HCT,Brand,Cardiovascular Agents,"Cardiac Drugs, NEC",12,1050,11209.869999999999,9789.869999999999,1420.0,934.1558333333332,10.676066666666665,118.33333333333333,815.8224999999999,1.3523809523809525,9.323685714285713
2022,DIPENTUM,Brand,Gastrointestinal Drugs,"Gastrointestinal Drug Misc,NEC",32,1710,41574.36,34817.83,6756.53,1299.19875,24.312491228070176,211.1415625,1088.0571875,3.951187134502924,20.361304093567252
2022,DIPHENHYDRAMINE HCL,Generic,Antihistamines & Comb.,"Antihistamines & Comb, NEC",120,1730,2522.9599999999996,1339.2599999999998,1183.7,21.024666666666665,1.45835838150289,9.864166666666668,11.160499999999997,0.6842196531791908,0.7741387283236992
2022,DIPHENHYDRAMINE HCL,Generic,Respiratory Tract Agents,"Antitussives/Cold Comb, NEC",20,468,31.519999999999996,0.0,31.520000000000003,1.5759999999999998,0.06735042735042734,1.576,0.0,0.06735042735042736,0.0
2022,DIPHENOXYLATE HCL-ATROPINE SULFATE,Generic,Gastrointestinal Drugs,"Antidiarrhea Agents, NEC",2171,49977,72548.78,37383.439999999995,35165.340000000004,33.41721787194841,1.451643355943734,16.197761400276374,17.21945647167204,0.7036304700162075,0.7480128859275266
2022,DISOPYRAMIDE,Generic,Cardiovascular Agents,"Cardiac, Antiarrhythmic Agents",12,704,2848.21,1811.55,1036.66,237.35083333333333,4.045752840909091,86.38833333333334,150.9625,1.4725284090909092,2.573224431818182
2022,DISOPYRAMIDE PHOSPHATE,Generic,Cardiovascular Agents,"Cardiac, Antiarrhythmic Agents",56,3660,18058.83,13037.61,5021.22,322.4791071428572,4.934106557377049,89.66464285714287,232.8144642857143,1.3719180327868854,3.562188524590164
2022,DISULFIRAM,Generic,Misc Therapeutic Agents,"Misc Therapeutic Agents, NEC",1041,47064,128401.08000000002,92753.12,35647.96,123.34397694524498,2.7282228454869966,34.243957732949085,89.10001921229586,0.7574358320584735,1.9707870134285228
2022,DIURIL,Brand,"Electrolytic, Caloric, Water","Diuretics, Thiazides & Related",44,1621,1256.5900000000001,70.05,1186.54,28.55886363636364,0.775194324491055,26.96681818181818,1.5920454545454545,0.7319802590993214,0.043214065391733496
2022,DIVALPROEX SODIUM,Generic,Central Nervous System,"Anticonvulsants, Misc",12282,586023,678170.2099999998,373542.16,304628.05,55.21659420289854,1.157241627035116,24.802804917765837,30.41378928513271,0.519822686140305,0.6374189408948112
2022,DIVIGEL,Brand,Hormones & Synthetic Subst,"Estrogens & Comb, NEC",239,10186,49746.97,28734.3,21012.67,208.1463179916318,4.883857255055959,87.91912133891212,120.22719665271966,2.0628971136854504,2.8209601413705085
2022,DOCUSATE SODIUM,Generic,Gastrointestinal Drugs,"Cath&Lax, Stool Softeners",215,5735,1115.8999999999999,0.0,1115.8999999999999,5.1902325581395345,0.19457715780296422,5.1902325581395345,0.0,0.19457715780296422,0.0
2022,DODEX,Generic,Vitamins & Comb,"Vitamins Bs & B Complex, NEC",151,9916,1543.91,313.51,1230.4,10.224569536423841,0.15569887051230336,8.148344370860928,2.076225165562914,0.12408229124647036,0.03161657926583299
2022,DOFETILIDE,Generic,Cardiovascular Agents,"Cardiac, Antiarrhythmic Agents",788,44226,240024.86000000004,195878.28000000003,44146.58,304.600076142132,5.427234206123096,56.023578680203045,248.57649746192897,0.9982042237597794,4.429029982363316
2022,DOLISHALE,Generic,Hormones & Synthetic Subst,"Contraceptive, Oral Comb, NEC",28,1232,1530.1000000000001,1530.1000000000001,0.0,54.64642857142858,1.2419642857142859,0.0,54.64642857142858,0.0,1.2419642857142859
2022,DONEPEZIL HCL,Generic,Autonomic Drugs,"Parasympathomimetic, NEC",1416,84117,16859.43,6690.05,10169.38,11.906377118644068,0.20042833196618995,7.181765536723163,4.724611581920904,0.12089565723932141,0.07953267472686854
2022,DOPTELET,Brand,Blood Form/Coagul Agents,"Hematopoietic Agents, NEC",117,3441,1246310.31,1225784.2100000002,20526.1,10652.224871794871,362.19421970357456,175.43675213675212,10476.788119658122,5.965155478058703,356.2290642255159
2022,DORZOLAMIDE HCL,Generic,"Eye, Ear, Nose Throat","Eye/Ear/Nose/Throat Misc, NEC",1608,95530,45646.12,9691.099999999999,35955.02,28.386890547263683,0.4778197424892704,22.360087064676616,6.026803482587064,0.37637412331204856,0.1014456191772218
2022,DORZOLAMIDE HCL-TIMOLOL MALEATE,Generic,"Eye, Ear, Nose Throat","Eye/Ear/Nose/Throat Misc, NEC",6464,375996,247933.83,109337.53,138596.30000000002,38.35609993811881,0.6594054989946702,21.44125928217822,16.914840655940594,0.3686111022457686,0.29079439674890156
2022,DOTTI (TWICE-WEEKLY),Generic,Hormones & Synthetic Subst,"Estrogens & Comb, NEC",1294,50015,229501.56999999998,174584.91999999998,54916.65,177.3582457496136,4.588654803558932,42.4394513137558,134.9187944358578,1.0980035989203238,3.490651204638608
2022,DOVATO,Brand,Anti-Infective Agents,"Antivirals, NEC",656,26889,1844646.8299999998,1779706.75,64940.08,2811.9616310975607,68.60228457733645,98.99402439024391,2712.967606707317,2.4151169623266022,66.18716761500986
2022,DOXAZOSIN,Generic,Cardiovascular Agents,"Hypotensive Agents, NEC",127,8566,2333.15,710.38,1622.77,18.371259842519684,0.2723733364464161,12.77771653543307,5.593543307086614,0.1894431473266402,0.08293018911977586
2022,DOXAZOSIN MESYLATE,Generic,Cardiovascular Agents,"Hypotensive Agents, NEC",4890,317451,98197.88,25706.95,72490.93,20.081366053169734,0.3093324009059666,14.824321063394681,5.257044989775051,0.22835313166441432,0.08097926924155224
2022,DOXEPIN HCL,Brand,Central Nervous System,"Psychother, Antidepressants",13,490,607.6899999999999,284.61,323.08,46.74538461538461,1.2401836734693876,24.85230769230769,21.893076923076926,0.6593469387755102,0.5808367346938775
2022,DOXEPIN HCL,Brand,Skin & Mucous Membrane,"Antiprur/Local Anest S/MM, NEC",52,1433,53289.8,50029.34,3260.46,1024.8038461538463,37.18757850662945,62.701153846153844,962.1026923076922,2.275268667131891,34.91230983949755
2022,DOXEPIN HCL,Generic,Central Nervous System,Anxiolytic/Sedative/Hypnot NEC,425,9187,102424.52,86712.36,15712.16,240.9988705882353,11.148853815173615,36.96978823529412,204.02908235294117,1.7102601502122565,9.438593664961358
2022,DOXEPIN HCL,Generic,Central Nervous System,"Psychother, Antidepressants",4560,215850,143706.94999999998,55379.08000000001,88327.87,31.514682017543855,0.6657722955756311,19.37014692982456,12.1445350877193,0.409209497336113,0.2565627982395182
2022,DOXEPIN HCL,Generic,Skin & Mucous Membrane,"Antiprur/Local Anest S/MM, NEC",15,384,7023.900000000001,6254.36,769.54,468.26000000000005,18.29140625,51.30266666666667,416.95733333333334,2.0040104166666666,16.28739583333333
2022,DOXYCYCLINE,Brand,Anti-Infective Agents,"Antibiot, Tetracyclines",77,2880,26508.94,19818.899999999998,6690.04,344.271948051948,9.204493055555556,86.88363636363637,257.38831168831166,2.3229305555555557,6.881562499999999
2022,DOXYCYCLINE,Generic,Anti-Infective Agents,"Antibiot, Tetracyclines",31880,549909,479831.0299999999,141631.37,338199.66000000003,15.051161543287325,0.8725644242956561,10.608521329987454,4.442640213299875,0.6150102289651561,0.2575541953305001
2022,DOXYCYCLINE HYCLATE,Generic,Anti-Infective Agents,"Antibiot, Tetracyclines",50545,936593,768029.8300000001,274151.05000000005,493878.77999999997,15.194971411613416,0.8200251656802903,9.771070926896824,5.42390048471659,0.5273141909025585,0.29271097477773167
2022,DOXYCYCLINE MONOHYDRATE,Generic,Anti-Infective Agents,"Antibiot, Tetracyclines",1270,22651,16308.380000000003,2414.2000000000003,13894.179999999998,12.841244094488191,0.7199849896251822,10.940299212598424,1.900944881889764,0.6134024987859255,0.10658249083925656
2022,DOXYCYLINE,Generic,Anti-Infective Agents,"Antibiot, Tetracyclines",32,1133,900.37,200.18,700.1899999999999,28.1365625,0.7946778464254193,21.880937499999998,6.255625,0.6179964695498675,0.17668137687555163
2022,DOXYLAMINE SUCCINATE-PYRIDOXINE HYDROCHLORIDE,Generic,Antihistamines & Comb.,"Antihistamines & Comb, NEC",789,19890,238205.31,214010.00000000003,24195.31,301.9078707224335,11.976134238310708,30.66579214195184,271.24207858048163,1.2164560080442435,10.759678230266466
2022,DRONABINOL,Generic,Gastrointestinal Drugs,"Antiemetics, NEC",400,10675,82495.24999999999,71898.17999999998,10597.07,206.23812499999997,7.727892271662762,26.492675,179.74544999999995,0.9926997658079625,6.735192505854799
2022,DROPLET INSULIN SYRINGES,Brand,Devices & Non-Drug Items,"Devices & Non-Drug Items, NEC",16,660,247.61,94.52,153.08999999999997,15.475625,0.3751666666666667,9.568124999999998,5.9075,0.2319545454545454,0.1432121212121212
2022,DROPLET PEN NEEDLES,Brand,Diagnostic Agents,Diabetes Mell/Diab Supply NEC,215,12934,6588.199999999999,1771.5499999999997,4816.65,30.642790697674414,0.5093706509973712,22.403023255813952,8.239767441860463,0.37240219576310496,0.13696845523426626
2022,DROSPIRENONE-ETHINYL EST-LEVOMEFOLATE;LEVOMEFOLATE,Generic,Hormones & Synthetic Subst,"Contraceptive, Oral Comb, NEC",358,25331,104570.84000000001,104570.84000000001,0.0,292.09731843575423,4.12817654257629,0.0,292.09731843575423,0.0,4.12817654257629
2022,DROSPIRENONE-ETHINYL ESTRADIOL,Generic,Hormones & Synthetic Subst,"Contraceptive, Oral Comb, NEC",5318,353889,297900.4799999999,297627.2299999999,273.25,56.017389996239174,0.841790730991921,0.05138209853328319,55.96600789770589,0.0007721347654207958,0.8410185962265002
2022,DROSPIRENONE/EE/LEVOMEFOLATE CA & LEVOMEFOLATE CA,Generic,Hormones & Synthetic Subst,"Contraceptive, Oral Comb, NEC",65,4879,19694.050000000003,19694.050000000003,0.0,302.98538461538465,4.036493133838902,0.0,302.98538461538465,0.0,4.036493133838902
2022,DROXIA,Brand,Antineoplastic Agents,Chemotherapy,11,710,521.79,0.0,521.79,47.43545454545454,0.7349154929577464,47.43545454545454,0.0,0.7349154929577464,0.0
2022,DROXIDOPA,Generic,Autonomic Drugs,"Sympathomimetic Agents, NEC",71,2119,274994.6,271962.3,3032.3,3873.16338028169,129.7756488909863,42.708450704225356,3830.4549295774646,1.4310051911278907,128.3446436998584
2022,DRYSOL,Brand,Skin & Mucous Membrane,"S/MM Misc, Astringents",2157,61984,15581.73,496.67999999999995,15085.05,7.223796940194715,0.251383098864223,6.993532684283727,0.23026425591098745,0.24337006324212698,0.008013035622096024
2022,DUET DHA 400,Brand,Vitamins & Comb,"Multivit Prep,Vitamin Prenatal",29,990,2024.17,2024.17,0.0,69.79896551724138,2.0446161616161618,0.0,69.79896551724138,0.0,2.0446161616161618
2022,DULERA,Brand,Autonomic Drugs,"Sympathomimetic Agents, NEC",86,3240,17452.47,11824.86,5627.61,202.9356976744186,5.3865648148148155,65.43732558139534,137.49837209302325,1.7369166666666667,3.6496481481481484
2022,DULERA,Brand,Hormones & Synthetic Subst,"Adrenals & Comb, NEC",2542,101144,503132.89,326642.41,176490.48,197.92796616837137,4.974421517835957,69.42977183320221,128.49819433516916,1.7449426560151864,3.22947886182077
2022,DULOXETINE HCL,Generic,Central Nervous System,"Psychother, Antidepressants",57898,2998321,1833629.3100000003,790852.9799999999,1042776.3300000001,31.669993954886184,0.6115520352890835,18.01057601298836,13.659417941897818,0.34778675465368786,0.26376528063539556
2022,DUOBRII,Brand,Skin & Mucous Membrane,Antiinflam S/MM Agnts&Comb NEC,15,450,6782.42,4508.41,2274.01,452.16133333333335,15.072044444444444,151.60066666666668,300.56066666666663,5.053355555555556,10.018688888888889
2022,DUPIXENT,Brand,Immunosuppressants,"Immunosuppressants, NEC",15182,430505,52755087.39,49806680.23000001,2948407.1599999997,3474.844380845738,122.54233374757553,194.20413384270844,3280.6402470030307,6.848717575870198,115.69361617170534
2022,DUREZOL,Brand,"Eye, Ear, Nose Throat","Antiinflam Agents EENT, NEC",60,1573,9161.15,5733.790000000001,3427.36,152.68583333333333,5.823998728544183,57.12266666666667,95.56316666666667,2.17886840432295,3.645130324221234
2022,DUTASTERIDE,Generic,Misc Therapeutic Agents,"Misc Therapeutic Agents, NEC",1202,81911,44605.0,12487.14,32117.859999999997,37.1089850249584,0.5445544554455446,26.72034941763727,10.388635607321131,0.39210679884264626,0.15244765660289827
2022,DUTASTERIDE-TAMSULOSIN HYDROCHLORIDE,Generic,Misc Therapeutic Agents,"Misc Therapeutic Agents, NEC",105,7830,22933.960000000003,17463.07,5470.89,218.4186666666667,2.9289859514687104,52.10371428571429,166.31495238095238,0.6987088122605365,2.2302771392081735
2022,DYANAVEL XR,Brand,Central Nervous System,"Stimulant, Amphetamine Type",93,2799,33680.35,22028.22,11652.13,362.1543010752688,12.032993926402286,125.29172043010752,236.8625806451613,4.1629617720614505,7.870032154340836
2022,DYSPORT,Brand,"Serums, Toxoids, Vaccines","Toxins, NEC",66,5454,77975.27,59729.19,18246.079999999998,1181.443484848485,14.296895856252293,276.45575757575756,904.9877272727273,3.345449211587825,10.951446644664466
2022,EASIVENT VALVED HOLDING CHAMBER,Brand,Devices & Non-Drug Items,"Devices & Non-Drug Items, NEC",32,886,854.0,210.56,643.4400000000002,26.6875,0.963882618510158,20.107500000000005,6.58,0.7262302483069979,0.23765237020316027
2022,EASY COMFORT ALCOHOL PADS,Brand,Skin & Mucous Membrane,S/MM Soaps/Cleanser/Antiseptic,15,570,937.72,623.38,314.34,62.51466666666667,1.6451228070175439,20.956,41.55866666666667,0.5514736842105262,1.0936491228070175
2022,EASY COMFORT PEN NEEDLES,Brand,Devices & Non-Drug Items,"Devices & Non-Drug Items, NEC",19,1135,2375.18,1809.6,565.58,125.00947368421052,2.092669603524229,29.767368421052634,95.2421052631579,0.4983083700440529,1.5943612334801762
2022,EASY-TOUCH ALCOHOL PREP,Brand,Skin & Mucous Membrane,S/MM Soaps/Cleanser/Antiseptic,92,3635,159.81,91.67000000000002,68.14,1.7370652173913044,0.04396423658872077,0.7406521739130435,0.9964130434782611,0.018745529573590096,0.025218707015130678
2022,EASY-TOUCH HYPODERMIC NEEDLES,Brand,Diagnostic Agents,Diabetes Mell/Diab Supply NEC,76,2966,122.94999999999999,0.0,122.94999999999999,1.6177631578947367,0.04145313553607552,1.6177631578947367,0.0,0.04145313553607552,0.0
2022,EASY-TOUCH INSULIN SYRINGES,Brand,Devices & Non-Drug Items,"Devices & Non-Drug Items, NEC",13,875,746.17,362.66,383.51,57.3976923076923,0.8527657142857142,29.50076923076923,27.89692307692308,0.43829714285714283,0.41446857142857146
2022,EASY-TOUCH SYRINGE BARRELS,Brand,Diagnostic Agents,Diabetes Mell/Diab Supply NEC,14,647,14.450000000000001,0.0,14.450000000000001,1.0321428571428573,0.0223338485316847,1.0321428571428573,0.0,0.0223338485316847,0.0
2022,EASY-TOUCH TWIST LANCETS,Brand,Diagnostic Agents,Diabetes Mell/Diab Supply NEC,25,970,118.96000000000001,36.83,82.13000000000001,4.7584,0.12263917525773196,3.2852000000000006,1.4731999999999998,0.08467010309278351,0.03796907216494845
2022,EASY-TOUCH U-100 INSULIN PEN NEEDLES,Brand,Devices & Non-Drug Items,"Devices & Non-Drug Items, NEC",101,5199,3682.9,1767.97,1914.93,36.464356435643566,0.7083862281207924,18.95970297029703,17.504653465346536,0.3683266012694749,0.3400596268513176
2022,EC NAPROXEN,Generic,Central Nervous System,"Analg/Antipyr,Nonstr/Antiinflm",699,19246,70023.08000000002,54766.159999999996,15256.92,100.17608011444923,3.6383186116595665,21.82678111587983,78.34929899856938,0.792731996258963,2.8455866154006024
2022,ECONAZOLE NITRATE,Generic,Skin & Mucous Membrane,"Antiinf S/MM,Antifungal & Comb",1032,26390,50121.02999999999,28975.920000000002,21145.109999999997,48.566889534883714,1.8992432739674117,20.489447674418603,28.077441860465118,0.8012546419098142,1.0979886320575976
2022,ECONAZOLE NITRATE 1%,Generic,Skin & Mucous Membrane,"Antiinf S/MM,Antifungal & Comb",3148,87053,184499.41999999995,116797.80000000002,67701.62,58.60845616264293,2.119391864726086,21.506232528589578,37.102223634053374,0.7777057654532296,1.341686099272857
2022,ECONTRA ONE-STEP,Generic,Hormones & Synthetic Subst,"Contraceptive, Oral Comb, NEC",13,31,163.78000000000003,163.78000000000003,0.0,12.59846153846154,5.283225806451614,0.0,12.59846153846154,0.0,5.283225806451614
2022,EDARBI,Brand,Cardiovascular Agents,"Cardiac Drugs, NEC",108,4110,19491.06,10160.66,9330.4,180.4727777777778,4.742350364963504,86.39259259259259,94.08018518518519,2.2701703163017033,2.4721800486618006
2022,EDARBYCLOR,Brand,Cardiovascular Agents,"Cardiac Drugs, NEC",116,4170,17063.91,9454.86,7609.05,147.1026724137931,4.092064748201439,65.59525862068966,81.50741379310345,1.8247122302158274,2.2673525179856115
2022,EDEX,Brand,Cardiovascular Agents,"Vasodilating Agents, NEC",127,3723,78394.91,66443.54,11951.37,617.2827559055119,21.056919151222132,94.10527559055119,523.1774803149606,3.2101450443190975,17.846774106903034
2022,EDURANT,Brand,Anti-Infective Agents,"Antivirals, NEC",53,2730,89558.7,85266.89,4291.81,1689.7867924528302,32.80538461538461,80.97754716981133,1608.8092452830188,1.5720915750915752,31.23329304029304
2022,EFAVIRENZ,Generic,Anti-Infective Agents,"Antivirals, NEC",25,2130,41454.9,40151.060000000005,1303.8400000000001,1658.1960000000001,19.462394366197184,52.153600000000004,1606.0424000000003,0.6121314553990611,18.850262910798126
2022,EFAVIRENZ-EMTRICITABINE-TENOFOVIR DISOPROXIL FUMAR,Generic,Anti-Infective Agents,"Antivirals, NEC",376,19980,1047587.5399999999,1027992.2199999999,19595.32,2786.137074468085,52.4318088088088,52.115212765957445,2734.0218617021274,0.9807467467467468,51.45106206206206
2022,EFFER-K,Brand,"Electrolytic, Caloric, Water","Repl Preps, Potassium Supp",26,1020,989.78,95.44,894.3399999999999,38.068461538461534,0.9703725490196078,34.3976923076923,3.670769230769231,0.8768039215686274,0.0935686274509804
2022,EFFEXOR XR,Brand,Central Nervous System,"Psychother, Antidepressants",276,14522,196875.79,154057.86,42817.92999999999,713.318079710145,13.557071340035808,155.13742753623185,558.180652173913,2.948487122985814,10.608584217049993
2022,EGRIFTA SV,Brand,Hormones & Synthetic Subst,Growth Hormone Rel Horm Analog,47,1410,310512.62,304612.62,5900.0,6606.651489361702,220.22171631205674,125.53191489361703,6481.119574468085,4.184397163120567,216.03731914893618
2022,ELECARE,Brand,"Electrolytic, Caloric, Water","Caloric Agent, Amino Acid Prep",53,1567,10286.300000000001,9026.98,1259.32,194.08113207547171,6.564326738991705,23.760754716981133,170.32037735849056,0.8036502871729418,5.760676451818762
2022,ELETRIPTAN HBR,Generic,Autonomic Drugs,"Vascular 5HT1 Agonist, NEC",3444,83780,332258.24999999994,214842.53999999998,117415.70999999999,96.47452090592333,3.965842086416805,34.09283101045296,62.38168989547038,1.4014766053950822,2.5643654810217233
2022,ELIDEL,Brand,Skin & Mucous Membrane,"S/MM Miscellaneous, NEC",29,790,5073.42,2095.7,2977.7200000000003,174.94551724137932,6.422050632911392,102.68,72.2655172413793,3.7692658227848104,2.652784810126582
2022,ELINEST,Generic,Hormones & Synthetic Subst,"Contraceptive, Oral Comb, NEC",379,24168,15274.640000000001,15274.640000000001,0.0,40.3024802110818,0.6320191989407481,0.0,40.3024802110818,0.0,0.6320191989407481
2022,ELIQUIS,Brand,Blood Form/Coagul Agents,"Coag/Anticoag, Anticoagulants",38683,1804872,22922490.119999997,19425035.35,3497454.7699999996,592.5727094589354,12.700341143305451,90.41322467233667,502.1594847865988,1.937785488389204,10.76255565491625
2022,ELIQUIS 30 DAY DVT/PE STARTER PACK,Brand,Blood Form/Coagul Agents,"Coag/Anticoag, Anticoagulants",370,11294,178560.22,152961.45,25598.769999999997,482.59518918918917,15.81018416858509,69.18586486486485,413.40932432432436,2.266581370639277,13.543602797945812
2022,ELLA,Brand,Hormones & Synthetic Subst,"Contraceptive, Oral Comb, NEC",1699,20025,68847.81999999999,68808.52,39.3,40.52255444379046,3.438093383270911,0.02313125367863449,40.499423190111834,0.0019625468164794005,3.4361308364544323
2022,ELMIRON,Brand,Misc Therapeutic Agents,"Misc Therapeutic Agents, NEC",387,16689,351963.17999999993,316784.47,35178.71000000001,909.4655813953486,21.08953082868955,90.90105943152456,818.5645219638242,2.1078980166576793,18.981632812031876
2022,ELURYNG,Generic,Hormones & Synthetic Subst,"Estrogens & Comb, NEC",1852,113454,434484.52999999997,433945.8900000001,538.64,234.6028779697624,3.829609621520616,0.29084233261339093,234.31203563714908,0.004747651030373543,3.8248619704902436
2022,EMFLAZA,Brand,Hormones & Synthetic Subst,"Adrenals & Comb, NEC",147,4400,1203651.93,1176780.1099999999,26871.82,8188.108367346938,273.5572568181818,182.80149659863946,8005.306870748298,6.107231818181818,267.450025
2022,EMGALITY,Brand,Central Nervous System,"CNS Agents, Misc.",5420,169068,2870311.27,2448967.1900000004,421344.07999999996,529.577725092251,16.977259268460028,77.73876014760147,451.83896494464955,2.4921574750987765,14.485101793361254
2022,EMOLLIENT CREAM,Brand,Pharmaceutical Aids/Adjuvants,"Pharmaceutical Aids/Adjuv, NEC",12,180,1667.88,1007.88,660.0,138.99,9.266,55.0,83.99,3.6666666666666665,5.599333333333333
2022,EMSAM,Brand,Central Nervous System,"Psychother, Antidepressants",261,9398,443447.93,402069.15,41378.78,1699.034214559387,47.18535113854011,158.5393869731801,1540.494827586207,4.402934666950415,42.782416471589706
2022,EMTRICITABINE,Generic,Anti-Infective Agents,"Antivirals, NEC",46,1918,26301.260000000002,24951.260000000002,1350.0,571.7665217391304,13.712857142857144,29.347826086956523,542.4186956521739,0.7038581856100105,13.008998957247133
2022,EMTRICITABINE-TENOFOVIR DISOPROXIL FUMARATE,Generic,Anti-Infective Agents,"Antivirals, NEC",11183,646383,12324280.74,12276111.42,48169.32,1102.054970938031,19.066529812819955,4.307370115353661,1097.7476008226772,0.07452132868593388,18.99200848413402
2022,EMTRIVA,Brand,Anti-Infective Agents,"Antivirals, NEC",13,390,2905.3199999999997,1260.7199999999998,1644.6,223.48615384615383,7.449538461538461,126.5076923076923,96.97846153846152,4.216923076923076,3.232615384615384
2022,EMVERM,Brand,Anti-Infective Agents,"Anthelmintics, NEC",74,723,95719.32,89681.38,6037.94,1293.5043243243244,132.39186721991703,81.59378378378378,1211.9105405405405,8.351230982019363,124.04063623789766
2022,ENALAPRIL MALEATE,Generic,Cardiovascular Agents,"Cardiac, ACE Inhibitors",5454,351132,229276.29000000004,114036.77999999998,115239.51000000001,42.03819031903191,0.6529632445917776,21.129356435643565,20.908833883388336,0.3281942688219815,0.3247689757697959
2022,ENALAPRIL/HCTZ,Generic,Cardiovascular Agents,"Cardiac, ACE Inhibitors",426,28411,14303.039999999997,4587.05,9715.990000000002,33.575211267605624,0.503433177290486,22.807488262910802,10.767723004694837,0.3419798669529408,0.1614533103375453
2022,ENBRACE HR,Brand,"Electrolytic, Caloric, Water",Caloric/Nutrition/Dietary Misc,65,4380,8148.63,8148.63,0.0,125.36353846153847,1.860417808219178,0.0,125.36353846153847,0.0,1.860417808219178
2022,ENBREL,Brand,Immunosuppressants,"Immunosuppressants, NEC",8774,247910,54225112.68000001,52660578.559999995,1564534.12,6180.204317301118,218.72902537211087,178.31480738545704,6001.889509915659,6.310895566939616,212.41812980517122
2022,ENBREL MINI,Brand,Immunosuppressants,"Immunosuppressants, NEC",662,18614,4088824.9099999997,3941184.13,147640.78000000003,6176.472673716012,219.6639577737187,223.02232628398795,5953.450347432024,7.931706242613088,211.73225153110562
2022,ENDOCET,Generic,Central Nervous System,"Analg/Antipyr, Opiate Agonists",66,1143,739.52,252.16,487.35999999999996,11.204848484848485,0.6469991251093613,7.384242424242424,3.8206060606060603,0.4263867016622922,0.2206124234470691
2022,ENDOMETRIN,Brand,Hormones & Synthetic Subst,"Progestins, NEC",2026,50217,1661492.8499999999,1435651.7999999998,225841.05000000002,820.0853158933859,33.086262620228204,111.47139684106615,708.6139190523197,4.497302706254854,28.58895991397335
2022,ENEMA,Generic,Gastrointestinal Drugs,"Cath&Lax, Laxatives, Saline",46,100,81.8,3.14,78.66,1.7782608695652173,0.818,1.71,0.06826086956521739,0.7866,0.031400000000000004
2022,ENFAMIL GENTLEASE,Brand,"Electrolytic, Caloric, Water","Caloric Agents, Nutrition Prep",12,177,1131.02,582.3299999999999,548.69,94.25166666666667,6.389943502824859,45.72416666666667,48.527499999999996,3.099943502824859,3.2899999999999996
2022,ENFAMIL NEUROPRO ENFACARE,Brand,"Electrolytic, Caloric, Water","Caloric Agents, Nutrition Prep",17,364,1692.2099999999998,1472.6699999999998,219.54000000000002,99.54176470588234,4.648928571428571,12.914117647058825,86.62764705882353,0.6031318681318681,4.045796703296703
2022,ENGERIX-B,Brand,"Serums, Toxoids, Vaccines","Vaccines, NEC",1121,2303,63429.76,63429.76,0.0,56.58319357716325,27.542231871471994,0.0,56.58319357716325,0.0,27.542231871471994
2022,ENOXAPARIN SODIUM,Generic,Blood Form/Coagul Agents,"Coag/Anticoag, Anticoagulants",4939,106670,1213220.33,1062221.6600000001,150998.67000000004,245.64088479449282,11.373585169213463,30.57272119862321,215.06816359586963,1.4155682947407897,9.958016874472674
2022,ENPRESSE-28,Generic,Hormones & Synthetic Subst,"Contraceptive, Oral Comb, NEC",1779,139853,73347.9,73267.09,80.81,41.22984822934232,0.5244642589004168,0.04542439572793704,41.18442383361439,0.0005778209977619357,0.5238864379026549
2022,ENSKYCE,Generic,Hormones & Synthetic Subst,"Contraceptive, Oral Comb, NEC",2405,170804,45757.87,45757.87,0.0,19.026141372141375,0.2678969462073488,0.0,19.026141372141375,0.0,0.2678969462073488
2022,ENSTILAR,Brand,Skin & Mucous Membrane,Antiinflam S/MM Agnts&Comb NEC,406,12507,317780.67,255404.03999999998,62376.630000000005,782.7110098522168,25.40822499400336,153.6370197044335,629.0739901477832,4.987337491005038,20.42088750299832
2022,ENTACAPONE,Generic,Central Nervous System,COMT Inhibitors,185,10301,53959.310000000005,46391.04000000001,7568.27,291.671945945946,5.238259392292011,40.90956756756757,250.76237837837843,0.7347121638675858,4.503547228424425
2022,ENTECAVIR,Generic,Anti-Infective Agents,"Antivirals, NEC",2337,106202,812077.3399999999,709741.5199999998,102335.81999999998,347.4870945656824,7.646535281821433,43.78939666238767,303.69769790329474,0.9635959774768834,6.682939304344549
2022,ENTERIC ASPIRIN,Generic,Central Nervous System,"Analg/Antipyr, Salicylates",13,640,12.19,6.449999999999999,5.74,0.9376923076923076,0.019046874999999998,0.44153846153846155,0.4961538461538461,0.008968750000000001,0.010078124999999999
2022,ENTRESTO,Brand,Cardiovascular Agents,"Cardiac Drugs, NEC",6055,292240,4553753.16,3827032.6900000004,726720.47,752.064931461602,15.58223774979469,120.01989595375723,632.0450355078448,2.486724849438817,13.095512900355873
2022,ENTYVIO,Brand,Immunosuppressants,"Immunosuppressants, NEC",226,10584,1763957.93,1664490.2200000002,99467.71,7805.123584070796,166.66269179894178,440.12261061946907,7365.000973451329,9.397931783824642,157.2647600151172
2022,ENULOSE,Generic,"Electrolytic, Caloric, Water","Ammonia Detoxicants, NEC",200,5380,3723.37,1217.8000000000002,2505.5700000000006,18.61685,0.6920762081784386,12.527850000000003,6.089000000000001,0.4657193308550187,0.2263568773234201
2022,ENVARSUS XR,Brand,Immunosuppressants,"Immunosuppressants, NEC",766,29420,483632.50000000006,401213.75,82418.74999999999,631.3740208877285,16.438902107409927,107.59627937336813,523.7777415143603,2.801453093133922,13.637449014276003
2022,EPANED,Brand,Cardiovascular Agents,"Cardiac, ACE Inhibitors",11,330,5802.99,5087.99,715.0,527.5445454545454,17.584818181818182,65.0,462.5445454545454,2.1666666666666665,15.418151515151514
2022,EPCLUSA,Brand,Anti-Infective Agents,"Antivirals, NEC",223,6244,5187773.95,5150348.69,37425.26,23263.560313901347,830.841439782191,167.82627802690584,23095.73403587444,5.993795643818066,824.8476441383729
2022,EPIDIOLEX 60ML PACK/CARTON,Brand,Central Nervous System,"Anticonvulsants, Misc",113,3510,363530.61,349776.87,13753.740000000002,3217.0850442477877,103.56997435897435,121.7145132743363,3095.3705309734514,3.918444444444445,99.65152991452992
2022,EPIDIOLEX 100ML PACK/CARTON,Brand,Central Nervous System,"Anticonvulsants, Misc",748,23152,1962418.3899999997,1873790.96,88627.43,2623.5539973262025,84.76236998963371,118.4858689839572,2505.068128342246,3.828067985487215,80.9343020041465
2022,EPINASTINE HCL,Generic,"Eye, Ear, Nose Throat",Antiallergic Agents,46,1486,2884.3900000000003,1487.33,1397.06,62.70413043478261,1.9410430686406464,30.37086956521739,32.333260869565216,0.9401480484522207,1.0008950201884252
2022,EPINEPHRINE,Brand,Autonomic Drugs,"Sympathomimetic Agents, NEC",6593,42236,755963.22,299416.31000000006,456546.91,114.661492492037,17.898551472677337,69.24721826179281,45.41427423024421,10.809425845250496,7.089125627426841
2022,EPINEPHRINE,Generic,Autonomic Drugs,"Sympathomimetic Agents, NEC",17467,152086,4474102.33,3916630.4900000007,557471.84,256.14600847312073,29.418239219915048,31.915717638976353,224.23029083414443,3.6655039911628946,25.752735228752158
2022,EPINEPHRINE AUTO-INJECTORS,Generic,Autonomic Drugs,"Sympathomimetic Agents, NEC",3975,50223,1170439.6400000001,1022518.14,147921.5,294.4502238993711,23.30485315492902,37.212955974842764,257.2372679245283,2.9452939888099077,20.35955916611911
2022,EPIPEN AUTO-INJECTOR,Brand,Autonomic Drugs,"Sympathomimetic Agents, NEC",513,4226,161265.7,126372.47,34893.23,314.358089668616,38.16036441079035,68.01799220272905,246.34009746588694,8.256798390913394,29.90356601987695
2022,EPIPEN JR AUTO-INJECTOR,Brand,Autonomic Drugs,"Sympathomimetic Agents, NEC",83,630,30465.83,25478.78,4987.05,367.05819277108435,48.35846031746032,60.084939759036146,306.9732530120482,7.9159523809523815,40.44250793650794
2022,EPLERENONE,Generic,Cardiovascular Agents,"Cardiac Drugs, NEC",1438,95907,248553.28999999998,181423.41000000003,67129.88,172.84651599443671,2.591607390492873,46.68280945757998,126.16370653685676,0.6999476576266592,1.8916597328662146
2022,EPOGEN,Brand,Blood Form/Coagul Agents,"Hematopoietic Agents, NEC",30,641,9301.099999999999,7252.889999999999,2048.21,310.03666666666663,14.510296411856473,68.27366666666667,241.76299999999998,3.1953354134165366,11.314960998439936
2022,EPRONTIA,Brand,Central Nervous System,"Anticonvulsants, Misc",13,390,1598.77,828.77,770.0,122.98230769230769,4.099410256410256,59.23076923076923,63.75153846153846,1.9743589743589745,2.125051282051282
2022,EQUATE ASPIRIN,Generic,Central Nervous System,"Analg/Antipyr, Salicylates",643,38665,456.78,455.54999999999995,1.23,0.7103888024883359,0.011813785076942971,0.0019129082426127526,0.7084758942457231,3.1811716022242336e-05,0.011781973360920728
2022,EQUATE NICOTINE POLACRILEX,Generic,Autonomic Drugs,"Autonomic, Nicotine Preps",30,497,892.49,892.49,0.0,29.749666666666666,1.7957545271629778,0.0,29.749666666666666,0.0,1.7957545271629778
2022,EQUATE NICOTINE TRANSDERMAL SYSTEM,Generic,Autonomic Drugs,"Autonomic, Nicotine Preps",73,1844,3120.74,3120.74,0.0,42.74986301369863,1.6923752711496745,0.0,42.74986301369863,0.0,1.6923752711496745
2022,EQUATE RESPIRATORY ANTI-STATIC SPACE CHAMBER,Brand,Respiratory Tract Agents,"Misc Therapeutic Agents, NEC",79,1842,617.8199999999999,169.91,447.9100000000001,7.820506329113924,0.33540716612377847,5.669746835443039,2.150759493670886,0.2431650380021716,0.09224212812160695
2022,ERGOCALCIFEROL,Generic,Vitamins & Comb,"Vitamin D, NEC",12,510,513.81,340.6,173.21,42.817499999999995,1.0074705882352941,14.434166666666668,28.383333333333336,0.33962745098039215,0.667843137254902
2022,ERGOTAMINE TARTRATE-CAFFEINE,Generic,Autonomic Drugs,"Sympatholytic Agents, NEC",50,1148,17311.980000000003,16123.730000000001,1188.25,346.23960000000005,15.080121951219516,23.765,322.4746,1.0350609756097562,14.045060975609758
2022,ERIVEDGE,Brand,Antineoplastic Agents,Molecular Targeted Therapy,29,844,275437.32999999996,275437.32999999996,0.0,9497.83896551724,326.3475473933649,0.0,9497.83896551724,0.0,326.3475473933649
2022,ERLEADA,Brand,Antineoplastic Agents,Hormone-Modifying Therapy,94,2820,1239164.3,1239164.3,0.0,13182.598936170214,439.4199645390071,0.0,13182.598936170214,0.0,439.4199645390071
2022,ERLOTINIB HYDROCHLORIDE,Generic,Antineoplastic Agents,Molecular Targeted Therapy,12,360,52026.84,52026.84,0.0,4335.57,144.51899999999998,0.0,4335.57,0.0,144.51899999999998
2022,ERRIN,Generic,Hormones & Synthetic Subst,"Progestins, NEC",507,32228,13983.710000000001,13878.710000000001,105.0,27.581282051282052,0.43389940424475615,0.20710059171597633,27.374181459566078,0.003258036490008688,0.43064136775474743
2022,ERTAPENEM,Brand,Anti-Infective Agents,"Antibiot, B-Lactam Antibiotics",13,59,1072.83,742.83,330.0,82.52538461538461,18.183559322033897,25.384615384615383,57.14076923076924,5.593220338983051,12.590338983050849
2022,ERY,Brand,Skin & Mucous Membrane,"Antiinf S/MM,Antibiotic & Comb",76,2730,6856.8099999999995,4374.889999999999,2481.92,90.2211842105263,2.5116520146520145,32.65684210526316,57.56434210526315,0.9091282051282051,1.6025238095238092
2022,ERY,Generic,Skin & Mucous Membrane,"Antiinf S/MM,Antibiotic & Comb",78,2610,5612.719999999999,3501.2199999999993,2111.5,71.95794871794871,2.150467432950191,27.07051282051282,44.887435897435886,0.8090038314176246,1.3414636015325667
2022,ERYTHROMYCIN,Brand,Anti-Infective Agents,"Antibiot, Erythromycn&Macrolid",13,464,3759.7599999999998,3048.5199999999995,711.24,289.21230769230766,8.102931034482758,54.71076923076923,234.50153846153842,1.532844827586207,6.57008620689655
2022,ERYTHROMYCIN,Generic,Anti-Infective Agents,"Antibiot, Erythromycn&Macrolid",599,12294,219782.56000000003,200089.88,19692.68,366.9157929883139,17.877221408817313,32.8759265442404,334.0398664440735,1.6018122661460876,16.275409142671222
2022,ERYTHROMYCIN,Generic,"Eye, Ear, Nose Throat","Antiinfect, Antibiotics EENT",25947,250716,332229.23,32234.520000000004,299994.70999999996,12.804148071067946,1.3251217712471481,11.561826415385207,1.2423216556827381,1.196551915314539,0.12856985593260903
2022,ERYTHROMYCIN,Generic,Skin & Mucous Membrane,"Antiinf S/MM,Antibiotic & Comb",862,25534,36573.84,15542.190000000002,21031.65,42.42904872389791,1.4323584240620348,24.398665893271463,18.030382830626454,0.8236723584240621,0.608686065637973
2022,ERYTHROMYCIN ETHYLSUCCINATE,Generic,Anti-Infective Agents,"Antibiot, Erythromycn&Macrolid",336,8665,132154.81999999998,122016.92999999998,10137.89,393.3179166666666,15.251566070398152,30.172291666666666,363.14562499999994,1.1699815349105596,14.081584535487591
2022,ERYTHROMYCIN ETHYLSUCCINATE GRANULES,Generic,Anti-Infective Agents,"Antibiot, Erythromycn&Macrolid",161,3008,92943.20999999999,89388.20999999999,3555.0,577.2870186335404,30.89867353723404,22.080745341614907,555.2062732919254,1.1818484042553192,29.71682513297872
2022,ERYTHROMYCIN-BENZOYL PEROXIDE,Generic,Anti-Infective Agents,"Antibiot, Erythromycn&Macrolid",387,10585,42437.17,29336.389999999992,13100.779999999999,109.65677002583979,4.009179971658006,33.852144702842374,75.8046253229974,1.2376740670760509,2.771505904581955
2022,ERYTHROMYCIN-BENZOYL PEROXIDE,Generic,Skin & Mucous Membrane,"Antiinf S/MM,Antibiotic & Comb",74,2118,6758.4800000000005,4216.780000000001,2541.7,91.33081081081082,3.1909726156751654,34.347297297297295,56.98351351351352,1.2000472143531633,1.9909254013220021
2022,ESBRIET,Brand,Respiratory Tract Agents,"Misc Therapeutic Agents, NEC",126,3780,1206317.5,1197872.94,8444.56,9573.948412698413,319.1316137566138,67.02031746031746,9506.928095238094,2.234010582010582,316.89760317460315
2022,ESCITALOPRAM,Generic,Central Nervous System,"Psychother, Antidepressants",177362,9886844,1494244.63,185344.05000000002,1308900.58,8.424829614009765,0.15113464215678934,7.379825328988171,1.0450042850215944,0.13238810888489796,0.018746533271891415
2022,ESCITALOPRAM OXALATE,Generic,Central Nervous System,"Psychother, Antidepressants",608,21840,102456.01,80983.17000000001,21472.839999999997,168.51317434210526,4.691209249084249,35.31717105263157,133.1960032894737,0.9831886446886445,3.708020604395605
2022,ESOMEPRAZOLE MAGNESIUM,Generic,Gastrointestinal Drugs,"Gastrointestinal Drug Misc,NEC",2000,122519,107495.51999999999,60778.28,46717.240000000005,53.74775999999999,0.8773783658044874,23.358620000000002,30.38914,0.3813060831381256,0.49607228266636194
2022,ESTARYLLA,Generic,Hormones & Synthetic Subst,"Contraceptive, Oral Comb, NEC",4353,284687,120316.68,120296.75999999998,19.92,27.639944865609923,0.42262793875378923,0.0045761543762922125,27.635368711233628,6.997158282605108e-05,0.4225579671709631
2022,ESTAZOLAM,Generic,Central Nervous System,"ASH, Benzodiazepines",110,3985,9704.66,6924.089999999999,2780.57,88.22418181818182,2.435297365119197,25.27790909090909,62.94627272727272,0.6977590966122962,1.7375382685069007
2022,ESTERIFIED ESTROGENS-METHYLTESTOSTERONE,Generic,Hormones & Synthetic Subst,"Estrogens & Comb, NEC",232,7719,18975.510000000002,12889.669999999998,6085.839999999999,81.79099137931036,2.4582860474154686,26.23206896551724,55.5589224137931,0.7884233709029667,1.6698626765125013
2022,ESTERIFIED ESTROGENS/METHYLTESTOSTERONE HS,Generic,Hormones & Synthetic Subst,"Estrogens & Comb, NEC",26,768,1899.5900000000001,770.28,1129.31,73.06115384615386,2.473424479166667,43.434999999999995,29.626153846153844,1.4704557291666667,1.00296875
2022,ESTRACE,Brand,Skin & Mucous Membrane,"S/MM Miscellaneous, NEC",49,3000,7435.79,1692.0,5743.79,151.7508163265306,2.478596666666667,117.22020408163266,34.53061224489796,1.9145966666666667,0.564
2022,ESTRADIOL,Generic,Hormones & Synthetic Subst,"Estrogens & Comb, NEC",19247,1053862,1894123.74,1457611.6099999999,436512.1299999999,98.4113752792643,1.797316669544969,22.679489271055225,75.73188600820906,0.4142023623586389,1.3831143071863299
2022,ESTRADIOL,Generic,Skin & Mucous Membrane,"S/MM Miscellaneous, NEC",10869,690591,1136137.6099999999,642052.8599999999,494084.74999999994,104.5300956849756,1.6451671249697721,45.458160824362864,59.07193486061274,0.7154520548341926,0.9297150701355793
2022,ESTRADIOL TRANSDERMAL SYSTEM (ONCE-WEEKLY),Generic,Hormones & Synthetic Subst,"Estrogens & Comb, NEC",4839,226937,505323.9,303404.42,201919.47999999998,104.42734035957842,2.226714462604159,41.72752221533374,62.699818144244674,0.8897600655688582,1.3369543970353004
2022,ESTRADIOL TRANSDERMAL SYSTEM (TWICE-WEEKLY),Generic,Hormones & Synthetic Subst,"Estrogens & Comb, NEC",10771,526104,1395393.9500000004,850334.9299999999,545059.02,129.5510119766039,2.652315796876664,50.60430972054591,78.94670225605793,1.0360290360841202,1.6162867607925429
2022,ESTRADIOL VALERATE,Generic,Hormones & Synthetic Subst,"Estrogens & Comb, NEC",695,32752,99108.24,71113.08,27995.16,142.60178417266187,3.0260210063507573,40.28080575539568,102.32097841726619,0.8547618466047875,2.17125915974597
2022,ESTRADIOL/NORETHINDRONE ACETATE,Generic,Hormones & Synthetic Subst,"Estrogens & Comb, NEC",734,40849,80284.68999999999,44429.600000000006,35855.09,109.37968664850135,1.9654016010183846,48.84889645776566,60.5307901907357,0.8777470684716884,1.0876545325466964
2022,ESTRING,Brand,Skin & Mucous Membrane,"S/MM Miscellaneous, NEC",2838,251290,947688.2799999998,539764.03,407924.25,333.9282170542635,3.7712932468462723,143.7365221987315,190.19169485553206,1.6233206653667078,2.1479725814795656
2022,ESTRIOL,Brand,Pharmaceutical Aids/Adjuvants,"Pharmaceutical Aids/Adjuv, NEC",24,720,6681.51,5206.87,1474.6399999999999,278.39625,9.279875,61.44333333333333,216.95291666666665,2.048111111111111,7.231763888888889
2022,ESTROGEL,Brand,Hormones & Synthetic Subst,"Estrogens & Comb, NEC",150,5461,25681.23,13685.3,11995.93,171.2082,4.702660684856253,79.97286666666668,91.23533333333333,2.196654458890313,2.5060062259659404
2022,ESZOPICLONE,Generic,Central Nervous System,Anxiolytic/Sedative/Hypnot NEC,5673,150946,54937.59000000001,9384.04,45553.55,9.684045478582762,0.3639552555218423,8.029887184910983,1.6541582936717787,0.3017870629231646,0.06216819259867768
2022,ETH ESTRADIOL-NORETHINDRONE ACE AND FERROUS FUM,Generic,Hormones & Synthetic Subst,"Contraceptive, Oral Comb, NEC",838,52810,25558.819999999996,25558.819999999996,0.0,30.499785202863958,0.483976898314713,0.0,30.499785202863958,0.0,0.483976898314713
2022,ETHACRYNIC ACID,Generic,"Electrolytic, Caloric, Water","Diuretics, Loop Diuretics",99,4564,48444.48,43004.48,5440.0,489.33818181818185,10.614478527607362,54.94949494949495,434.3886868686869,1.19193689745837,9.422541630148993
2022,ETHAMBUTOL HCL,Generic,Anti-Infective Agents,"Antituberculosis Agents, NEC",230,7653,11075.779999999999,6205.14,4870.639999999999,48.1555652173913,1.4472468313079836,21.176695652173912,26.978869565217394,0.6364353848164118,0.810811446491572
2022,ETHINYL ESTRADIOL-ETHYNODIOL DIACETATE,Generic,Hormones & Synthetic Subst,"Contraceptive, Oral Comb, NEC",453,28665,15439.530000000002,15439.530000000002,0.0,34.08284768211921,0.5386195709052852,0.0,34.08284768211921,0.0,0.5386195709052852
2022,ETHINYL ESTRADIOL-LEVONORGESTREL,Generic,Hormones & Synthetic Subst,"Contraceptive, Oral Comb, NEC",1378,101770,45027.210000000014,45027.210000000014,0.0,32.67576923076924,0.4424408961383513,0.0,32.67576923076924,0.0,0.4424408961383513
2022,ETHINYL ESTRADIOL-NORETHINDRONE ACETATE,Generic,Hormones & Synthetic Subst,"Contraceptive, Oral Comb, NEC",3389,208282,113282.81000000001,113282.81000000001,0.0,33.42661847152553,0.5438915028663063,0.0,33.42661847152553,0.0,0.5438915028663063
2022,ETHINYL ESTRADIOL-NORETHINDRONE;FERROUS FUMARATE,Generic,Hormones & Synthetic Subst,"Contraceptive, Oral Comb, NEC",281,19095,41192.789999999986,41192.789999999986,0.0,146.59355871886117,2.1572553024351917,0.0,146.59355871886117,0.0,2.1572553024351917
2022,ETHINYL ESTRADIOL-NORETHINDRONE/FERROUS FUMARATE,Generic,Hormones & Synthetic Subst,"Contraceptive, Oral Comb, NEC",125,8281,18193.15,18193.15,0.0,145.54520000000002,2.1969750030189594,0.0,145.54520000000002,0.0,2.1969750030189594
2022,ETHINYL ESTRADIOL-NORGESTIMATE,Generic,Hormones & Synthetic Subst,"Contraceptive, Oral Comb, NEC",16322,1193613,486825.3300000001,486667.75000000006,157.58,29.82632826859454,0.40785860241133437,0.009654454111015807,29.816673814483522,0.0001320193396016967,0.4077265830717327
2022,ETHOSUXIMIDE,Generic,Central Nervous System,"Anticonv, Succinimides",539,25015,82938.08000000002,59031.87,23906.210000000003,153.8739888682746,3.315533879672197,44.35289424860854,109.52109461966606,0.9556749950029984,2.359858884669199
2022,ETODOLAC,Generic,Central Nervous System,"Analg/Antipyr,Nonstr/Antiinflm",2403,60472,86866.29,43035.88000000001,43830.409999999996,36.1491011235955,1.43647125942585,18.239870994590095,17.909230129005415,0.7248050337346209,0.7116662256912292
2022,ETONOGESTREL-ETHINYL ESTRADIOL,Generic,Hormones & Synthetic Subst,"Estrogens & Comb, NEC",10826,729586,2913020.2900000005,2911107.39,1912.9,269.07632458895256,3.992703108338154,0.17669499353408463,268.89962959541845,0.0026218978982601093,3.9900812104398935
2022,ETRAVIRINE,Generic,Anti-Infective Agents,"Antivirals, NEC",66,3810,152425.24000000002,149958.83000000002,2466.41,2309.473333333334,40.006624671916015,37.36984848484848,2272.103484848485,0.6473517060367454,39.35927296587927
2022,EUCRISA,Brand,Skin & Mucous Membrane,Antiinflam S/MM Agnts&Comb NEC,347,10804,217129.18999999997,172016.72999999998,45112.45999999999,625.7325360230546,20.097111255090706,130.00708933717576,495.7254466858789,4.175533135875601,15.921578119215104
2022,EUFLEXXA,Brand,Misc Therapeutic Agents,"Misc Therapeutic Agents, NEC",56,2763,72639.23999999999,66386.84999999999,6252.389999999999,1297.1292857142855,26.289989142236696,111.64982142857141,1185.4794642857141,2.2628990228013026,24.027090119435393
2022,EUTHYROX,Generic,Hormones & Synthetic Subst,"Thy/Antithy, Thyroid/Hormones",5214,332689,52236.270000000004,2270.7400000000002,49965.53,10.018463751438436,0.15701231480451713,9.582955504411201,0.4355082470272344,0.15018690128017456,0.006825413524342555
2022,EVAMIST,Brand,Hormones & Synthetic Subst,"Estrogens & Comb, NEC",11,434,1377.0900000000001,721.99,655.1,125.19000000000001,3.173018433179724,59.554545454545455,65.63545454545455,1.509447004608295,1.6635714285714287
2022,EVENITY,Brand,Misc Therapeutic Agents,Bone Resorption Inhibitors,47,1390,96820.89,86331.39,10489.5,2060.018936170213,69.65531654676259,223.18085106382978,1836.838085106383,7.546402877697842,62.10891366906475
2022,EVEROLIMUS,Generic,Antineoplastic Agents,Molecular Targeted Therapy,337,10686,1949386.4699999997,1933280.7399999998,16105.73,5784.529584569732,182.42433745087027,47.79148367952522,5736.738100890207,1.5071804229833428,180.91715702788693
2022,EVRYSDI,Brand,Misc Therapeutic Agents,"Misc Therapeutic Agents, NEC",20,444,374998.41000000003,365260.13,9738.28,18749.9205,844.5910135135135,486.91400000000004,18263.0065,21.933063063063063,822.6579504504505
2022,EXEMESTANE,Generic,Antineoplastic Agents,Hormone-Modifying Therapy,1745,111057,543787.7000000001,536759.3800000001,7028.32,311.62618911174786,4.896473882780915,4.027690544412607,307.5984985673353,0.06328570013596621,4.833188182644949
2022,EYE ITCH RELIEF,Generic,"Eye, Ear, Nose Throat","Eye/Ear/Nose/Throat Misc, NEC",12,273,84.6,3.7,80.9,7.05,0.30989010989010984,6.741666666666667,0.30833333333333335,0.29633699633699634,0.013553113553113554
2022,EYLEA,Brand,"Eye, Ear, Nose Throat","Eye/Ear/Nose/Throat Misc, NEC",19,536,50758.08,48508.08,2250.0,2671.4778947368422,94.6979104477612,118.42105263157895,2553.056842105263,4.197761194029851,90.50014925373135
2022,EYSUVIS,Brand,"Eye, Ear, Nose Throat","Antiinflam Agents EENT, NEC",19,457,5466.9,3163.49,2303.41,287.7315789473684,11.962582056892778,121.23210526315789,166.49947368421053,5.040284463894967,6.922297592997811
2022,EZETIMIBE,Generic,Cardiovascular Agents,"Antihyperlipidemic Drugs, NEC",19883,1395304,706953.33,227620.16,479333.1699999999,35.55566715284414,0.5066661673728449,24.10768847759392,11.447978675250214,0.3435331440316948,0.16313302334115004
2022,EZETIMIBE-SIMVASTATIN,Generic,Cardiovascular Agents,"Antihyperlipidemic Drugs, NEC",388,27898,61655.57000000001,37917.39,23738.18,158.9061082474227,2.210035486414797,61.180876288659796,97.72523195876289,0.850891820202165,1.3591436662126317
2022,FABRAZYME,Brand,Enzymes,"Enzymes, NEC",18,504,300365.58,300365.58,0.0,16686.97666666667,595.9634523809524,0.0,16686.97666666667,0.0,595.9634523809524
2022,FALMINA,Generic,Hormones & Synthetic Subst,"Contraceptive, Oral Comb, NEC",457,27530,12360.029999999999,12330.08,29.95,27.046017505470456,0.4489658554304395,0.06553610503282276,26.980481400437636,0.0010879041046131493,0.44787795132582636
2022,FAMCICLOVIR,Generic,Anti-Infective Agents,"Antivirals, NEC",2420,57255,117232.56999999999,57039.82000000001,60192.74999999999,48.44321074380165,2.047551654877303,24.87303719008264,23.570173553719012,1.0513099292638197,0.9962417256134837
2022,FAMOTIDINE,Generic,Gastrointestinal Drugs,"Histamine (H2) Antagonist, NEC",38367,2103521,846716.4300000002,425165.4500000001,421550.98,22.068872468527644,0.4025234024285948,10.987332342898846,11.081540125628798,0.200402553623187,0.20212084880540776
2022,FANAPT,Brand,Central Nervous System,"Psychother,Tranq/Antipsychotic",43,1719,53747.25000000001,47999.76,5747.49,1249.936046511628,31.266579406631767,133.66255813953487,1116.273488372093,3.3435078534031413,27.923071553228624
2022,FARXIGA,Brand,Hormones & Synthetic Subst,"Antidiabetic Ag, SGLT Inhibitr",6154,312894,4207993.37,3667130.67,540862.7,683.7818280792981,13.448622760423659,87.88799155021124,595.8938365290868,1.728581244766598,11.720041515657059
2022,FASENRA,Brand,Respiratory Tract Agents,"Misc Therapeutic Agents, NEC",126,5974,670967.2499999999,632707.3099999999,38259.939999999995,5325.136904761904,112.3145714763977,303.6503174603174,5021.486587301587,6.404409106126548,105.91016237027117
2022,FASENRA PEN,Brand,Respiratory Tract Agents,"Misc Therapeutic Agents, NEC",577,27630,3060115.17,2925361.8499999996,134753.31999999998,5303.492495667244,110.7533539630836,233.54128249566722,5069.9512131715765,4.877065508505247,105.87628845457834
2022,FC2 FEMALE CONDOM,Brand,Contraceptive Cream/Foam/Devic,Contraceptive Cream/Foam/Devic,373,22975,158629.95,158629.95,0.0,425.28136729222524,6.904459194776932,0.0,425.28136729222524,0.0,6.904459194776932
2022,FC2 FEMALE CONDOM,Other,Contraceptive Cream/Foam/Devic,Contraceptive Cream/Foam/Devic,11,2025,10460.93,10460.93,0.0,950.9936363636364,5.165891358024692,0.0,950.9936363636364,0.0,5.165891358024692
2022,FEBUXOSTAT,Generic,Misc Therapeutic Agents,"Antigout Agents, NEC",937,59473,172926.78999999998,122225.75999999998,50701.03,184.55367129135536,2.9076520437845743,54.10995731056563,130.44371398078974,0.8525050022699376,2.0551470415146365
2022,FELBAMATE,Generic,Central Nervous System,"Anticonvulsants, Misc",107,4003,70884.16,67929.68000000001,2954.48,662.468785046729,17.70775918061454,27.61196261682243,634.8568224299066,0.7380664501623783,16.969692730452163
2022,FELBATOL,Brand,Central Nervous System,"Anticonvulsants, Misc",11,330,31538.82,30658.82,880.0,2867.1654545454544,95.57218181818182,80.0,2787.1654545454544,2.6666666666666665,92.90551515151515
2022,FELODIPINE,Generic,Cardiovascular Agents,"Cardiac, Calcium Channel",1370,97934,42473.30000000001,9280.330000000002,33192.97,31.002408759124094,0.433693099434313,24.228445255474455,6.773963503649636,0.33893203586088594,0.09476106357342702
2022,FEMRING,Brand,Skin & Mucous Membrane,"S/MM Miscellaneous, NEC",140,12318,69726.04000000001,48884.07,20841.969999999998,498.0431428571429,5.66050008118201,148.87121428571427,349.17192857142857,1.6919930183471341,3.9685070628348758
2022,FEMYNOR,Generic,Hormones & Synthetic Subst,"Contraceptive, Oral Comb, NEC",59,3178,1354.2899999999997,1354.2899999999997,0.0,22.954067796610165,0.42614537444933914,0.0,22.954067796610165,0.0,0.42614537444933914
2022,FENOFIBRATE,Generic,Cardiovascular Agents,"Antihyperlipidemic Drugs, NEC",16755,1148953,885422.12,419630.28,465791.83999999997,52.845247388839155,0.7706338901591275,27.8001695016413,25.045077887197852,0.40540547785679654,0.36522841230233094
2022,FENOFIBRATE MICRONIZED,Generic,Cardiovascular Agents,"Antihyperlipidemic Drugs, NEC",1023,66272,46465.3,19990.07,26475.229999999996,45.42062561094819,0.7011301907291164,25.87999022482893,19.540635386119256,0.39949345123128915,0.30163673949782716
2022,FENOFIBRIC ACID,Generic,Cardiovascular Agents,"Antihyperlipidemic Drugs, NEC",188,12750,17212.46,10090.740000000002,7121.72,91.55563829787233,1.349996862745098,37.88148936170213,53.67414893617022,0.5585662745098039,0.7914305882352942
2022,FENTANYL,Generic,Central Nervous System,"Analg/Antipyr, Opiate Agonists",1057,28009,130610.26999999999,109524.27,21086.000000000004,123.56695364238409,4.663153629190617,19.948912015137186,103.61804162724692,0.7528294476775323,3.910324181513085
2022,FENTANYL CITRATE,Generic,Central Nervous System,"Analg/Antipyr, Opiate Agonists",14,420,21242.05,19203.87,2038.18,1517.2892857142856,50.57630952380952,145.58428571428573,1371.705,4.852809523809524,45.723499999999994
2022,FENTANYL TRANSDERMAL SYSTEM,Generic,Central Nervous System,"Analg/Antipyr, Opiate Agonists",532,14499,58110.380000000005,46903.030000000006,11207.349999999999,109.23003759398497,4.007888819918615,21.06644736842105,88.16359022556392,0.7729739982067728,3.2349148217118424
2022,FERRIPROX,Brand,Heavy Metal Antagonists,"Heavy Metal Antagonists, NEC",25,750,186556.53,184141.53,2415.0,7462.2612,248.74204,96.6,7365.6612,3.22,245.52204
2022,FERRIPROX TWICE-A-DAY,Brand,Heavy Metal Antagonists,"Heavy Metal Antagonists, NEC",23,690,554712.7200000001,550613.7000000001,4099.02,24117.94434782609,803.9314782608697,178.21826086956523,23939.726086956525,5.940608695652174,797.9908695652175
2022,FERROUS GLUCONATE,Brand,Blood Form/Coagul Agents,"Antianemia, Iron Preparations",127,9528,564.22,12.88,551.34,4.442677165354331,0.05921704450041982,4.341259842519685,0.10141732283464568,0.05786523929471033,0.0013518052057094878
2022,FERROUS GLUCONATE,Generic,Blood Form/Coagul Agents,"Antianemia, Iron Preparations",30,2040,77.06,0.0,77.06,2.5686666666666667,0.03777450980392157,2.5686666666666667,0.0,0.03777450980392157,0.0
2022,FERROUS SULFATE,Brand,Blood Form/Coagul Agents,"Antianemia, Iron Preparations",88,4835,331.72999999999996,1.19,330.54,3.7696590909090903,0.06861013443640124,3.756136363636364,0.013522727272727271,0.06836401240951397,0.00024612202688728026
2022,FERROUS SULFATE,Generic,Blood Form/Coagul Agents,"Antianemia, Iron Preparations",662,31964,5330.259999999999,2278.86,3051.4,8.051752265861026,0.1667582280065073,4.609365558912387,3.4423867069486405,0.09546364660242773,0.0712945814040796
2022,FESOTERODINE FUMARATE,Generic,Smooth Muscle Relaxants,"Muscle Rel,Smooth-Genitour NEC",49,2332,11714.16,9937.24,1776.92,239.06448979591838,5.023224699828473,36.263673469387754,202.8008163265306,0.7619725557461406,4.2612521440823325
2022,FETZIMA,Brand,Central Nervous System,"Psychother, Antidepressants",314,12319,139456.22,101229.23,38226.99,444.1280891719745,11.320417241659225,121.74200636942675,322.3860828025478,3.1030919717509535,8.21732526990827
2022,FEXOFENADINE HCL,Generic,Antihistamines & Comb.,"Antihistamines & Comb, NEC",643,37716,7863.53,616.94,7246.589999999999,12.229440124416795,0.20849321242973803,11.269968895800933,0.9594712286158632,0.19213569837734645,0.01635751405239156
2022,FIASP,Brand,Hormones & Synthetic Subst,"Antidiabetic Agents, Insulins",148,6822,118238.61,102130.76999999999,16107.84,798.909527027027,17.331956904133687,108.83675675675676,690.0727702702702,2.361160949868074,14.97079595426561
2022,FIASP FLEXTOUCH,Brand,Hormones & Synthetic Subst,"Antidiabetic Agents, Insulins",190,9430,132052.21000000002,117336.63,14715.58,695.0116315789475,14.00341569459173,77.45042105263158,617.5612105263158,1.5605068928950159,12.442908801696714
2022,FIASP PENFILL,Brand,Hormones & Synthetic Subst,"Antidiabetic Agents, Insulins",22,1344,16206.33,13410.34,2795.9900000000002,736.6513636363636,12.05828125,127.09045454545456,609.5609090909091,2.0803497023809525,9.977931547619047
2022,FINACEA,Brand,Skin & Mucous Membrane,"Antiinf S/MM, Antiinf Loc Misc",608,18627,153082.8,108118.86000000002,44963.94,251.78092105263156,8.218328233209856,73.95384868421053,177.82707236842109,2.4139120631341604,5.804416170075697
2022,FINASTERIDE,Generic,Misc Therapeutic Agents,"Misc Therapeutic Agents, NEC",14410,990563,159508.88999999996,29103.769999999997,130405.12,11.069319222761967,0.16102851610649696,9.049626648160999,2.0196925746009713,0.13164747724273973,0.029381038863757276
2022,FINGOLIMOD,Generic,Misc Therapeutic Agents,Biological Response Modifiers,11,330,46773.67999999999,46503.67999999999,270.0,4252.152727272726,141.73842424242423,24.545454545454547,4227.607272727272,0.8181818181818182,140.92024242424242
2022,FINTEPLA,Brand,Central Nervous System,"Stimulant, Amphetamine Type",142,4248,1868659.5500000003,1852989.2400000002,15670.31,13159.57429577465,439.8916078154426,110.35429577464788,13049.220000000001,3.688867702448211,436.2027401129944
2022,FINZALA,Generic,Hormones & Synthetic Subst,"Contraceptive, Oral Comb, NEC",15,968,2016.25,2016.25,0.0,134.41666666666666,2.0829028925619837,0.0,134.41666666666666,0.0,2.0829028925619837
2022,FIORICET,Brand,Central Nervous System,"Analgesics/Antipyretics, NEC",49,777,7465.6,3197.46,4268.139999999999,152.3591836734694,9.608236808236809,87.10489795918366,65.25428571428571,5.493101673101672,4.1151351351351355
2022,FIRAZYR,Brand,Misc Therapeutic Agents,"Misc Therapeutic Agents, NEC",27,27,772940.15,770232.4,2707.75,28627.412962962964,28627.412962962964,100.28703703703704,28527.125925925928,100.28703703703704,28527.125925925928
2022,FIRST-LANSOPRAZOLE,Brand,Gastrointestinal Drugs,"Gastrointestinal Drug Misc,NEC",55,1343,4127.0599999999995,1734.67,2392.39,75.03745454545454,3.0730156366344,43.498,31.539454545454547,1.7813775130305285,1.291638123603872
2022,FIRST-MOUTHWASH BLM,Brand,Skin & Mucous Membrane,"Antiprur/Local Anest S/MM, NEC",1099,10075,68317.0,18825.27,49491.729999999996,62.16287534121929,6.780843672456576,45.03342129208371,17.12945404913558,4.912330521091811,1.8685131513647644
2022,FIRST-OMEPRAZOLE,Brand,Gastrointestinal Drugs,"Gastrointestinal Drug Misc,NEC",2186,63597,186512.32999999996,66129.97,120382.36000000003,85.32128545288195,2.9327221409814923,55.06969807868254,30.251587374199453,1.892893689953929,1.0398284510275642
2022,FIRVANQ,Brand,Anti-Infective Agents,"Antibiotics, Misc",39,417,7055.849999999999,3425.52,3630.33,180.91923076923075,16.920503597122302,93.08538461538461,87.83384615384615,8.705827338129497,8.214676258992805
2022,FLAREX,Brand,"Eye, Ear, Nose Throat","Antiinflam Agents EENT, NEC",59,1384,7306.12,3496.87,3809.25,123.83254237288135,5.278988439306358,64.5635593220339,59.26898305084745,2.7523482658959537,2.5266401734104047
2022,FLECAINIDE ACETATE,Generic,Cardiovascular Agents,"Cardiac, Antiarrhythmic Agents",4275,271877,264608.04000000004,98876.09000000001,165731.95,61.896617543859655,0.9732637920824492,38.767707602339186,23.12890994152047,0.6095842973109163,0.3636794947715328
2022,FLONASE SENSIMIST,Brand,"Eye, Ear, Nose Throat","Antiinflam Agents EENT, NEC",69,2558,1634.6499999999999,346.26,1288.3899999999999,23.690579710144924,0.639034401876466,18.67231884057971,5.018260869565217,0.5036708365910867,0.1353635652853792
2022,FLOVENT DISKUS,Brand,Hormones & Synthetic Subst,"Adrenals & Comb, NEC",2097,81470,469017.86000000004,345874.87,123142.99000000002,223.6613543156891,5.756939486927704,58.72340963280878,164.9379446828803,1.5115133177856883,4.245426169142015
2022,FLOVENT HFA,Brand,Hormones & Synthetic Subst,"Adrenals & Comb, NEC",45357,1787536,10231399.999999998,7532748.9799999995,2698651.0199999996,225.57488370042105,5.723744864439093,59.498005159071354,166.0768785413497,1.5097044311275407,4.214040433311553
2022,FLUAD QUADRIVALENT 2021-2022 FORMULA,Brand,"Serums, Toxoids, Vaccines","Vaccines, NEC",185,286,10100.720000000001,10100.720000000001,0.0,54.59848648648649,35.3172027972028,0.0,54.59848648648649,0.0,35.3172027972028
2022,FLUAD QUADRIVALENT 2022-2023 FORMULA,Brand,"Serums, Toxoids, Vaccines","Vaccines, NEC",3484,8006,216497.06999999998,216497.06999999998,0.0,62.14037600459242,27.04185236072945,0.0,62.14037600459242,0.0,27.04185236072945
2022,FLUARIX QUADRIVALENT 2021-2022 FORMULA,Brand,"Serums, Toxoids, Vaccines","Vaccines, NEC",1942,3850,53494.909999999996,53476.74,18.17,27.54629763130793,13.894781818181817,0.00935633367662204,27.53694129763131,0.00471948051948052,13.890062337662338
2022,FLUARIX QUADRIVALENT 2022-2023 FORMULA,Brand,"Serums, Toxoids, Vaccines","Vaccines, NEC",24926,55590,741573.3400000001,741573.3400000001,0.0,29.750996549787374,13.340049289440548,0.0,29.750996549787374,0.0,13.340049289440548
2022,FLUBLOK QUADRIVALENT 2021-2022 FORMULA,Brand,"Serums, Toxoids, Vaccines","Vaccines, NEC",324,414,17728.06,17728.06,0.0,54.71623456790124,42.821400966183575,0.0,54.71623456790124,0.0,42.821400966183575
2022,FLUBLOK QUADRIVALENT 2022-2023 FORMULA,Brand,"Serums, Toxoids, Vaccines","Vaccines, NEC",4740,6315,295200.09,295200.09,0.0,62.27850000000001,46.74585748218528,0.0,62.27850000000001,0.0,46.74585748218528
2022,FLUCELVAX QUADRIVALENT 2021-2022 FORMULA MDV,Brand,"Serums, Toxoids, Vaccines","Vaccines, NEC",393,618,12588.960000000001,12588.960000000001,0.0,32.032977099236646,20.370485436893205,0.0,32.032977099236646,0.0,20.370485436893205
2022,FLUCELVAX QUADRIVALENT 2021-2022 FORMULA PF,Brand,"Serums, Toxoids, Vaccines","Vaccines, NEC",2885,4485,95155.59999999999,95155.59999999999,0.0,32.98287694974003,21.216410256410253,0.0,32.98287694974003,0.0,21.216410256410253
2022,FLUCELVAX QUADRIVALENT 2022-2023 FORMULA MDV,Brand,"Serums, Toxoids, Vaccines","Vaccines, NEC",3952,5328,138852.68,138852.68,0.0,35.13478744939271,26.060938438438438,0.0,35.13478744939271,0.0,26.060938438438438
2022,FLUCELVAX QUADRIVALENT 2022-2023 FORMULA PF,Brand,"Serums, Toxoids, Vaccines","Vaccines, NEC",134243,219703,4913478.68,4913380.88,97.8,36.60137720402553,22.364185650628347,0.0007285296067578943,36.60064867441878,0.0004451464021884089,22.363740504226158
2022,FLUCONAZOLE,Generic,Anti-Infective Agents,"Antibiot, Antifungals",50644,449348,347483.14999999997,66891.78000000001,280591.37,6.861289590079772,0.7733052111058689,5.540466195403207,1.3208233946765662,0.6244411235835032,0.14886408752236577
2022,FLUDROCORTISONE ACETATE,Generic,Hormones & Synthetic Subst,"Adrenals & Comb, NEC",2515,141775,81496.05,21858.14,59637.909999999996,32.40399602385686,0.5748266619643801,23.712886679920476,8.69110934393638,0.4206518074413683,0.1541748545230118
2022,FLULAVAL QUADRIVALENT 2021-2022 FORMULA,Brand,"Serums, Toxoids, Vaccines","Vaccines, NEC",182,569,4976.349999999999,4976.349999999999,0.0,27.342582417582413,8.745782073813707,0.0,27.342582417582413,0.0,8.745782073813707
2022,FLULAVAL QUADRIVALENT 2022-2023 FORMULA,Brand,"Serums, Toxoids, Vaccines","Vaccines, NEC",23453,37083,716624.7100000001,716585.2100000001,39.5,30.55578007077986,19.32488498773023,0.0016842195028354582,30.554095851277026,0.0010651781139605749,19.323819809616268
2022,FLUMIST QUADRIVALENT 2022-2023 FORMULA,Brand,"Serums, Toxoids, Vaccines","Vaccines, NEC",60,60,1836.9099999999999,1836.9099999999999,0.0,30.615166666666664,30.615166666666664,0.0,30.615166666666664,0.0,30.615166666666664
2022,FLUNISOLIDE,Brand,"Eye, Ear, Nose Throat","Antiinflam Agents EENT, NEC",39,1817,3124.1299999999997,2513.13,611.0,80.10589743589743,1.7193891029168957,15.666666666666666,64.43923076923078,0.33626857457347276,1.3831205283434234
2022,FLUNISOLIDE,Generic,"Eye, Ear, Nose Throat","Antiinflam Agents EENT, NEC",239,9619,14947.230000000001,8567.34,6379.889999999999,62.540711297071134,1.5539276432061546,26.694100418410038,35.84661087866109,0.663259174550369,0.8906684686557854
2022,FLUOCINOLONE ACETONIDE,Generic,Skin & Mucous Membrane,Antiinflam S/MM Agnts&Comb NEC,5203,136443,320227.6400000001,186577.39,133650.24999999997,61.54673073226986,2.346970090074244,25.687151643282714,35.859579088987125,0.9795317458572442,1.367438344216999
2022,FLUOCINONIDE,Generic,Skin & Mucous Membrane,Antiinflam S/MM Agnts&Comb NEC,7593,202068,331956.52,155464.08999999997,176492.42999999996,43.718756749637826,1.642796088445474,23.244097194784665,20.47465955485315,0.8734308747550328,0.7693652136904406
2022,FLUOCINONIDE E,Generic,Skin & Mucous Membrane,Antiinflam S/MM Agnts&Comb NEC,96,2259,6411.71,3944.5200000000004,2467.19,66.78864583333333,2.8382957060646303,25.699895833333333,41.088750000000005,1.0921602478972998,1.746135458167331
2022,FLUORIDE,Generic,Dental Agents,"Fluoride Preparations, NEC",4862,336835,28125.980000000007,26198.280000000006,1927.6999999999998,5.784858083093378,0.08350076446925055,0.39648292883587,5.388375154257508,0.005722980094111359,0.07777778437513919
2022,FLUOROMETHOLONE,Generic,"Eye, Ear, Nose Throat","Antiinflam Agents EENT, NEC",737,25535,53904.209999999985,30520.53,23383.68,73.14004070556307,2.1109931466614444,31.72819538670285,41.411845318860244,0.9157501468572548,1.1952429998041902
2022,FLUOROURACIL,Brand,Skin & Mucous Membrane,"Antineoplastics S/MM, NEC",43,1033,15966.21,13194.94,2771.27,371.3072093023256,15.456156824782187,64.44813953488372,306.8590697674419,2.6827395934172316,12.773417231364958
2022,FLUOROURACIL,Generic,Antineoplastic Agents,Chemotherapy,23,336,1193.24,931.24,262.0,51.88,3.551309523809524,11.391304347826088,40.48869565217392,0.7797619047619048,2.771547619047619
2022,FLUOROURACIL,Generic,Skin & Mucous Membrane,"Antineoplastics S/MM, NEC",4379,112026,431515.31000000006,293765.68000000005,137749.63,98.54197533683491,3.851921071894025,31.456869148207353,67.08510618862755,1.2296219627586453,2.62229910913538
2022,FLUOXETINE,Generic,Central Nervous System,"Psychother, Antidepressants",308,14073,1845.8500000000004,255.69,1590.16,5.993019480519481,0.13116250977048252,5.162857142857143,0.8301623376623376,0.1129936758331557,0.018168833937326795
2022,FLUOXETINE HCL,Brand,Central Nervous System,"Psychother, Antidepressants",53,2556,11021.56,8510.95,2510.61,207.95396226415093,4.312034428794992,47.370000000000005,160.58396226415095,0.9822417840375587,3.329792644757434
2022,FLUOXETINE HCL,Generic,Central Nervous System,"Psychother, Antidepressants",133966,7037809,1667229.03,520683.48000000004,1146545.5499999998,12.445165415105325,0.23689603255786,8.558481629667227,3.8866837854380965,0.1629122856275298,0.07398374693033016
2022,FLUPHENAZINE DECANOATE,Generic,Central Nervous System,"Psychother,Tranq/Antipsychotic",28,690,3390.76,2740.76,650.0,121.09857142857143,4.914144927536232,23.214285714285715,97.88428571428572,0.9420289855072463,3.972115942028986
2022,FLUPHENAZINE HCL,Generic,Central Nervous System,"Psychother,Tranq/Antipsychotic",145,4860,33649.08,27544.3,6104.78,232.06262068965518,6.923679012345679,42.10193103448276,189.96068965517242,1.2561275720164609,5.667551440329218
2022,FLURAZEPAM HCL,Brand,Central Nervous System,"ASH, Benzodiazepines",25,843,725.4,355.14000000000004,370.26000000000005,29.016,0.8604982206405694,14.810400000000001,14.205600000000002,0.4392170818505339,0.42128113879003565
2022,FLURAZEPAM HCL,Generic,Central Nervous System,"ASH, Benzodiazepines",16,425,175.12,34.38,140.74,10.945,0.41204705882352943,8.79625,2.14875,0.3311529411764706,0.08089411764705882
2022,FLURBIPROFEN,Generic,Central Nervous System,"Analg/Antipyr,Nonstr/Antiinflm",521,12125,11198.89,2855.56,8343.33,21.494990403071014,0.9236197938144329,16.014069097888676,5.480921305182341,0.6881096907216495,0.2355101030927835
2022,FLURBIPROFEN SODIUM,Brand,"Eye, Ear, Nose Throat","Antiinflam Agents EENT, NEC",82,2217,7474.77,4893.49,2581.28,91.15573170731707,3.3715696887686066,31.479024390243904,59.676707317073166,1.1643121335137574,2.207257555254849
2022,FLURBIPROFEN SODIUM,Generic,"Eye, Ear, Nose Throat","Antiinflam Agents EENT, NEC",73,2058,5308.44,3245.61,2062.83,72.71835616438355,2.579416909620991,28.25794520547945,44.46041095890411,1.0023469387755102,1.5770699708454812
2022,FLUTICASONE FUROATE/VILANTEROL ELLIPTA,Brand,Hormones & Synthetic Subst,"Adrenals & Comb, NEC",335,13620,110320.99,81819.85999999999,28501.13,329.3163880597015,8.099925844346549,85.078,244.23838805970146,2.092593979441997,6.007331864904551
2022,FLUTICASONE PROPIONATE,Generic,"Eye, Ear, Nose Throat","Antiinflam Agents EENT, NEC",34220,1721701,565895.79,100072.61999999998,465823.17,16.536989772063123,0.3286841269186694,13.612599941554645,2.924389830508474,0.27055985330786236,0.05812427361080698
2022,FLUTICASONE PROPIONATE,Generic,Skin & Mucous Membrane,Antiinflam S/MM Agnts&Comb NEC,708,18163,19927.049999999992,9716.4,10210.65,28.145550847457617,1.0971232725871272,14.421822033898305,13.72372881355932,0.5621675934592303,0.5349556791278973
2022,FLUTICASONE PROPIONATE HFA,Brand,Hormones & Synthetic Subst,"Adrenals & Comb, NEC",941,39332,270338.44999999995,200426.53000000003,69911.92,287.28846971307115,6.873244432014643,74.29534537725823,212.993124335813,1.7774819485406284,5.095762483474017
2022,FLUTICASONE PROPIONATE-SALMETEROL XINAFOATE,Brand,Hormones & Synthetic Subst,"Adrenals & Comb, NEC",2051,84445,187828.59,97528.67999999998,90299.90999999999,91.57902974158947,2.2242713008467048,44.027259873232566,47.551769868356885,1.06933400438155,1.1549372964651545
2022,FLUTICASONE PROPIONATE-SALMETEROL XINAFOATE,Generic,Hormones & Synthetic Subst,"Adrenals & Comb, NEC",872,33018,88778.24,60807.409999999996,27970.829999999998,101.80990825688075,2.6887830880125994,32.07663990825688,69.73326834862385,0.8471388333636198,1.8416442546489793
2022,FLUTICASONE PROPIONATE/SALMETEROL,Generic,Hormones & Synthetic Subst,"Adrenals & Comb, NEC",1345,47594,219691.71,177537.50000000003,42154.21,163.33956133828997,4.615953901752322,31.341420074349443,131.99814126394054,0.8857042904567802,3.730249611295542
2022,FLUTICASONE PROPIONATE/SALMETEROL DISKUS,Generic,Hormones & Synthetic Subst,"Adrenals & Comb, NEC",1558,57078,292436.83999999997,242919.23,49517.61,187.70015404364568,5.1234598269035345,31.782804878048783,155.91734916559693,0.8675428361189951,4.255916990784541
2022,FLUVASTATIN,Generic,Cardiovascular Agents,"Antihyperlipidemic Drugs, NEC",145,8335,29158.069999999996,27161.67,1996.4,201.09013793103446,3.4982687462507496,13.768275862068966,187.32186206896552,0.23952009598080384,3.2587486502699456
2022,FLUVASTATIN SODIUM,Generic,Cardiovascular Agents,"Antihyperlipidemic Drugs, NEC",74,4980,24626.379999999997,22796.379999999997,1830.0,332.7889189189189,4.945056224899598,24.72972972972973,308.05918918918917,0.3674698795180723,4.577586345381525
2022,FLUVOXAMINE MALEATE,Generic,Central Nervous System,"Psychother, Antidepressants",7737,357541,708968.88,482445.4600000001,226523.42000000004,91.63356339666538,1.98290232448866,29.277939769936673,62.355623626728715,0.6335592841100742,1.3493430403785862
2022,FLUZONE HIGH-DOSE QUADRIVALENT 2021-2022 FORMULA,Brand,"Serums, Toxoids, Vaccines","Vaccines, NEC",174,266,9733.75,9733.75,0.0,55.94109195402299,36.59304511278196,0.0,55.94109195402299,0.0,36.59304511278196
2022,FLUZONE HIGH-DOSE QUADRIVALENT 2022-2023 FORMULA,Brand,"Serums, Toxoids, Vaccines","Vaccines, NEC",9177,15454,554805.0599999999,554805.0599999999,0.0,60.45603792088917,35.900418014753456,0.0,60.45603792088917,0.0,35.900418014753456
2022,FLUZONE QUADRIVALENT 2021-2022 FORMULA,Brand,"Serums, Toxoids, Vaccines","Vaccines, NEC",8736,12452,242728.57999999996,242694.57999999996,34.0,27.78486492673992,19.493140057822032,0.003891941391941392,27.78097298534798,0.00273048506264054,19.490409572759393
2022,FLUZONE QUADRIVALENT 2022-2023 FORMULA,Brand,"Serums, Toxoids, Vaccines","Vaccines, NEC",41662,59345,1277547.4199999997,1277467.66,79.76,30.66457251212135,21.527465161344676,0.0019144544188949163,30.662658057702462,0.0013440053921981634,21.52612115595248
2022,FML LIQUIFILM,Brand,"Eye, Ear, Nose Throat","Antiinflam Agents EENT, NEC",11,225,1562.24,1168.59,393.65,142.0218181818182,6.943288888888889,35.78636363636363,106.23545454545454,1.7495555555555555,5.193733333333333
2022,FOCALIN,Brand,Central Nervous System,"Stimulant, Amphetamine Type",75,2636,10762.490000000002,5984.75,4777.74,143.4998666666667,4.082886949924128,63.703199999999995,79.79666666666667,1.8124962063732928,2.2703907435508346
2022,FOCALIN XR,Brand,Central Nervous System,"Stimulant, Amphetamine Type",256,8072,76095.63,52825.67,23269.96,297.2485546875,9.427109762140734,90.89828125,206.3502734375,2.8827998017839445,6.544309960356789
2022,FOCALIN XR,Generic,Central Nervous System,"Stimulant, Amphetamine Type",15,450,5149.349999999999,3424.37,1724.98,343.28999999999996,11.443,114.99866666666667,228.2913333333333,3.8332888888888887,7.60971111111111
2022,FOLIC ACID,Generic,Vitamins & Comb,"Folic Acid & Derivatives, NEC",24217,1559917,73225.84999999999,26297.760000000002,46928.090000000004,3.023737457158194,0.04694214499874031,1.937815997026882,1.0859214601313127,0.030083709581984173,0.01685843541675615
2022,FONDAPARINUX SODIUM,Generic,Blood Form/Coagul Agents,"Coag/Anticoag, Anticoagulants",132,4934,240230.77999999997,230919.59999999998,9311.18,1819.9301515151512,48.68884880421564,70.53924242424243,1749.390909090909,1.887146331576814,46.80170247263883
2022,FORFIVO XL,Brand,Central Nervous System,"Psychother, Antidepressants",59,3420,40437.83,33004.19,7433.639999999999,685.3869491525425,11.823926900584796,125.99389830508474,559.3930508474576,2.173578947368421,9.650347953216375
2022,FORMOTEROL FUMARATE,Generic,Autonomic Drugs,"Sympathomimetic Agents, NEC",130,4700,141374.05000000002,133075.69,8298.36,1087.4926923076926,30.079585106382982,63.83353846153847,1023.6591538461539,1.765608510638298,28.31397659574468
2022,FORTEO,Brand,Misc Therapeutic Agents,"Misc Therapeutic Agents, NEC",719,20308,2705840.33,2592797.99,113042.34,3763.33842837274,133.24011867244437,157.2216133518776,3606.1168150208628,5.566394524325389,127.67372414811898
2022,FOSFOMYCIN TROMETHAMINE,Generic,Anti-Infective Agents,"Urinary Anti-Infectives, NEC",552,3865,91257.9,73994.88,17263.020000000004,165.32228260869564,23.611358344113842,31.273586956521747,134.04869565217393,4.46649935316947,19.144858990944375
2022,FOSINOPRIL SODIUM,Generic,Cardiovascular Agents,"Cardiac, ACE Inhibitors",275,20220,7393.799999999999,972.5100000000001,6421.29,26.886545454545452,0.36566765578635013,23.350145454545455,3.5364000000000004,0.31757121661721066,0.04809643916913947
2022,FOSINOPRIL SODIUM-HYDROCHLOROTHIAZIDE,Generic,Cardiovascular Agents,"Cardiac, ACE Inhibitors",29,1881,2276.1600000000003,986.46,1289.7,78.48827586206897,1.210079744816587,44.47241379310345,34.01586206896552,0.6856459330143541,0.5244338118022329
2022,FREESTYLE,Brand,Diagnostic Agents,Diabetes Mell/Diab Supply NEC,593,29898,169704.03000000003,138588.99,31115.040000000005,286.1788026981451,5.676099739112985,52.470556492411475,233.70824620573353,1.0407064017660046,4.635393337346979
2022,FREESTYLE FREEDOM LITE,Brand,Diagnostic Agents,Diabetes Mell/Diab Supply NEC,215,5231,3274.34,3078.24,196.1,15.229488372093025,0.6259491493022367,0.9120930232558139,14.317395348837207,0.03748805199770598,0.5884610973045307
2022,FREESTYLE INSULINX,Brand,Diagnostic Agents,Diabetes Mell/Diab Supply NEC,44,2277,8820.86,6930.0,1890.86,200.47409090909093,3.873895476504172,42.974090909090904,157.5,0.8304172156346069,3.0434782608695654
2022,FREESTYLE LANCETS,Brand,Diagnostic Agents,Diabetes Mell/Diab Supply NEC,6194,353299,45747.48,6420.43,39327.05,7.385773329028092,0.12948658218675965,6.349216984178238,1.0365563448498547,0.11131378803789425,0.01817279414886541
2022,FREESTYLE LANCETS,Other,Diagnostic Agents,Diabetes Mell/Diab Supply NEC,73,3128,722.63,219.89,502.74,9.89904109589041,0.23101982097186702,6.886849315068493,3.0121917808219174,0.1607225063938619,0.07029731457800512
2022,FREESTYLE LIBRE 2 READER,Brand,Diagnostic Agents,Diabetes Mell/Diab Supply NEC,207,7524,13550.899999999998,7241.33,6309.570000000001,65.46328502415457,1.8010233918128653,30.481014492753626,34.982270531400964,0.838592503987241,0.9624308878256247
2022,FREESTYLE LIBRE 2 SENSOR,Brand,Diagnostic Agents,Diabetes Mell/Diab Supply NEC,8188,317207,789755.8600000001,389778.00000000006,399977.8600000001,96.45284074255008,2.489717629182206,48.84927454811921,47.60356619443088,1.2609364232189078,1.2287812059632985
2022,FREESTYLE LIBRE 2 SENSOR,Other,Diagnostic Agents,Diabetes Mell/Diab Supply NEC,164,5767,25873.34,20549.27,5324.07,157.7642682926829,4.486447026183457,32.46384146341463,125.30042682926829,0.9231957690306918,3.563251257152766
2022,FREESTYLE LIBRE 3 SENSOR,Brand,Diagnostic Agents,Diabetes Mell/Diab Supply NEC,312,12380,29661.629999999997,10289.0,19372.63,95.06932692307691,2.395931340872375,62.09176282051283,32.9775641025641,1.5648327948303717,0.8310985460420033
2022,FREESTYLE LIBRE 14 DAY READER,Brand,Diagnostic Agents,Diabetes Mell/Diab Supply NEC,39,970,2611.57,1506.8400000000001,1104.7299999999998,66.96333333333334,2.692340206185567,28.326410256410252,38.63692307692308,1.1388969072164947,1.5534432989690723
2022,FREESTYLE LIBRE 14 DAY SENSOR,Brand,Diagnostic Agents,Diabetes Mell/Diab Supply NEC,8002,312308,725055.1300000001,338679.72000000003,386375.4099999999,90.60923894026494,2.321602808765706,48.28485503624093,42.324383904023996,1.2371614239788924,1.084441384786813
2022,FREESTYLE LIBRE 14 DAY SENSOR,Other,Diagnostic Agents,Diabetes Mell/Diab Supply NEC,172,5642,25430.21,18618.54,6811.67,147.85005813953487,4.507304147465438,39.602732558139536,108.24732558139536,1.2073147819922014,3.2999893654732366
2022,FREESTYLE LITE,Brand,Diagnostic Agents,Diabetes Mell/Diab Supply NEC,9242,467435,1638969.3800000001,1284076.8000000005,354892.58,177.3392534083532,3.5063043631734896,38.39997619562865,138.93927721272456,0.7592340753259812,2.7470702878475093
2022,FREESTYLE LITE BLOOD GLUCOSE MONITORING SYSTEM,Brand,Diagnostic Agents,Diabetes Mell/Diab Supply NEC,766,22001,11686.19,11061.74,624.45,15.2561227154047,0.5311663106222445,0.8152088772845953,14.440913838120105,0.02838280078178265,0.5027835098404618
2022,FREESTYLE PRECISION NEO,Brand,Diagnostic Agents,Diabetes Mell/Diab Supply NEC,341,20907,16748.93,5353.28,11395.65,49.11709677419355,0.8011158941981155,33.4183284457478,15.698768328445746,0.545063854211508,0.25605203998660736
2022,FREESTYLE PRECISION NEO BLOOD GLUC MONITORING SYS,Brand,Diagnostic Agents,Diabetes Mell/Diab Supply NEC,58,1317,1216.31,1216.31,0.0,20.970862068965516,0.9235459377372817,0.0,20.970862068965516,0.0,0.9235459377372817
2022,FROVATRIPTAN SUCCINATE,Generic,Autonomic Drugs,"Vascular 5HT1 Agonist, NEC",542,12857,112349.73999999999,91107.23,21242.510000000002,207.2873431734317,8.738410204557828,39.19282287822879,168.09452029520295,1.6522135801508908,7.086196624406938
2022,FULPHILA,Brand,Blood Form/Coagul Agents,"Hematopoietic Agents, NEC",108,2235,514561.88000000006,497399.7800000001,17162.1,4764.461851851853,230.22902908277408,158.90833333333333,4605.553518518519,7.678791946308724,222.55023713646537
2022,FULVESTRANT,Generic,Antineoplastic Agents,Hormone-Modifying Therapy,15,420,19221.91,18946.91,275.0,1281.4606666666666,45.76645238095238,18.333333333333332,1263.1273333333334,0.6547619047619048,45.111690476190475
2022,FUROSEMIDE,Generic,"Electrolytic, Caloric, Water","Diuretics, Loop Diuretics",23893,1397387,123700.09999999999,18736.109999999997,104963.98999999999,5.177252751852007,0.08852243508777453,4.393085422508684,0.7841673293433222,0.07511447437252529,0.013407960715249245
2022,FYAVOLV,Generic,Hormones & Synthetic Subst,"Contraceptive, Oral Comb, NEC",331,19827,44612.98,25866.72,18746.26,134.78241691842902,2.250112472890503,56.63522658610271,78.14719033232629,0.94549150148787,1.304620971402633
2022,FYCOMPA,Brand,Central Nervous System,"Anticonvulsants, Misc",298,8962,275699.72000000003,242076.93000000002,33622.79,925.166845637584,30.763191251952694,112.82815436241611,812.3386912751679,3.7517060923900916,27.0114851595626
2022,FYREMADEL,Generic,Hormones & Synthetic Subst,Gonadotrop Rel Horm Antagonist,735,4518,752610.9500000001,700851.02,51759.93,1023.9604761904762,166.58055555555558,70.42167346938776,953.5388027210885,11.456381142098273,155.1241744134573
2022,GABAPENTIN,Brand,Pharmaceutical Aids/Adjuvants,"Pharmaceutical Aids/Adjuv, NEC",72,2073,47501.68000000001,44332.009999999995,3169.67,659.7455555555557,22.914462132175593,44.02319444444444,615.722361111111,1.5290255668113846,21.385436565364206
2022,GABAPENTIN,Generic,Central Nervous System,"Anticonvulsants, Misc",124431,4784833,1442293.9299999997,343009.2099999999,1099284.72,11.591114191801076,0.3014303592204785,8.834492369264893,2.756621822536184,0.22974359188711496,0.07168676733336354
2022,GALAFOLD,Brand,Misc Therapeutic Agents,"Misc Therapeutic Agents, NEC",22,616,610782.23,603647.28,7134.95,27762.828636363636,991.5295941558442,324.3159090909091,27438.51272727273,11.582711038961039,979.9468831168832
2022,GALANTAMINE,Generic,Autonomic Drugs,"Parasympathomimetic, NEC",18,1260,1770.1399999999999,1235.1399999999999,535.0,98.3411111111111,1.4048730158730158,29.72222222222222,68.61888888888888,0.4246031746031746,0.9802698412698412
2022,GALANTAMINE HBR,Generic,Autonomic Drugs,"Parasympathomimetic, NEC",35,1410,3047.35,2137.35,910.0,87.06714285714285,2.161241134751773,26.0,61.067142857142855,0.6453900709219859,1.515851063829787
2022,GALANTAMINE HYDROBROMIDE,Generic,Autonomic Drugs,"Parasympathomimetic, NEC",43,2528,5698.660000000001,3749.78,1948.88,132.52697674418607,2.254216772151899,45.32279069767442,87.20418604651164,0.7709177215189874,1.4832990506329116
2022,GALZIN,Brand,Heavy Metal Antagonists,"Heavy Metal Antagonists, NEC",25,860,3261.62,1365.9899999999998,1895.63,130.4648,3.792581395348837,75.82520000000001,54.639599999999994,2.2042209302325584,1.5883604651162788
2022,GAMMAGARD LIQUID,Brand,"Serums, Toxoids, Vaccines","Serums, NEC",144,4032,812935.1399999999,788931.61,24003.53,5645.382916666666,201.62081845238092,166.69118055555555,5478.691736111111,5.953256448412698,195.66756200396824
2022,GAMMAPLEX 10%,Brand,"Serums, Toxoids, Vaccines","Serums, NEC",12,336,225254.71,223121.12,2133.59,18771.225833333334,670.4009226190476,177.79916666666668,18593.426666666666,6.3499702380952385,664.0509523809524
2022,GAMUNEX-C,Brand,"Serums, Toxoids, Vaccines","Serums, NEC",118,2519,635791.77,618723.71,17068.059999999998,5388.065847457628,252.39847955537914,144.64457627118642,5243.42127118644,6.775728463676061,245.62275109170304
2022,GANIRELIX ACETATE,Generic,Hormones & Synthetic Subst,Gonadotrop Rel Horm Antagonist,152,931,159928.05000000002,147865.56000000003,12062.49,1052.1582236842107,171.7809344790548,79.35848684210526,972.7997368421054,12.956487647690656,158.82444683136416
2022,GARDASIL 9,Brand,"Serums, Toxoids, Vaccines","Vaccines, NEC",2819,3552,462983.38999999996,462634.13999999996,349.25,164.23674707343028,130.34442286036034,0.12389145086910251,164.11285562256117,0.09832488738738739,130.24609797297296
2022,GAS RELIEF,Generic,Gastrointestinal Drugs,"Antiflatulents, NEC",13,137,51.77,1.84,49.93,3.9823076923076925,0.37788321167883215,3.8407692307692307,0.14153846153846156,0.36445255474452554,0.01343065693430657
2022,GATIFLOXACIN,Generic,"Eye, Ear, Nose Throat","Antiinfect, Antibiotics EENT",439,5688,30220.859999999993,17837.52,12383.339999999998,68.84022779043279,5.313090717299577,28.20806378132118,40.63216400911162,2.177099156118143,3.135991561181435
2022,GATTEX,Brand,Gastrointestinal Drugs,"Gastrointestinal Drug Misc,NEC",56,1830,2363703.8899999997,2313759.84,49944.05,42208.99803571428,1291.641469945355,891.8580357142857,41317.14,27.291830601092897,1264.3496393442622
2022,GAVILAX,Generic,Pharmaceutical Aids/Adjuvants,"Pharmaceutical Aids/Adjuv, NEC",1112,26649,8843.939999999999,4900.97,3942.9700000000003,7.953183453237409,0.33186761229314415,3.545836330935252,4.407347122302158,0.1479593981012421,0.18390821419190215
2022,GAVILYTE-C WITH FLAVOR PACK,Brand,Pharmaceutical Aids/Adjuvants,"Pharmaceutical Aids/Adjuv, NEC",1899,2496,23041.260000000002,22356.060000000005,685.2,12.133364928909954,9.231274038461539,0.36082148499210115,11.772543443917854,0.2745192307692308,8.95675480769231
2022,GAVILYTE-C WITH FLAVOR PACK,Generic,Pharmaceutical Aids/Adjuvants,"Pharmaceutical Aids/Adjuv, NEC",1985,4850,25018.11,18629.060000000005,6389.049999999999,12.60358186397985,5.158373195876289,3.2186649874055413,9.38491687657431,1.3173298969072162,3.841043298969073
2022,GAVILYTE-G WITH FLAVOR PACK,Generic,Pharmaceutical Aids/Adjuvants,"Pharmaceutical Aids/Adjuv, NEC",5534,14682,88760.08999999998,82036.17,6723.919999999999,16.03904770509577,6.045504018526085,1.2150198771232381,14.824027827972532,0.4579703037733278,5.587533714752758
2022,GEBAUER'S ETHYL CHLORIDE,Brand,Skin & Mucous Membrane,"Antiprur/Local Anest S/MM, NEC",13,390,353.59,121.16,232.43,27.199230769230766,0.9066410256410256,17.87923076923077,9.32,0.595974358974359,0.31066666666666665
2022,GEL-ONE,Brand,Misc Therapeutic Agents,"Misc Therapeutic Agents, NEC",19,1171,26071.949999999997,16187.0,9884.95,1372.207894736842,22.264688300597776,520.2605263157895,851.9473684210526,8.441460290350129,13.823228010247652
2022,GEMFIBROZIL,Generic,Cardiovascular Agents,"Antihyperlipidemic Drugs, NEC",3288,215872,75736.45999999999,11634.660000000002,64101.8,23.03420316301703,0.35083966424547874,19.495681265206812,3.5385218978102193,0.2969435591461607,0.05389610509931812
2022,GEMMILY,Generic,Hormones & Synthetic Subst,"Contraceptive, Oral Comb, NEC",65,3950,17219.71,17219.71,0.0,264.91861538461535,4.359420253164557,0.0,264.91861538461535,0.0,4.359420253164557
2022,GEMTESA,Brand,~Missing,~Missing,547,23590,211277.47999999995,162078.96000000002,49198.52,386.24767824497246,8.956230606189061,89.94244972577695,296.3052285191956,2.0855667655786347,6.870663840610429
2022,GENERLAC,Generic,"Electrolytic, Caloric, Water","Ammonia Detoxicants, NEC",23,540,480.32000000000005,151.87,328.45000000000005,20.883478260869566,0.8894814814814815,14.280434782608697,6.60304347826087,0.6082407407407409,0.28124074074074074
2022,GENGRAF,Generic,Immunosuppressants,"Immunosuppressants, NEC",58,4316,13957.82,10880.98,3076.84,240.65206896551723,3.233971269694161,53.048965517241385,187.60310344827585,0.7128915662650602,2.521079703429101
2022,GENOTROPIN,Brand,Hormones & Synthetic Subst,"Pituitary Hormones, NEC",70,1847,244505.24999999997,231095.41,13409.84,3492.9321428571425,132.37966973470492,191.56914285714285,3301.363,7.260335679480239,125.11933405522468
2022,GENOTROPIN MINIQUICK,Brand,Hormones & Synthetic Subst,"Pituitary Hormones, NEC",87,2534,243432.50999999998,228418.34000000003,15014.169999999998,2798.0748275862065,96.066499605367,172.57666666666665,2625.4981609195406,5.925086819258089,90.14141278610893
2022,GENTAMICIN SULFATE,Brand,Pharmaceutical Aids/Adjuvants,"Pharmaceutical Aids/Adjuv, NEC",20,280,1271.98,1016.59,255.39000000000001,63.599000000000004,4.542785714285714,12.7695,50.8295,0.9121071428571429,3.6306785714285716
2022,GENTAMICIN SULFATE,Generic,Anti-Infective Agents,"Antibiot, Aminoglycosides",37,911,2200.4900000000002,1641.5100000000002,558.98,59.47270270270271,2.415466520307355,15.107567567567568,44.36513513513514,0.613589462129528,1.8018770581778267
2022,GENTAMICIN SULFATE,Generic,"Eye, Ear, Nose Throat","Antiinfect, Antibiotics EENT",790,11590,5926.97,317.97,5609.0,7.502493670886076,0.5113865401207938,7.1,0.40249367088607596,0.4839516824849008,0.027434857635893012
2022,GENTAMICIN SULFATE,Generic,Skin & Mucous Membrane,"Antiinf S/MM,Antibiotic & Comb",345,6609,17816.53,10927.539999999999,6888.990000000001,51.64211594202898,2.69579815403238,19.96808695652174,31.674028985507242,1.042364956876986,1.653433197155394
2022,GENTLE LAXATIVE,Generic,Gastrointestinal Drugs,"Cath&Lax, Laxatives, Stimulant",56,676,59.169999999999995,24.569999999999997,34.6,1.0566071428571429,0.08752958579881656,0.6178571428571429,0.4387499999999999,0.05118343195266272,0.03634615384615384
2022,GENUINE ASPIRIN,Generic,Central Nervous System,"Analg/Antipyr, Salicylates",87,3757,95.03999999999999,83.85,11.19,1.092413793103448,0.02529677934522225,0.1286206896551724,0.9637931034482758,0.002978440244876231,0.02231833910034602
2022,GENVOYA,Brand,Anti-Infective Agents,"Antivirals, NEC",2234,96829,8713212.5,8526623.3,186589.2,3900.2741718889883,89.9855673403629,83.52247090420771,3816.751700984781,1.9269970773218768,88.05857026304103
2022,GEODON,Brand,Central Nervous System,"Psychother,Tranq/Antipsychotic",32,1080,31724.069999999996,28779.07,2945.0,991.3771874999999,29.374138888888886,92.03125,899.3459375,2.7268518518518516,26.647287037037035
2022,GERBER EXTENSIVE HA,Brand,"Electrolytic, Caloric, Water","Caloric Agents, Nutrition Prep",12,206,4203.51,4158.51,45.0,350.2925,20.405388349514563,3.75,346.5425,0.21844660194174756,20.186941747572817
2022,GERI-KOT,Generic,Gastrointestinal Drugs,"Cath&Lax, Laxatives, Stimulant",81,2368,164.38,24.83,139.54999999999998,2.0293827160493825,0.06941722972972973,1.7228395061728392,0.3065432098765432,0.05893158783783783,0.01048564189189189
2022,GILENYA,Brand,Misc Therapeutic Agents,Biological Response Modifiers,1009,30810,9301858.879999999,9076202.59,225656.29,9218.888880079285,301.910382343395,223.6434985133796,8995.245381565906,7.324124959428757,294.58625738396626
2022,GILOTRIF,Brand,Antineoplastic Agents,Molecular Targeted Therapy,23,690,240852.34000000003,240852.34000000003,0.0,10471.840869565218,349.0613623188406,0.0,10471.840869565218,0.0,349.0613623188406
2022,GLASSIA,Brand,Blood Derivatives,"Blood Derivatives, NEC",11,313,147908.16,145559.69,2348.4700000000003,13446.196363636363,472.5500319488818,213.49727272727276,13232.699090909091,7.503099041533547,465.04693290734826
2022,GLATIRAMER ACETATE,Generic,Misc Therapeutic Agents,Biological Response Modifiers,716,20080,2303001.01,2182783.42,120217.59,3216.481857541899,114.69128535856572,167.9016620111732,3048.580195530726,5.986931772908366,108.70435358565737
2022,GLATOPA,Generic,Misc Therapeutic Agents,Biological Response Modifiers,380,10884,1317991.1700000002,1291594.84,26396.33,3468.397815789474,121.09437431091511,69.46402631578948,3398.9337894736846,2.425241639103271,118.66913267181184
2022,GLEEVEC,Brand,Antineoplastic Agents,Molecular Targeted Therapy,89,2670,923093.15,923093.15,0.0,10371.833146067416,345.72777153558053,0.0,10371.833146067416,0.0,345.72777153558053
2022,GLEOSTINE,Brand,Antineoplastic Agents,Chemotherapy,36,1210,18807.07,18557.07,250.0,522.4186111111111,15.54303305785124,6.944444444444445,515.4741666666666,0.2066115702479339,15.336421487603305
2022,GLIMEPIRIDE,Generic,Hormones & Synthetic Subst,"Antidiabetic Ag, Sulfonylureas",10170,690697,140782.00999999998,32289.05,108492.96,13.842872173058012,0.20382600474593054,10.667941002949853,3.1749311701081613,0.15707750287028902,0.046748501875641564
2022,GLIPIZIDE,Generic,Hormones & Synthetic Subst,"Antidiabetic Ag, Sulfonylureas",28459,1919247,520002.26,120261.29999999999,399740.9599999999,18.271979338697776,0.270940769999901,14.04620541832109,4.225773920376682,0.2082801015189811,0.06266066848091985
2022,GLIPIZIDE XL,Generic,Hormones & Synthetic Subst,"Antidiabetic Ag, Sulfonylureas",713,43346,14235.430000000002,4020.87,10214.560000000001,19.96553997194951,0.3284139251603378,14.326171107994393,5.639368863955119,0.23565173257047942,0.09276219258985835
2022,GLIPIZIDE/METFORMIN HCL,Generic,Hormones & Synthetic Subst,"Antidiabetic Agents, Misc",407,24798,33316.62999999999,20776.43,12540.2,81.85904176904174,1.3435208484555201,30.811302211302213,51.04773955773956,0.5056940075812566,0.8378268408742641
2022,GLUCAGEN HYPOKIT,Brand,Hormones & Synthetic Subst,"Antidiabetic Agents, Misc",20,488,9886.019999999999,9532.369999999999,353.65,494.30099999999993,20.25823770491803,17.682499999999997,476.6184999999999,0.7246926229508196,19.533545081967212
2022,GLUCAGON EMERGENCY KIT,Brand,Hormones & Synthetic Subst,"Antidiabetic Agents, Misc",167,4719,48681.09,39508.85999999999,9172.23,291.5035329341317,10.315975842339478,54.923532934131735,236.57999999999996,1.9436808645899555,8.372294977749522
2022,GLUCAGON EMERGENCY KIT,Generic,Hormones & Synthetic Subst,"Antidiabetic Agents, Misc",741,8331,331733.69,310361.68999999994,21372.0,447.6837921727396,39.819192173808666,28.842105263157894,418.8416869095816,2.5653583003240907,37.25383387348457
2022,GLUCOTROL XL,Brand,Hormones & Synthetic Subst,"Antidiabetic Ag, Sulfonylureas",14,979,608.8299999999999,24.25,584.5799999999999,43.48785714285714,0.6218896833503574,41.755714285714284,1.7321428571428572,0.5971195097037792,0.02477017364657814
2022,GLYBURIDE,Generic,Hormones & Synthetic Subst,"Antidiabetic Ag, Sulfonylureas",3451,222980,82278.11999999998,25398.640000000003,56879.48,23.841819762387708,0.368993272939277,16.482028397565923,7.359791364821792,0.2550878105659701,0.11390546237330704
2022,GLYBURIDE MICRONIZED,Generic,Hormones & Synthetic Subst,"Antidiabetic Ag, Sulfonylureas",51,3720,1215.07,230.74999999999997,984.32,23.824901960784313,0.3266317204301075,19.300392156862745,4.524509803921568,0.2646021505376344,0.06202956989247311
2022,GLYBURIDE-METFORMIN HCL,Generic,Hormones & Synthetic Subst,"Antidiabetic Ag, Sulfonylureas",439,30467,8995.300000000001,1751.9299999999998,7243.369999999999,20.490432801822326,0.29524731676896315,16.499703872437355,3.9907289293849653,0.23774477303311778,0.05750254373584533
2022,GLYCOPYRROLATE,Generic,Autonomic Drugs,Antichol/Antimuscarin/Antispas,2663,123002,112417.22999999998,54255.189999999995,58162.03999999999,42.21450619601952,0.9139463585957951,21.840796094630115,20.37371010138941,0.4728544251312986,0.4410919334644965
2022,GLYDO,Generic,Skin & Mucous Membrane,"Antiprur/Local Anest S/MM, NEC",28,296,1574.97,1079.83,495.14,56.24892857142857,5.320844594594595,17.68357142857143,38.56535714285714,1.6727702702702703,3.648074324324324
2022,GLYTACTIN BETTERMILK 15,Brand,"Electrolytic, Caloric, Water","Caloric Agents, Nutrition Prep",33,990,22595.559999999998,21619.059999999998,976.5,684.7139393939393,22.823797979797977,29.59090909090909,655.1230303030302,0.9863636363636363,21.837434343434342
2022,GLYTACTIN BUILD 20/20,Brand,"Electrolytic, Caloric, Water","Caloric Agents, Nutrition Prep",11,390,4538.65,4088.65,450.0,412.6045454545454,11.637564102564102,40.90909090909091,371.69545454545454,1.1538461538461537,10.483717948717949
2022,GLYTACTIN RESTORE 10,Brand,"Electrolytic, Caloric, Water","Caloric Agent, Amino Acid Prep",16,486,5889.780000000001,3960.77,1929.01,368.11125000000004,12.11888888888889,120.563125,247.548125,3.969156378600823,8.149732510288066
2022,GLYXAMBI,Brand,Hormones & Synthetic Subst,"Antidiabetic Ag, SGLT Inhibitr",167,10290,138390.28,119549.02000000002,18841.26,828.6843113772455,13.449006802721089,112.82191616766467,715.862395209581,1.8310262390670553,11.617980563654035
2022,GOCOVRI,Brand,Anti-Infective Agents,"Antivirals, NEC",52,1618,152850.85,141474.02000000002,11376.83,2939.439423076923,94.46900494437578,218.7851923076923,2720.654230769231,7.031415327564895,87.43758961681088
2022,GOLYTELY,Brand,Pharmaceutical Aids/Adjuvants,"Pharmaceutical Aids/Adjuv, NEC",55,138,616.7800000000001,51.599999999999994,565.18,11.21418181818182,4.469420289855073,10.276,0.9381818181818181,4.095507246376811,0.3739130434782608
2022,GONAL-F,Brand,Hormones & Synthetic Subst,"Gonadotropins, NEC",95,1425,755898.8099999999,742404.73,13494.080000000002,7956.829578947368,530.4553052631578,142.04294736842107,7814.786631578947,9.469529824561405,520.9857754385965
2022,GONAL-F RFF,Brand,Hormones & Synthetic Subst,"Gonadotropins, NEC",27,512,201725.74,200570.74,1155.0,7471.323703703703,393.9955859375,42.77777777777778,7428.545925925926,2.255859375,391.7397265625
2022,GONAL-F RFF REDI-JECT,Brand,Hormones & Synthetic Subst,"Gonadotropins, NEC",3289,32598,26377188.68,25915681.5,461507.18,8019.8202128306475,809.165859255169,140.31838856795378,7879.501824262694,14.15753052334499,795.008328731824
2022,GOOD NEIGHBOR ALCOHOL SWABS,Brand,Skin & Mucous Membrane,S/MM Soaps/Cleanser/Antiseptic,17,816,27.25,9.7,17.55,1.6029411764705883,0.033394607843137254,1.0323529411764707,0.5705882352941176,0.02150735294117647,0.011887254901960784
2022,GOOD NEIGHBOR PHARMACY ALLERGY & CONGESTION RELIEF,Generic,Autonomic Drugs,"Sympathomimetic Agents, NEC",11,630,299.77,0.0,299.77,27.25181818181818,0.4758253968253968,27.25181818181818,0.0,0.4758253968253968,0.0
2022,GOOD NEIGHBOR PHARMACY ASPIRIN,Generic,Central Nervous System,"Analg/Antipyr, Salicylates",177,5406,297.9,297.9,0.0,1.683050847457627,0.0551054384017758,0.0,1.683050847457627,0.0,0.0551054384017758
2022,GOOD NEIGHBOR PHARMACY CLEAR LAX,Generic,Pharmaceutical Aids/Adjuvants,"Pharmaceutical Aids/Adjuv, NEC",34,781,313.5,83.11,230.39,9.220588235294118,0.4014084507042254,6.776176470588235,2.4444117647058823,0.2949935979513444,0.10641485275288091
2022,GOOD NEIGHBOR PHARMACY NICOTINE,Generic,Autonomic Drugs,"Autonomic, Nicotine Preps",82,1787,2689.7999999999997,2689.7999999999997,0.0,32.80243902439024,1.5052042529378846,0.0,32.80243902439024,0.0,1.5052042529378846
2022,GOOD NEIGHBOR PHARMACY NICOTINE POLACRILEX,Generic,Autonomic Drugs,"Autonomic, Nicotine Preps",17,373,777.8900000000001,777.8900000000001,0.0,45.758235294117654,2.085495978552279,0.0,45.758235294117654,0.0,2.085495978552279
2022,GOOD NEIGHBOR PHARMACY SENNA LAX,Generic,Gastrointestinal Drugs,"Cath&Lax, Laxatives, Stimulant",12,313,13.02,0.0,13.020000000000001,1.085,0.04159744408945687,1.0850000000000002,0.0,0.04159744408945688,0.0
2022,GOOD NEIGHBOR PHARMACY ULTICARE PEN NEEDLES,Brand,Diagnostic Agents,Diabetes Mell/Diab Supply NEC,59,2678,2134.3900000000003,730.86,1403.5300000000002,36.17610169491526,0.7970089619118746,23.788644067796614,12.387457627118645,0.5240963405526513,0.2729126213592233
2022,GOOD NEIGHBOR PHARMACY VITAMIN HEALTH D,Generic,"Electrolytic, Caloric, Water","Repl Preps, Calcium Supp",41,2520,91.93,12.1,79.83,2.2421951219512195,0.03648015873015873,1.9470731707317073,0.2951219512195122,0.03167857142857143,0.0048015873015873015
2022,GRALISE,Brand,Central Nervous System,"Anticonvulsants, Misc",156,6259,88531.54999999999,71260.84,17270.71,567.5099358974359,14.144679661287745,110.70967948717949,456.8002564102564,2.759340150183735,11.385339511104009
2022,GRAMICIDIN/NEOMYCIN/POLYMYXIN B,Brand,"Eye, Ear, Nose Throat","Antiinfect, Antibiotics EENT",23,339,1130.45,516.4599999999999,613.99,49.15,3.334660766961652,26.695217391304347,22.45478260869565,1.8111799410029499,1.5234808259587018
2022,GRAMICIDIN/NEOMYCIN/POLYMYXIN B,Generic,"Eye, Ear, Nose Throat","Antiinfect, Antibiotics EENT",19,343,846.94,378.77000000000004,468.16999999999996,44.57578947368421,2.4692128279883385,24.640526315789472,19.935263157894738,1.3649271137026238,1.1042857142857143
2022,GRANISETRON HYDROCHLORIDE,Generic,Gastrointestinal Drugs,"Antiemetics, NEC",60,847,4631.620000000001,2760.03,1871.59,77.19366666666669,5.468264462809918,31.193166666666666,46.0005,2.2096694214876034,3.258595041322314
2022,GRANIX,Brand,Blood Form/Coagul Agents,"Hematopoietic Agents, NEC",82,1474,170992.69999999998,163286.21,7706.49,2085.2768292682927,116.00590230664857,93.98158536585366,1991.2952439024389,5.228283582089552,110.77761872455902
2022,GRASTEK,Brand,Diagnostic Agents,"Diagnostic Agents, Misc, NEC",42,1260,8601.39,4111.6900000000005,4489.7,204.795,6.826499999999999,106.89761904761905,97.89738095238097,3.563253968253968,3.263246031746032
2022,GRISEOFULVIN,Generic,Anti-Infective Agents,"Antibiot, Antifungals",119,3547,23974.939999999995,19160.41,4814.530000000001,201.4700840336134,6.759216239075274,40.45823529411765,161.0118487394958,1.3573526924161265,5.401863546659149
2022,GRISEOFULVIN ULTRAMICROSIZE,Generic,Anti-Infective Agents,"Antibiot, Antifungals",32,915,7249.5199999999995,6433.82,815.7,226.54749999999999,7.922972677595628,25.490625,201.056875,0.8914754098360657,7.031497267759563
2022,GUAIATUSSIN AC,Generic,Respiratory Tract Agents,"Cough/Cough/Cold Comb, NEC",231,2313,1855.3600000000001,242.22,1613.1399999999999,8.031861471861472,0.8021444012105491,6.983290043290043,1.0485714285714285,0.6974232598357112,0.10472114137483787
2022,GUAIFENESIN,Generic,Respiratory Tract Agents,"Expectorants/Cold Comb, NEC",54,400,131.25,44.959999999999994,86.29,2.4305555555555554,0.328125,1.597962962962963,0.8325925925925924,0.21572500000000003,0.11239999999999999
2022,GUANFACINE HCL,Generic,Cardiovascular Agents,"Hypotensive Agents, NEC",19832,858846,792736.82,307107.24999999994,485629.57000000007,39.97261093182735,0.9230255715227176,24.487170734167005,15.485440197660344,0.5654442938547773,0.3575812776679404
2022,GUARDIAN LINK (3) TRANSMITTER KIT,Brand,Devices & Non-Drug Items,"Devices & Non-Drug Items, NEC",37,1652,14148.530000000002,10712.66,3435.87,382.39270270270276,8.564485472154965,92.86135135135135,289.53135135135136,2.079824455205811,6.484661016949152
2022,GUARDIAN SENSOR 3,Brand,Diagnostic Agents,Diabetes Mell/Diab Supply NEC,335,21755,176481.63,136585.28,39896.35,526.8108358208956,8.112233049873593,119.09358208955223,407.7172537313433,1.8338933578487704,6.278339692024822
2022,GVOKE HYPOPEN 1 PACK,Brand,Hormones & Synthetic Subst,"Antidiabetic Agents, Misc",26,312,6384.39,5570.65,813.74,245.55346153846156,20.462788461538462,31.29769230769231,214.2557692307692,2.6081410256410256,17.854647435897434
2022,GVOKE HYPOPEN 2 PACK,Brand,Hormones & Synthetic Subst,"Antidiabetic Agents, Misc",128,2443,42543.75,35381.91,7161.84,332.373046875,17.414551780597627,55.951875,276.421171875,2.931575931232092,14.482975849365536
2022,GVOKE PFS 2 PACK,Brand,Hormones & Synthetic Subst,"Antidiabetic Agents, Misc",12,225,3515.81,2742.77,773.04,292.9841666666667,15.625822222222222,64.42,228.56416666666667,3.4357333333333333,12.190088888888889
2022,GYNAZOLE-1,Brand,Skin & Mucous Membrane,"Antiinf S/MM,Antifungal & Comb",17,78,2125.25,1061.76,1063.49,125.01470588235294,27.246794871794872,62.55823529411765,62.45647058823529,13.634487179487179,13.612307692307692
2022,HAEGARDA,Brand,Immunosuppressants,"Immunosuppressants, NEC",27,756,727534.9,720724.9,6810.0,26945.737037037037,962.3477513227514,252.22222222222223,26693.514814814815,9.007936507936508,953.3398148148149
2022,HAILEY 1.5/30,Generic,Hormones & Synthetic Subst,"Contraceptive, Oral Comb, NEC",317,22625,12628.419999999998,12628.419999999998,0.0,39.83728706624605,0.5581622099447513,0.0,39.83728706624605,0.0,0.5581622099447513
2022,HAILEY 24 FE,Generic,Hormones & Synthetic Subst,"Contraceptive, Oral Comb, NEC",2970,226066,237611.98,237457.19999999998,154.78,80.00403367003368,1.0510734918121256,0.05211447811447811,79.95191919191919,0.0006846673095467695,1.0503888245025788
2022,HAILEY FE 1.5/30,Generic,Hormones & Synthetic Subst,"Contraceptive, Oral Comb, NEC",626,42950,13694.680000000004,13694.680000000004,0.0,21.8764856230032,0.31885168800931324,0.0,21.8764856230032,0.0,0.31885168800931324
2022,HAILEY FE 1/20,Generic,Hormones & Synthetic Subst,"Contraceptive, Oral Comb, NEC",332,23068,10757.529999999999,10757.529999999999,0.0,32.402198795180716,0.46633995144789314,0.0,32.402198795180716,0.0,0.46633995144789314
2022,HALOBETASOL PROPIONATE,Generic,Skin & Mucous Membrane,Antiinflam S/MM Agnts&Comb NEC,1588,40800,108327.6,61474.05999999999,46853.54,68.21637279596978,2.6550882352941176,29.504748110831233,38.71162468513853,1.1483710784313725,1.5067171568627449
2022,HALOPERIDOL,Generic,Central Nervous System,"Psychother,Tranq/Antipsychotic",1089,37231,31833.250000000004,13898.11,17935.14,29.231634527089074,0.8550200102065484,16.469366391184572,12.7622681359045,0.4817259810373076,0.3732940291692407
2022,HALOPERIDOL DECANOATE,Generic,Central Nervous System,"Psychother,Tranq/Antipsychotic",90,2601,4266.45,2044.4,2222.05,47.405,1.640311418685121,24.689444444444447,22.715555555555557,0.8543060361399463,0.7860053825451749
2022,HALOPERIDOL LACTATE,Generic,Central Nervous System,"Psychother,Tranq/Antipsychotic",20,570,451.08,142.09,308.99,22.554,0.7913684210526315,15.4495,7.1045,0.5420877192982456,0.24928070175438596
2022,HARVONI,Brand,Anti-Infective Agents,"Antivirals, NEC",74,2072,2079560.77,2056055.53,23505.239999999998,28102.172567567566,1003.6490202702703,317.6383783783784,27784.53418918919,11.344227799227799,992.3047924710424
2022,HAVRIX,Brand,"Serums, Toxoids, Vaccines","Vaccines, NEC",204,352,13419.289999999997,13419.289999999997,0.0,65.78083333333332,38.12298295454545,0.0,65.78083333333332,0.0,38.12298295454545
2022,HC-NEOMYCIN-POLYMYXIN,Generic,"Eye, Ear, Nose Throat","Antiinfect, Antiinflam EENT",1422,20335,89088.95000000003,51006.16,38082.79,62.65045710267231,4.381064666830589,26.781146272855135,35.86931082981716,1.8727705925743792,2.5082940742562085
2022,HEALTH MART LOW DOSE ASPIRIN,Generic,Central Nervous System,"Analg/Antipyr, Salicylates",34,2020,44.12,42.4,1.72,1.2976470588235294,0.02184158415841584,0.05058823529411765,1.2470588235294118,0.0008514851485148515,0.020990099009900988
2022,HEALTH MART NICOTINE TRANSDERMAL SYSTEM,Generic,Autonomic Drugs,"Autonomic, Nicotine Preps",16,394,551.94,551.94,0.0,34.49625,1.4008629441624367,0.0,34.49625,0.0,1.4008629441624367
2022,HEALTHYLAX POLYETHYLENE GLYCOL 3350,Generic,Pharmaceutical Aids/Adjuvants,"Pharmaceutical Aids/Adjuv, NEC",21,412,877.12,727.96,149.16,41.76761904761905,2.1289320388349515,7.102857142857142,34.6647619047619,0.3620388349514563,1.7668932038834952
2022,HEARTBURN RELIEF,Generic,Gastrointestinal Drugs,"Histamine (H2) Antagonist, NEC",122,3859,568.98,18.46,550.52,4.6637704918032785,0.14744234257579683,4.512459016393443,0.15131147540983608,0.14265871987561543,0.004783622700181394
2022,HEATHER,Generic,Hormones & Synthetic Subst,"Progestins, NEC",1106,84783,35835.350000000006,35835.350000000006,0.0,32.400858951175415,0.42267140818324433,0.0,32.400858951175415,0.0,0.42267140818324433
2022,HEMANGEOL,Brand,Cardiovascular Agents,"Cardiac, Beta Blockers",105,3387,50130.14000000001,29966.12,20164.02,477.4299047619048,14.800749926188368,192.0382857142857,285.39161904761903,5.953356953055802,8.847392973132566
2022,HEMLIBRA,Brand,Blood Form/Coagul Agents,"Coag/Anticoag, Hemostatics",98,2688,2680858.94,2671011.95,9846.99,27355.703469387754,997.3433556547619,100.47948979591837,27255.22397959184,3.663314732142857,993.6800409226191
2022,HEMMOREX-HC,Generic,Skin & Mucous Membrane,Antiinflam S/MM Agnts&Comb NEC,24,255,2183.91,1376.37,807.54,90.99624999999999,8.56435294117647,33.6475,57.348749999999995,3.1668235294117646,5.3975294117647055
2022,HEPARIN SODIUM,Generic,Blood Form/Coagul Agents,"Coag/Anticoag, Anticoagulants",139,2890,15291.41,11626.599999999999,3664.8099999999995,110.01014388489209,5.291145328719723,26.36553956834532,83.64460431654675,1.2681003460207612,4.023044982698962
2022,HEPLISAV-B,Brand,"Serums, Toxoids, Vaccines","Vaccines, NEC",763,1278,76854.99,76854.99,0.0,100.72737876802098,60.13692488262911,0.0,100.72737876802098,0.0,60.13692488262911
2022,HETLIOZ,Brand,Central Nervous System,Anxiolytic/Sedative/Hypnot NEC,20,600,449794.54,448444.54,1350.0,22489.727,749.6575666666666,67.5,22422.227,2.25,747.4075666666666
2022,HIZENTRA,Brand,"Serums, Toxoids, Vaccines","Serums, NEC",164,4758,728403.1,699033.06,29370.039999999997,4441.482317073171,153.09018495166035,179.08560975609754,4262.396707317073,6.172770071458595,146.9174148802018
2022,HORIZANT,Brand,Central Nervous System,"Anticonvulsants, Misc",203,7159,116321.24,93304.34999999999,23016.89,573.0110344827586,16.24825254923872,113.38369458128078,459.6273399014778,3.2150984774409834,13.033154071797735
2022,HRT CREAM BASE,Brand,Pharmaceutical Aids/Adjuvants,"Pharmaceutical Aids/Adjuv, NEC",77,2364,10806.500000000002,5957.139999999999,4849.36,140.34415584415586,4.571277495769882,62.978701298701296,77.36545454545454,2.0513367174280877,2.5199407783417933
2022,HUMALOG,Brand,Hormones & Synthetic Subst,"Antidiabetic Agents, Insulins",16694,970649,15507745.659999998,14179337.809999999,1328407.8499999999,928.9412759075116,15.976677109851241,79.57396968970887,849.3673062178027,1.3685769521217246,14.608100157729517
2022,HUMALOG JUNIOR KWIKPEN,Brand,Hormones & Synthetic Subst,"Antidiabetic Agents, Insulins",1004,48730,487715.1100000001,414547.47,73167.63999999998,485.7720219123507,10.008518571721734,72.87613545816731,412.89588645418326,1.501490662836035,8.507027908885696
2022,HUMALOG KWIKPEN,Brand,Hormones & Synthetic Subst,"Antidiabetic Agents, Insulins",14315,770151,10436457.58,9459716.82,976740.76,729.0574628012574,13.55118357309151,68.23197764582606,660.8254851554314,1.2682457855667266,12.282937787524784
2022,HUMALOG MIX 50/50,Brand,Hormones & Synthetic Subst,"Antidiabetic Agents, Insulins",15,505,13449.3,12629.3,820.0,896.62,26.63227722772277,54.666666666666664,841.9533333333333,1.6237623762376239,25.008514851485145
2022,HUMALOG MIX 50/50 KWIKPEN,Brand,Hormones & Synthetic Subst,"Antidiabetic Agents, Insulins",238,10667,195500.59999999998,180508.53000000003,14992.07,821.4310924369747,18.32760851223399,62.99189075630252,758.4392016806723,1.405462641792444,16.92214587044155
2022,HUMALOG MIX 75/25,Brand,Hormones & Synthetic Subst,"Antidiabetic Agents, Insulins",148,6845,127546.79999999999,119436.80000000002,8110.0,861.8027027027026,18.633571950328705,54.7972972972973,807.0054054054056,1.1848064280496713,17.44876552227904
2022,HUMALOG MIX 75/25 KWIKPEN,Brand,Hormones & Synthetic Subst,"Antidiabetic Agents, Insulins",1119,53916,1096162.8599999999,1005115.49,91047.37,979.591474530831,20.330938125973734,81.3649419124218,898.2265326184092,1.6886892573633059,18.64224886861043
2022,HUMATE-P,Brand,Blood Form/Coagul Agents,"Coag/Anticoag, Hemostatics",11,330,893227.04,892677.04,550.0,81202.45818181819,2706.748606060606,50.0,81152.45818181819,1.6666666666666667,2705.0819393939396
2022,HUMATROPE,Brand,Hormones & Synthetic Subst,"Pituitary Hormones, NEC",406,11021,1724021.09,1657029.6300000001,66991.46,4246.35736453202,156.43054985935942,165.0035960591133,4081.3537684729067,6.0785282642228475,150.35202159513656
2022,HUMIRA,Brand,Immunosuppressants,"Immunosuppressants, NEC",30810,861445,224269424.06,218858399.53,5411024.53,7279.111459266472,260.3409667012984,175.62559331385916,7103.485865952613,6.2813348849897555,254.05963181630864
2022,HUMIRA PEN,Brand,Immunosuppressants,"Immunosuppressants, NEC",511,14254,8083600.180000001,7986919.61,96680.57,15819.178434442272,567.1109990178196,189.1987671232877,15629.979667318983,6.7826974884243025,560.3283015293953
2022,HUMIRA PEN PSORIASIS/UVEITIS STARTER PACK,Brand,Immunosuppressants,"Immunosuppressants, NEC",109,3240,1325994.4000000001,1302827.0400000003,23167.36,12165.08623853211,409.2575308641976,212.5445871559633,11952.541651376148,7.15041975308642,402.1071111111112
2022,HUMIRA PEN STARTER PACK,Brand,Immunosuppressants,"Immunosuppressants, NEC",225,6268,4054104.819999999,3981628.459999999,72476.36000000002,18018.24364444444,646.7940044671345,322.1171555555556,17696.126488888884,11.562916400765797,635.2310880663687
2022,HUMULIN 70/30,Brand,Hormones & Synthetic Subst,"Antidiabetic Agents, Insulins",209,9364,81782.17,66677.27,15104.9,391.30224880382775,8.733678983340452,72.27224880382775,319.03000000000003,1.6130820162323793,7.1205969671080735
2022,HUMULIN 70/30 KWIKPEN,Brand,Hormones & Synthetic Subst,"Antidiabetic Agents, Insulins",389,17468,289063.82999999996,266073.91000000003,22989.92,743.0946786632389,16.5481926952141,59.100051413881744,683.9946272493574,1.316116326997939,15.232076368216168
2022,HUMULIN N (NPH),Brand,Hormones & Synthetic Subst,"Antidiabetic Agents, Insulins",744,35364,228862.9,186379.25,42483.65,307.6114247311828,6.471634996041171,57.10168010752688,250.5097446236559,1.2013247935753875,5.270310202465785
2022,HUMULIN N (NPH) KWIKPEN,Brand,Hormones & Synthetic Subst,"Antidiabetic Agents, Insulins",1337,70477,592744.3899999999,498837.86,93906.53,443.3391099476439,8.410465683840117,70.23674644727001,373.10236350037394,1.3324422151907716,7.078023468649347
2022,HUMULIN R,Brand,Hormones & Synthetic Subst,"Antidiabetic Agents, Insulins",316,14773,114321.48,100807.68,13513.800000000001,361.77683544303795,7.738541934610438,42.765189873417725,319.0116455696202,0.9147634197522508,6.823778514858187
2022,HUMULIN R CONCENTRATED U-500,Brand,Hormones & Synthetic Subst,"Antidiabetic Agents, Insulins",194,9049,338986.31,323738.75,15247.56,1747.3521134020618,37.461190186760966,78.59567010309279,1668.756443298969,1.6849994474527572,35.77619073930821
2022,HUMULIN R CONCENTRATED U-500 KWIKPEN,Brand,Hormones & Synthetic Subst,"Antidiabetic Agents, Insulins",792,35742,1277744.81,1206885.72,70859.09,1613.3141540404042,35.749113368026414,89.46854797979798,1523.845606060606,1.9825160875160874,33.766597280510325
2022,HYCODAN,Brand,Respiratory Tract Agents,"Antitussives/Cold Comb, NEC",16,219,186.95,0.0,186.95000000000002,11.684375,0.8536529680365297,11.684375000000001,0.0,0.8536529680365298,0.0
2022,HYDRALAZINE HCL,Generic,Cardiovascular Agents,"Hypotensive Agents, NEC",3855,224786,66066.57999999999,17111.52,48955.06,17.137893644617378,0.2939087843548975,12.69910765239948,4.438785992217899,0.21778518235121402,0.07612360200368351
2022,HYDROCHLOROTHIAZIDE,Brand,Pharmaceutical Aids/Adjuvants,"Pharmaceutical Aids/Adjuv, NEC",11,266,569.55,83.94,485.61,51.777272727272724,2.1411654135338343,44.14636363636364,7.630909090909091,1.8256015037593984,0.3155639097744361
2022,HYDROCHLOROTHIAZIDE,Generic,"Electrolytic, Caloric, Water","Diuretics, Thiazides & Related",122728,8584136,450216.50999999995,47155.729999999996,403060.77999999997,3.668409083501727,0.05244750432658569,3.2841794863437843,0.38422959715794275,0.04695414657922474,0.005493357747360946
2022,HYDROCODONE BITARTRATE,Brand,Central Nervous System,"Analg/Antipyr, Opiate Agonists",13,327,5780.99,5626.639999999999,154.35,444.69153846153847,17.678868501529053,11.873076923076923,432.8184615384615,0.47201834862385317,17.206850152905197
2022,HYDROCODONE BITARTRATE-ACETAMINOPHEN,Generic,Central Nervous System,"Analg/Antipyr, Opiate Agonists",29364,358266,198690.00999999998,69908.68,128781.33000000002,6.766449053262497,0.554587959784071,4.385687576624439,2.38076147663806,0.3594573026745491,0.19513065710952196
2022,HYDROCODONE BITARTRATE-HOMATROPINE,Generic,Respiratory Tract Agents,"Antitussives/Cold Comb, NEC",278,3548,3270.1699999999996,753.6200000000001,2516.55,11.76320143884892,0.921693912063134,9.052338129496404,2.7108633093525185,0.7092869222096957,0.2124069898534386
2022,HYDROCODONE BITARTRATE-IBUPROFEN,Generic,Central Nervous System,"Analg/Antipyr, Opiate Agonists",167,3029,3665.2000000000003,1601.85,2063.3499999999995,21.947305389221558,1.2100363156157148,12.355389221556884,9.591916167664671,0.6811984153185868,0.5288379002971277
2022,HYDROCODONE POLISTIREX-CHLORPHENIRAMINE POLISTIREX,Generic,Respiratory Tract Agents,"Antitussives/Cold Comb, NEC",604,7630,27599.530000000002,14802.73,12796.8,45.694586092715234,3.617238532110092,21.186754966887417,24.507831125827813,1.6771690694626473,1.9400694626474442
2022,HYDROCORTISONE,Generic,Hormones & Synthetic Subst,"Adrenals & Comb, NEC",2316,110035,103364.09999999998,42805.58000000001,60558.51999999999,44.63044041450776,0.9393747443995091,26.14789291882556,18.482547495682216,0.5503568864452218,0.38901785795428734
2022,HYDROCORTISONE,Generic,Skin & Mucous Membrane,Antiinflam S/MM Agnts&Comb NEC,23902,467267,290356.43,124623.73000000001,165732.69999999998,12.147788051209103,0.6213929723263145,6.933842356288176,5.213945694920928,0.3546852227955323,0.2667077495307822
2022,HYDROCORTISONE ACETATE,Generic,Skin & Mucous Membrane,Antiinflam S/MM Agnts&Comb NEC,2572,34865,273210.77,204886.21000000002,68324.56000000001,106.2250272161742,7.83624752617238,26.564758942457235,79.66026827371697,1.9596890864764094,5.8765584396959705
2022,HYDROCORTISONE ACETATE-PRAMOXINE HCL,Generic,Skin & Mucous Membrane,Antiinflam S/MM Agnts&Comb NEC,404,7534,42240.119999999995,30547.8,11692.320000000002,104.55475247524751,5.606599415980886,28.941386138613865,75.61336633663366,1.5519405362357315,4.054658879745155
2022,HYDROCORTISONE BUTYRATE,Brand,Skin & Mucous Membrane,Antiinflam S/MM Agnts&Comb NEC,22,540,2547.49,1605.7399999999998,941.75,115.79499999999999,4.717574074074074,42.80681818181818,72.98818181818181,1.7439814814814816,2.9735925925925923
2022,HYDROCORTISONE BUTYRATE,Generic,Hormones & Synthetic Subst,"Adrenals & Comb, NEC",14,383,7760.509999999999,7370.509999999999,390.0,554.3221428571428,20.26242819843342,27.857142857142858,526.4649999999999,1.0182767624020888,19.24415143603133
2022,HYDROCORTISONE BUTYRATE,Generic,Skin & Mucous Membrane,Antiinflam S/MM Agnts&Comb NEC,19,502,2638.79,2121.73,517.06,138.88368421052633,5.256553784860558,27.213684210526313,111.67,1.0299999999999998,4.226553784860558
2022,HYDROCORTISONE VALERATE,Generic,Skin & Mucous Membrane,Antiinflam S/MM Agnts&Comb NEC,711,17237,50895.490000000005,33222.030000000006,17673.460000000006,71.5829676511955,2.952688402854325,24.857187060478207,46.72578059071731,1.0253211115623373,1.9273672912919886
2022,HYDROCORTISONE/ACETIC ACID,Generic,"Eye, Ear, Nose Throat","Antiinflam Agents EENT, NEC",650,10070,64486.75,47935.420000000006,16551.329999999998,99.21038461538461,6.403848063555114,25.46358461538461,73.74680000000001,1.6436276067527307,4.760220456802384
2022,HYDROCORTISONE/IODOQUINOL,Generic,Skin & Mucous Membrane,Antiinflam S/MM Agnts&Comb NEC,21,417,1898.2599999999998,1335.7599999999998,562.5,90.39333333333332,4.552182254196642,26.785714285714285,63.60761904761904,1.3489208633093526,3.2032613908872896
2022,HYDROCORTISONE/NEOMYCIN/POLYMYXIN B,Brand,"Eye, Ear, Nose Throat","Antiinfect, Antiinflam EENT",18,264,2518.74,2178.74,340.0,139.92999999999998,9.540681818181817,18.88888888888889,121.04111111111109,1.2878787878787878,8.25280303030303
2022,HYDROCORTISONE/NEOMYCIN/POLYMYXIN B,Generic,"Eye, Ear, Nose Throat","Antiinfect, Antiinflam EENT",5505,67095,349344.24,207527.49000000002,141816.75000000003,63.459444141689374,5.20671048513302,25.761444141689378,37.698,2.11367091437514,3.093039570757881
2022,HYDROMET,Generic,Respiratory Tract Agents,"Antitussives/Cold Comb, NEC",128,1602,2340.19,823.2800000000002,1516.9100000000003,18.282734375,1.460792759051186,11.850859375000002,6.431875000000002,0.946885143570537,0.5139076154806493
2022,HYDROMORPHONE HCL,Generic,Central Nervous System,"Analg/Antipyr, Opiate Agonists",6700,68914,86262.37,63686.59999999999,22575.769999999997,12.874980597014925,1.2517394143425138,3.369517910447761,9.505462686567164,0.3275933772528078,0.9241460370897059
2022,HYDROQUINONE,Generic,Skin & Mucous Membrane,Depig/Pig S/MM Depigment Agent,18,486,1640.8000000000002,0.0,1640.8000000000002,91.15555555555557,3.3761316872427987,91.15555555555557,0.0,3.3761316872427987,0.0
2022,HYDROXOCOBALAMIN,Brand,Pharmaceutical Aids/Adjuvants,"Pharmaceutical Aids/Adjuv, NEC",26,364,1093.04,630.6,462.44,42.04,3.0028571428571427,17.786153846153844,24.253846153846155,1.2704395604395604,1.7324175824175825
2022,HYDROXYCHLOROQUINE SULFATE,Brand,Anti-Infective Agents,"Antimalarial Agents, NEC",28,1240,3092.98,1238.75,1854.23,110.46357142857143,2.4943387096774194,66.2225,44.24107142857143,1.4953467741935484,0.998991935483871
2022,HYDROXYCHLOROQUINE SULFATE,Generic,Anti-Infective Agents,"Antimalarial Agents, NEC",17094,909959,1261070.56,759494.4400000001,501576.11999999994,73.77270153270153,1.3858542637635323,29.34223236223236,44.43046917046917,0.5512073840689525,0.8346468796945797
2022,HYDROXYPROGESTERONE CAPROATE,Generic,Hormones & Synthetic Subst,"Progestins, NEC",70,2099,127419.68999999999,123987.67,3432.02,1820.2812857142856,60.70494997617913,49.02885714285714,1771.2524285714285,1.6350738446879467,59.069876131491185
2022,HYDROXYUREA,Generic,Antineoplastic Agents,Chemotherapy,1486,76844,72095.09000000001,67179.23000000001,4915.86,48.516211305518176,0.9382006402581855,3.308115746971736,45.20809555854644,0.06397194315756598,0.8742286971006196
2022,HYDROXYZINE HCL,Generic,Central Nervous System,Anxiolytic/Sedative/Hypnot NEC,40367,1253833,361254.5200000001,59596.01000000001,301658.51,8.949253598236185,0.2881201244503854,7.4728989025689305,1.476354695667253,0.24058906568897134,0.04753105876141401
2022,HYDROXYZINE PAMOATE,Brand,Central Nervous System,Anxiolytic/Sedative/Hypnot NEC,148,4643,5317.91,2131.03,3186.88,35.931824324324324,1.145360758130519,21.532972972972974,14.398851351351352,0.6863838035752746,0.4589769545552445
2022,HYDROXYZINE PAMOATE,Generic,Central Nervous System,Anxiolytic/Sedative/Hypnot NEC,11946,359938,94415.16999999998,11687.570000000002,82727.6,7.903496567888832,0.2623095366424217,6.925129750544116,0.978366817344718,0.22983847218132014,0.03247106446110164
2022,HYOPHEN,Brand,Anti-Infective Agents,"Urinary Anti-Infectives, NEC",12,303,2343.79,2056.27,287.52,195.31583333333333,7.735280528052805,23.959999999999997,171.35583333333332,0.9489108910891089,6.7863696369636965
2022,HYOPHEN,Generic,Anti-Infective Agents,"Urinary Anti-Infectives, NEC",12,485,2371.54,2072.9,298.64,197.62833333333333,4.8897731958762884,24.886666666666667,172.74166666666667,0.6157525773195875,4.274020618556701
2022,HYOSCYAMINE SULFATE,Generic,Autonomic Drugs,Antichol/Antimuscarin/Antispas,2588,74410,77389.06999999999,32346.290000000008,45042.78,29.90304095826893,1.0400358822738878,17.40447449768161,12.498566460587329,0.6053323478027147,0.4347035344711733
2022,HYOSCYAMINE SULFATE ODT,Generic,Autonomic Drugs,Antichol/Antimuscarin/Antispas,84,1817,1283.1300000000003,147.77,1135.3600000000001,15.275357142857146,0.7061805173362687,13.516190476190477,1.7591666666666668,0.6248541552008806,0.081326362135388
2022,HYOSYNE,Generic,Autonomic Drugs,Antichol/Antimuscarin/Antispas,17,379,482.27,233.34,248.93000000000004,28.368823529411763,1.272480211081794,14.64294117647059,13.725882352941177,0.6568073878627969,0.6156728232189974
2022,HYPERSAL,Brand,"Electrolytic, Caloric, Water","Repl Preps, Sodium Chlor Preps",41,1250,880.51,63.33,817.1800000000001,21.475853658536586,0.704408,19.931219512195124,1.5446341463414635,0.6537440000000001,0.050664
2022,HYQVIA,Brand,Enzymes,"Enzymes, NEC",27,756,132928.14,130328.14,2600.0,4923.264444444445,175.83087301587304,96.29629629629629,4826.968148148148,3.439153439153439,172.39171957671957
2022,IBANDRONATE SODIUM,Generic,Misc Therapeutic Agents,Bone Resorption Inhibitors,651,45174,24081.6,4641.59,19440.010000000002,36.99170506912442,0.5330854031079825,29.86176651305684,7.1299385560675885,0.43033625536813214,0.10274914773985036
2022,IBRANCE,Brand,Antineoplastic Agents,Molecular Targeted Therapy,776,21700,10628673.44,10572034.429999998,56639.01,13696.74412371134,489.80061935483866,72.98841494845361,13623.755708762883,2.6100926267281106,487.1905267281105
2022,IBSRELA,Brand,Gastrointestinal Drugs,"Gastrointestinal Drug Misc,NEC",18,540,23217.87,22056.429999999997,1161.44,1289.8816666666667,42.99605555555555,64.52444444444444,1225.357222222222,2.1508148148148147,40.845240740740735
2022,IBU,Generic,Central Nervous System,"Analg/Antipyr,Nonstr/Antiinflm",504,9295,2181.25,47.91,2133.34,4.327876984126984,0.2346691769768693,4.23281746031746,0.0950595238095238,0.2295147928994083,0.005154384077461
2022,IBUPROFEN,Generic,Central Nervous System,"Analg/Antipyr,Nonstr/Antiinflm",111666,1998040,475314.29999999993,40275.27000000001,435039.03,4.256571382515716,0.23789028247682725,3.8958951695234005,0.36067621299231645,0.21773289323537068,0.020157389241456634
2022,IBUPROFEN CHILDREN'S,Generic,Central Nervous System,"Analg/Antipyr,Nonstr/Antiinflm",14,92,113.8,41.32,72.47999999999999,8.128571428571428,1.2369565217391305,5.177142857142856,2.9514285714285715,0.7878260869565217,0.4491304347826087
2022,ICATIBANT,Generic,Misc Therapeutic Agents,"Misc Therapeutic Agents, NEC",32,42,514898.88,513093.88,1805.0,16090.59,12259.497142857143,56.40625,16034.18375,42.976190476190474,12216.520952380952
2022,ICLUSIG,Brand,Antineoplastic Agents,Molecular Targeted Therapy,38,1140,805015.0800000001,800985.8799999999,4029.2,21184.607368421053,706.1535789473685,106.03157894736842,21078.57578947368,3.5343859649122806,702.6191929824561
2022,ICOSAPENT ETHYL,Generic,Cardiovascular Agents,"Antihyperlipidemic Drugs, NEC",1122,53934,436358.3,372349.29999999993,64009.0,388.9111408199643,8.090597767641933,57.049019607843135,331.86212121212117,1.1868023881039789,6.903795379537953
2022,ILARIS,Brand,Immunosuppressants,"Immunosuppressants, NEC",110,3010,2465518.0300000003,2446496.73,19021.3,22413.800272727276,819.1089800664453,172.92090909090908,22240.879363636363,6.319368770764119,812.7896112956811
2022,ILEVRO,Brand,"Eye, Ear, Nose Throat","Antiinflam Agents EENT, NEC",36,1243,11260.199999999999,9072.39,2187.81,312.7833333333333,9.058889782783588,60.7725,252.01083333333332,1.7601045856798068,7.298785197103781
2022,IMATINIB MESYLATE,Generic,Antineoplastic Agents,Molecular Targeted Therapy,891,27152,1474873.27,1455105.1500000001,19768.120000000003,1655.301088664422,54.31913928992339,22.186442199775534,1633.1146464646465,0.7280539186800237,53.59108537124337
2022,IMBRUVICA,Brand,Antineoplastic Agents,Molecular Targeted Therapy,406,11414,5793939.870000001,5787012.290000001,6927.58,14270.78785714286,507.6169502365517,17.063004926108373,14253.724852216752,0.6069370947958648,507.01001314175585
2022,IMIPRAMINE HCL,Generic,Central Nervous System,"Psychother, Antidepressants",918,53501,23529.780000000002,6735.53,16794.25,25.63156862745098,0.4398007513878246,18.29438997821351,7.337178649237472,0.31390534756359695,0.1258954038242276
2022,IMIPRAMINE PAMOATE,Generic,Central Nervous System,"Psychother, Antidepressants",44,2250,22875.6,20626.879999999997,2248.72,519.9,10.166933333333333,51.10727272727272,468.79272727272723,0.999431111111111,9.167502222222222
2022,IMIQUIMOD,Generic,Skin & Mucous Membrane,"S/MM Miscellaneous, NEC",2729,92714,165755.77999999997,108258.42,57497.360000000015,60.73865152070354,1.787818236728002,21.0690216196409,39.66962990106266,0.6201583363893265,1.1676599003386758
2022,IMITREX,Brand,Autonomic Drugs,"Vascular 5HT1 Agonist, NEC",132,2769,68484.86000000002,52304.18,16180.68,518.8246969696971,24.73270494763453,122.58090909090909,396.2437878787879,5.843510292524377,18.88919465511015
2022,IMURAN,Brand,Immunosuppressants,"Immunosuppressants, NEC",12,810,11808.509999999998,8985.83,2822.6800000000003,984.0424999999999,14.578407407407406,235.22333333333336,748.8191666666667,3.4847901234567904,11.093617283950618
2022,IMVEXXY,Brand,Hormones & Synthetic Subst,"Estrogens & Comb, NEC",359,12941,85543.26000000001,48542.86,37000.40000000001,238.28206128133706,6.610251139788271,103.06518105849585,135.21688022284124,2.8591608067382746,3.751090333049996
2022,INBRIJA,Brand,Central Nervous System,"CNS Agents, Misc.",27,582,66878.36,62530.700000000004,4347.66,2476.9762962962964,114.91127147766323,161.02444444444444,2315.951851851852,7.47020618556701,107.44106529209623
2022,INCASSIA,Generic,Hormones & Synthetic Subst,"Progestins, NEC",5344,406912,176497.03999999998,176258.45999999996,238.57999999999998,33.02714071856287,0.43374744416483163,0.04464446107784431,32.982496257485025,0.0005863184177414281,0.4331611257470902
2022,INCRUSE ELLIPTA,Brand,Autonomic Drugs,Antichol/Antimuscarin/Antispas,600,23910,249594.06999999998,219667.82,29926.250000000004,415.9901166666666,10.43889878711836,49.87708333333334,366.11303333333336,1.2516206608113762,9.187278126306985
2022,INDAPAMIDE,Generic,"Electrolytic, Caloric, Water","Diuretics, Thiazides & Related",1120,80292,22800.570000000003,4625.19,18175.38,20.35765178571429,0.2839706321924974,16.22801785714286,4.129633928571428,0.22636601404872217,0.05760461814377522
2022,INDERAL LA,Brand,Cardiovascular Agents,"Cardiac, Beta Blockers",11,840,30448.3,29766.41,681.89,2768.0272727272727,36.24797619047619,61.99,2706.037272727273,0.8117738095238095,35.43620238095238
2022,INDICAID COVID-19 RAPID ANTIGEN AT-HOME TEST,Brand,Diagnostic Agents,"Diagnostic Agents, Misc, NEC",11,127,715.61,715.61,0.0,65.05545454545455,5.634724409448819,0.0,65.05545454545455,0.0,5.634724409448819
2022,INDOCIN,Brand,Central Nervous System,"Analg/Antipyr,Nonstr/Antiinflm",31,830,235433.05000000002,227138.91,8294.14,7594.614516129032,283.65427710843375,267.55290322580646,7327.061612903226,9.992939759036144,273.66133734939757
2022,INDOMETHACIN,Generic,Central Nervous System,"Analg/Antipyr,Nonstr/Antiinflm",7301,154333,76952.98,12482.22,64470.759999999995,10.540060265717024,0.4986164980917885,8.830401314888372,1.7096589508286535,0.4177380080734515,0.08087849001833697
2022,INFANTS AQUEOUS VITAMIN D,Generic,Vitamins & Comb,"Vitamin D, NEC",175,8066,827.85,63.07,764.7800000000001,4.730571428571428,0.10263451524919415,4.370171428571429,0.3604,0.09481527398958593,0.007819241259608232
2022,INFATABS PHENYTOIN,Generic,Central Nervous System,"Anticonv, Hydantoin Derivative",55,2760,2384.02,1012.52,1371.4999999999998,43.34581818181818,0.8637753623188406,24.936363636363634,18.409454545454544,0.49692028985507236,0.3668550724637681
2022,INFLECTRA,Brand,Immunosuppressants,"Immunosuppressants, NEC",477,20368,2495318.5,2384397.4499999997,110921.05,5231.275681341719,122.51170954438335,232.5388888888889,4998.73679245283,5.445848880597015,117.06586066378632
2022,INGREZZA,Brand,Central Nervous System,"CNS Agents, Misc.",175,5204,1373590.0000000002,1338466.4,35123.600000000006,7849.085714285716,263.94888547271336,200.70628571428574,7648.379428571428,6.749346656418141,257.19953881629516
2022,INLYTA,Brand,Antineoplastic Agents,Molecular Targeted Therapy,184,5455,2898336.6300000004,2882336.5799999996,16000.05,15751.829510869567,531.3174390467461,86.95679347826086,15664.872717391303,2.933098075160403,528.3843409715856
2022,INNOPRAN XL,Brand,Cardiovascular Agents,"Cardiac, Beta Blockers",35,2029,149690.83000000002,145751.23,3939.6,4276.880857142857,73.77566781665845,112.56,4164.320857142858,1.9416461310990636,71.83402168555939
2022,INPEN HUMALOG BLUE,Brand,Devices & Non-Drug Items,"Devices & Non-Drug Items, NEC",67,2209,41075.950000000004,37976.509999999995,3099.44,613.073880597015,18.594816659121776,46.260298507462686,566.8135820895521,1.4030964237211407,17.19172023540063
2022,INPEN HUMALOG GREY,Brand,Devices & Non-Drug Items,"Devices & Non-Drug Items, NEC",19,815,10673.65,9464.0,1209.65,561.771052631579,13.096503067484662,63.665789473684214,498.10526315789474,1.484233128834356,11.612269938650307
2022,INPEN HUMALOG PINK,Brand,Devices & Non-Drug Items,"Devices & Non-Drug Items, NEC",29,757,17790.72,15145.04,2645.6800000000003,613.4731034482759,23.501611624834876,91.23034482758622,522.2427586206896,3.494953764861295,20.006657859973583
2022,INQOVI,Brand,Antineoplastic Agents,Chemotherapy,17,498,130813.01999999999,130813.01999999999,0.0,7694.883529411764,262.6767469879518,0.0,7694.883529411764,0.0,262.6767469879518
2022,INSULIN ASPART,Brand,Hormones & Synthetic Subst,"Antidiabetic Agents, Insulins",103,5383,45138.34000000001,34417.689999999995,10720.65,438.23631067961173,8.385350176481518,104.08398058252426,334.1523300970873,1.9915753297417795,6.393774846739736
2022,INSULIN ASPART FLEXPEN,Brand,Hormones & Synthetic Subst,"Antidiabetic Agents, Insulins",38,1455,9980.539999999999,6632.18,3348.3599999999997,262.6457894736842,6.85947766323024,88.11473684210526,174.53105263157894,2.3012783505154637,4.558199312714777
2022,INSULIN ASPART PENFILL,Brand,Hormones & Synthetic Subst,"Antidiabetic Agents, Insulins",11,545,4364.49,2553.22,1811.27,396.77181818181816,8.008238532110092,164.6609090909091,232.11090909090908,3.3234311926605504,4.684807339449541
2022,INSULIN GLARGINE,Brand,Hormones & Synthetic Subst,"Antidiabetic Agents, Insulins",40,1446,6648.150000000001,4760.89,1887.26,166.20375,4.5976141078838175,47.1815,119.02225000000001,1.3051590594744122,3.2924550484094053
2022,INSULIN GLARGINE SOLOSTAR,Brand,Hormones & Synthetic Subst,"Antidiabetic Agents, Insulins",268,15523,53511.43,36769.48,16741.95,199.66951492537314,3.447235070540488,62.469962686567165,137.19955223880598,1.078525413901952,2.3687096566385364
2022,INSULIN LISPRO,Brand,Hormones & Synthetic Subst,"Antidiabetic Agents, Insulins",455,23464,144931.93000000002,111237.27,33694.66,318.5317142857143,6.176778469144222,74.0541978021978,244.4775164835165,1.4360151721786567,4.740763296965564
2022,INSULIN LISPRO JUNIOR KWIKPEN,Brand,Hormones & Synthetic Subst,"Antidiabetic Agents, Insulins",43,1393,4012.0699999999997,2315.39,1696.6799999999998,93.30395348837209,2.880165111270639,39.45767441860465,53.84627906976744,1.2180043072505382,1.6621608040201004
2022,INSULIN LISPRO KWIKPEN,Brand,Hormones & Synthetic Subst,"Antidiabetic Agents, Insulins",765,34798,174909.66,124793.25,50116.41,228.64007843137256,5.026428530375309,65.51164705882353,163.12843137254902,1.4402094947985518,3.5862190355767574
2022,INSULIN LISPRO PROTAMINE/INS LISPRO 75/25 KWIKPEN,Brand,Hormones & Synthetic Subst,"Antidiabetic Agents, Insulins",208,9069,59843.01,51161.11,8681.900000000001,287.70677884615384,6.598633807476017,41.73990384615385,245.96687500000002,0.9573161318778257,5.6413176755981915
2022,INTELENCE,Brand,Anti-Infective Agents,"Antivirals, NEC",17,510,10035.23,9365.23,670.0,590.3076470588235,19.67692156862745,39.411764705882355,550.8958823529412,1.3137254901960784,18.363196078431372
2022,INTRAROSA,Brand,Hormones & Synthetic Subst,"Hormone & Synthetic Subst, NEC",269,9104,45801.62,21279.27,24522.35,170.26624535315986,5.030933655536028,91.16115241635687,79.10509293680298,2.6935797451669594,2.337353910369069
2022,INTUNIV,Brand,Cardiovascular Agents,"Hypotensive Agents, NEC",62,3647,32205.46,20398.34,11807.119999999999,519.4429032258064,8.830671785028791,190.43741935483868,329.00548387096774,3.237488346586235,5.593183438442556
2022,INVEGA,Brand,Central Nervous System,"Psychother,Tranq/Antipsychotic",12,600,6160.2300000000005,5107.9,1052.33,513.3525000000001,10.267050000000001,87.69416666666666,425.6583333333333,1.7538833333333332,8.513166666666667
2022,INVEGA SUSTENNA,Brand,Central Nervous System,"Psychother,Tranq/Antipsychotic",336,9663,405792.27999999997,363749.55999999994,42042.72,1207.715119047619,41.994440649901684,125.12714285714286,1082.587976190476,4.350897236882956,37.643543413018726
2022,INVEGA TRINZA,Brand,Central Nervous System,"Psychother,Tranq/Antipsychotic",54,4637,148581.20999999996,127296.84,21284.370000000003,2751.503888888888,32.042529652792744,394.15500000000003,2357.3488888888887,4.590116454604271,27.452413198188484
2022,INVELTYS,Brand,"Eye, Ear, Nose Throat","Antiinflam Agents EENT, NEC",59,1529,20251.6,14562.050000000001,5689.549999999999,343.2474576271186,13.244996729888815,96.43305084745761,246.81440677966103,3.721092217135382,9.523904512753434
2022,INVOKAMET,Brand,Hormones & Synthetic Subst,"Antidiabetic Agents, Misc",64,3210,49019.5,41445.719999999994,7573.780000000001,765.9296875,15.270872274143303,118.34031250000001,647.5893749999999,2.3594330218068538,12.911439252336447
2022,INVOKAMET XR,Brand,Hormones & Synthetic Subst,"Antidiabetic Agents, Misc",37,2490,24193.09,18606.0,5587.09,653.8672972972973,9.716100401606425,151.00243243243244,502.86486486486484,2.24381124497992,7.472289156626506
2022,INVOKANA,Brand,Hormones & Synthetic Subst,"Antidiabetic Ag, SGLT Inhibitr",805,40450,523684.41,409040.19,114644.21999999999,650.5396397515527,12.946462546353523,142.41518012422358,508.1244596273292,2.8342205191594556,10.112242027194068
2022,IPRATROPIUM BROMIDE,Generic,Autonomic Drugs,"Anticholinergic, NEC",7181,284508,304783.66000000003,130269.40999999999,174514.24999999997,42.44306642528896,1.0712656937590508,24.302221139117112,18.140845286171842,0.613389605916178,0.4578760878428726
2022,IPRATROPIUM BROMIDE-ALBUTEROL SULFATE,Generic,Autonomic Drugs,"Sympathomimetic Agents, NEC",3507,81234,63927.009999999995,20799.51,43127.5,18.228403193612774,0.78694893763695,12.297547761619619,5.930855431993156,0.530904547357018,0.25604439027993203
2022,IRBESARTAN,Generic,Cardiovascular Agents,"Cardiac Drugs, NEC",10463,742554,459969.93,182703.04,277266.88999999996,43.961572206824044,0.6194430708069716,26.49975054955557,17.46182165726847,0.37339626478343657,0.246046806023535
2022,IRBESARTAN/HYDROCHLOROTHIAZIDE,Generic,Cardiovascular Agents,"Cardiac Drugs, NEC",1415,89593,43512.530000000006,12393.84,31118.690000000002,30.75090459363958,0.4856688580581073,21.99200706713781,8.758897526501768,0.34733394350005026,0.138334914558057
2022,IRON,Generic,Blood Form/Coagul Agents,"Antianemia, Iron Preparations",12,1050,18.37,0.0,18.37,1.5308333333333335,0.017495238095238095,1.5308333333333335,0.0,0.017495238095238095,0.0
2022,ISENTRESS,Brand,Anti-Infective Agents,"Antivirals, NEC",369,14753,686189.1900000001,653179.55,33009.64,1859.5913008130083,46.51184098149529,89.4570189701897,1770.1342818428186,2.237486612892293,44.274354368603
2022,ISENTRESS HD,Brand,Anti-Infective Agents,"Antivirals, NEC",25,1080,57135.880000000005,55497.23,1638.6499999999999,2285.4352000000003,52.903592592592595,65.54599999999999,2219.8892,1.5172685185185184,51.386324074074075
2022,ISIBLOOM,Generic,Hormones & Synthetic Subst,"Contraceptive, Oral Comb, NEC",6583,412542,146177.57,146177.57,0.0,22.205312167704694,0.3543337890445094,0.0,22.205312167704694,0.0,0.3543337890445094
2022,ISONIAZID,Brand,Anti-Infective Agents,"Antituberculosis Agents, NEC",30,1057,153.4,38.17,115.23,5.113333333333333,0.14512771996215706,3.841,1.2723333333333333,0.10901608325449386,0.0361116367076632
2022,ISONIAZID,Generic,Anti-Infective Agents,"Antituberculosis Agents, NEC",991,35403,6183.79,1616.91,4566.88,6.239949545913219,0.17466853091545914,4.608355196770939,1.6315943491422806,0.12899697765726068,0.04567155325819846
2022,ISOSORBIDE DINITRATE,Generic,Cardiovascular Agents,"Vasodilating Agents, NEC",219,11202,20148.57,14968.409999999998,5180.16,92.00260273972603,1.7986582753079807,23.653698630136986,68.34890410958903,0.46243170862346006,1.3362265666845206
2022,ISOSORBIDE MONONITRATE,Generic,Cardiovascular Agents,"Vasodilating Agents, NEC",4770,309852,82628.93999999999,18674.390000000003,63954.549999999996,17.322628930817608,0.266672282250881,13.407662473794549,3.9149664570230613,0.20640354104540232,0.06026874120547875
2022,ISOTRETINOIN,Generic,Vitamins & Comb,"Vitamin A & Derivatives, NEC",3883,116052,1552715.39,1368471.37,184244.02,399.8751970126191,13.379479802157652,47.448884882822554,352.4263121297966,1.5875988350049977,11.791880967152657
2022,ISRADIPINE,Generic,Cardiovascular Agents,"Cardiac, Calcium Channel",21,666,1915.07,1461.1799999999998,453.89,91.19380952380952,2.8754804804804803,21.613809523809522,69.58,0.6815165165165165,2.193963963963964
2022,ISTURISA,Brand,Misc Therapeutic Agents,"Misc Therapeutic Agents, NEC",34,1004,484104.21,468922.14,15182.07,14238.35911764706,482.17550796812753,446.53147058823527,13791.827647058824,15.121583665338646,467.05392430278886
2022,ITRACONAZOLE,Generic,Anti-Infective Agents,"Antibiot, Antifungals",555,10732,45818.219999999994,30707.06,15111.16,82.55535135135133,4.269308609765187,27.227315315315316,55.32803603603604,1.408046962355572,2.8612616474096164
2022,IVERMECTIN,Generic,Anti-Infective Agents,"Anthelmintics, NEC",742,8634,45288.270000000004,26846.36,18441.91,61.03540431266847,5.245340514246005,24.85432614555256,36.181078167115906,2.1359636321519573,3.109376882094047
2022,IVERMECTIN,Generic,Skin & Mucous Membrane,"Antiinf S/MM, Scabic/Pediculic",1370,42387,422930.96,372691.4,50239.56,308.7087299270073,9.977846037700239,36.671211678832115,272.0375182481752,1.1852586878052231,8.792587349895015
2022,JADENU SPRINKLE,Brand,Heavy Metal Antagonists,"Heavy Metal Antagonists, NEC",13,378,69719.1,69468.55,250.55,5363.007692307693,184.4420634920635,19.273076923076925,5343.734615384616,0.6628306878306879,183.7792328042328
2022,JAIMIESS,Generic,Hormones & Synthetic Subst,"Contraceptive, Oral Comb, NEC",228,20661,18777.53,18777.53,0.0,82.35758771929824,0.9088393591791297,0.0,82.35758771929824,0.0,0.9088393591791297
2022,JAKAFI,Brand,Antineoplastic Agents,Molecular Targeted Therapy,609,18402,9204292.01,9181577.499999998,22714.51,15113.779983579638,500.1788941419411,37.29804597701149,15076.481937602624,1.234350070644495,498.9445440712965
2022,JANSSEN COVID-19 VACCINE,Brand,"Serums, Toxoids, Vaccines","Vaccines, NEC",1533,2509,68668.22,68668.22,0.0,44.793359425962166,27.368760462335594,0.0,44.793359425962166,0.0,27.368760462335594
2022,JANTOVEN,Generic,Blood Form/Coagul Agents,"Coag/Anticoag, Anticoagulants",759,47601,14315.050000000001,3464.17,10850.88,18.860408432147565,0.3007300266801118,14.296284584980237,4.564123847167325,0.22795487489758617,0.07277515178252558
2022,JANUMET,Brand,Hormones & Synthetic Subst,"Antidiabetic Agents, Misc",1342,77361,992490.07,900546.78,91943.29,739.5604098360656,12.829333514303071,68.51213859910581,671.0482712369597,1.1884966585230283,11.640836855780044
2022,JANUMET XR,Brand,Hormones & Synthetic Subst,"Antidiabetic Agents, Misc",800,43353,504651.76000000007,443296.20000000007,61355.56,630.8147000000001,11.64052683781976,76.69445,554.12025,1.4152552303185477,10.225271607501213
2022,JANUVIA,Brand,Hormones & Synthetic Subst,"Antidiabetic Agents, Misc",12139,697036,9132709.239999998,8261693.769999999,871015.4699999997,752.3444468242852,13.102205969275616,71.75347804596753,680.5909687783177,1.2495989733672288,11.852606995908387
2022,JARDIANCE,Brand,Hormones & Synthetic Subst,"Antidiabetic Ag, SGLT Inhibitr",36494,2030576,28279650.2,25268340.43,3011309.7700000005,774.9123198333973,13.926910492392306,82.51520167698801,692.3971181564093,1.4829830402801967,12.44392745211211
2022,JASMIEL,Generic,Hormones & Synthetic Subst,"Contraceptive, Oral Comb, NEC",128,6367,6566.28,6566.28,0.0,51.2990625,1.0312988848751374,0.0,51.2990625,0.0,1.0312988848751374
2022,JATENZO,Brand,Hormones & Synthetic Subst,"Androgens & Comb, NEC",94,3016,81197.56999999999,68181.61,13015.96,863.8039361702126,26.92227122015915,138.4676595744681,725.3362765957447,4.315636604774536,22.606634615384614
2022,JENCYCLA,Generic,Hormones & Synthetic Subst,"Progestins, NEC",386,27238,11064.130000000001,11064.130000000001,0.0,28.66354922279793,0.4062019972097805,0.0,28.66354922279793,0.0,0.4062019972097805
2022,JENTADUETO,Brand,Hormones & Synthetic Subst,"Antidiabetic Agents, Misc",33,2070,28854.09,26374.09,2480.0,874.3663636363636,13.939173913043478,75.15151515151516,799.2148484848485,1.1980676328502415,12.741106280193236
2022,JENTADUETO XR,Brand,Hormones & Synthetic Subst,"Antidiabetic Agents, Misc",38,1914,35297.66,32047.66,3250.0,928.8857894736843,18.44182863113898,85.52631578947368,843.3594736842106,1.6980146290491118,16.743814002089863
2022,JINTELI,Generic,Hormones & Synthetic Subst,"Contraceptive, Oral Comb, NEC",26,1534,3130.9900000000002,2035.9900000000002,1095.0,120.42269230769232,2.0410625814863104,42.11538461538461,78.3073076923077,0.7138200782268579,1.3272425032594526
2022,JOLESSA,Generic,Hormones & Synthetic Subst,"Contraceptive, Oral Comb, NEC",167,15301,8153.18,8153.18,0.0,48.8214371257485,0.5328527547219136,0.0,48.8214371257485,0.0,0.5328527547219136
2022,JORNAY PM,Brand,Central Nervous System,"Stimulant, Amphetamine Type",786,23514,211031.31999999998,136724.72999999998,74306.59,268.4876844783715,8.974709534745257,94.53764631043256,173.9500381679389,3.1600999404610017,5.8146095942842555
2022,JUBLIA,Brand,Skin & Mucous Membrane,"Antiinf S/MM,Antifungal & Comb",109,3770,65461.799999999996,52273.7,13188.099999999999,600.5669724770642,17.36387267904509,120.99174311926605,479.57522935779815,3.498169761273209,13.865702917771882
2022,JULEBER,Generic,Hormones & Synthetic Subst,"Contraceptive, Oral Comb, NEC",122,7091,2585.0,2585.0,0.0,21.188524590163933,0.3645466083768157,0.0,21.188524590163933,0.0,0.3645466083768157
2022,JULUCA,Brand,Anti-Infective Agents,"Antivirals, NEC",279,12420,877977.8300000001,852067.48,25910.35,3146.8739426523302,70.6906465378422,92.86863799283154,3054.005304659498,2.086179549114332,68.60446698872785
2022,JUNEL 1.5/30,Generic,Hormones & Synthetic Subst,"Contraceptive, Oral Comb, NEC",6612,398110,260496.87999999995,260496.87999999995,0.0,39.397592256503316,0.6543339278088969,0.0,39.397592256503316,0.0,0.6543339278088969
2022,JUNEL 1/20,Generic,Hormones & Synthetic Subst,"Contraceptive, Oral Comb, NEC",10659,607448,312262.2,312231.23,30.97,29.29563748944554,0.5140558533405328,0.002905525846702317,29.292731963598836,5.0983787912710224e-05,0.5140048695526201
2022,JUNEL FE 1.5/30,Generic,Hormones & Synthetic Subst,"Contraceptive, Oral Comb, NEC",14903,1101448,457244.37,457173.02999999997,71.34,30.681364154868145,0.4151302376508015,0.004786955646514125,30.676577199221633,6.476928552233061e-05,0.41506546836527913
2022,JUNEL FE 1/20,Generic,Hormones & Synthetic Subst,"Contraceptive, Oral Comb, NEC",21281,1600524,580302.92,580176.63,126.28999999999999,27.26859264132325,0.3625705831340236,0.005934401578873173,27.262658239744372,7.890540847872321e-05,0.3624916777255449
2022,JUNEL FE 24,Generic,Hormones & Synthetic Subst,"Contraceptive, Oral Comb, NEC",510,34064,34931.03,34931.03,0.0,68.4922156862745,1.0254529708783466,0.0,68.4922156862745,0.0,1.0254529708783466
2022,JUXTAPID,Brand,Cardiovascular Agents,"Antihyperlipidemic Drugs, NEC",12,360,623703.48,623103.48,600.0,51975.29,1732.5096666666666,50.0,51925.29,1.6666666666666667,1730.8429999999998
2022,JYNARQUE 15/15,Brand,Misc Therapeutic Agents,"Misc Therapeutic Agents, NEC",22,616,379997.12,375814.83,4182.29,17272.596363636363,616.8784415584415,190.1040909090909,17082.492272727275,6.789431818181818,610.0890097402597
2022,JYNARQUE 45/15,Brand,Misc Therapeutic Agents,"Misc Therapeutic Agents, NEC",155,4340,2637809.7199999997,2609295.18,28514.54,17018.12722580645,607.790258064516,183.96477419354838,16834.162451612905,6.570170506912443,601.2200875576037
2022,JYNARQUE 60/30,Brand,Misc Therapeutic Agents,"Misc Therapeutic Agents, NEC",79,2212,1362414.96,1354547.2,7867.76,17245.75898734177,615.9199638336347,99.59189873417722,17146.167088607595,3.556853526220615,612.3631103074141
2022,JYNARQUE 90/30,Brand,Misc Therapeutic Agents,"Misc Therapeutic Agents, NEC",56,1568,959857.8099999999,953485.0399999999,6372.77,17140.318035714285,612.1542155612244,113.7994642857143,17026.51857142857,4.064266581632653,608.0899489795918
2022,K-PHOS NEUTRAL,Brand,"Electrolytic, Caloric, Water","Replacement Preparations, Misc",20,695,840.02,438.74,401.28,42.001,1.2086618705035972,20.064,21.937,0.5773812949640288,0.6312805755395684
2022,K-PHOS ORIGINAL,Brand,"Electrolytic, Caloric, Water","Acidifying Agents, NEC",48,2052,1678.4399999999998,103.0,1575.44,34.967499999999994,0.8179532163742689,32.821666666666665,2.1458333333333335,0.7677582846003899,0.05019493177387914
2022,KAITLIB FE,Generic,Hormones & Synthetic Subst,"Contraceptive, Oral Comb, NEC",242,19078,59074.68000000001,59074.68000000001,0.0,244.11024793388432,3.0964818115106407,0.0,244.11024793388432,0.0,3.0964818115106407
2022,KALYDECO,Brand,Respiratory Tract Agents,"Misc Therapeutic Agents, NEC",95,2660,2368009.75,2335142.91,32866.84,24926.418421052633,890.2292293233082,345.9667368421052,24580.45168421053,12.355954887218044,877.8732744360902
2022,KANUMA,Brand,Enzymes,"Enzymes, NEC",13,364,1353846.0,1353196.0,650.0,104142.0,3719.3571428571427,50.0,104092.0,1.7857142857142858,3717.5714285714284
2022,KARIVA,Generic,Hormones & Synthetic Subst,"Contraceptive, Oral Comb, NEC",6006,460769,240390.65000000002,240390.65000000002,0.0,40.025083250083256,0.5217161961850733,0.0,40.025083250083256,0.0,0.5217161961850733
2022,KATERZIA,Brand,Cardiovascular Agents,"Cardiac, Calcium Channel",65,1830,22626.18,14640.880000000001,7985.299999999999,348.09507692307693,12.364032786885247,122.85076923076922,225.2443076923077,4.3635519125683055,8.00048087431694
2022,KELNOR 1/35,Generic,Hormones & Synthetic Subst,"Contraceptive, Oral Comb, NEC",2460,191273,97079.17000000001,97023.8,55.37,39.46307723577236,0.5075424654812756,0.02250813008130081,39.44056910569106,0.00028948152640466765,0.5072529839548708
2022,KELNOR 1/50,Generic,Hormones & Synthetic Subst,"Contraceptive, Oral Comb, NEC",171,10273,9188.759999999998,9188.759999999998,0.0,53.73543859649122,0.8944573152925142,0.0,53.73543859649122,0.0,0.8944573152925142
2022,KEPPRA,Brand,Central Nervous System,"Anticonvulsants, Misc",379,18862,526902.75,474559.63999999996,52343.11,1390.244722955145,27.93461721980702,138.1084696569921,1252.136253298153,2.775056197646061,25.159561022160958
2022,KEPPRA,Generic,Central Nervous System,"Anticonvulsants, Misc",19,1200,42624.58,37384.58,5240.0,2243.398947368421,35.52048333333334,275.7894736842105,1967.6094736842106,4.366666666666666,31.153816666666668
2022,KEPPRA XR,Brand,Central Nervous System,"Anticonvulsants, Misc",183,9113,255577.79,224577.91000000003,30999.879999999997,1396.5999453551913,28.045406562054207,169.3982513661202,1227.2016939890711,3.401720618896082,24.64368594315813
2022,KERENDIA,Brand,Cardiovascular Agents,"Cardiac Drugs, NEC",21,1230,13864.27,10912.75,2951.52,660.2033333333334,11.271764227642278,140.54857142857142,519.6547619047619,2.399609756097561,8.872154471544716
2022,KESIMPTA SENSOREADY PEN,Brand,Antineoplastic Agents,Molecular Targeted Therapy,866,25016,7074663.050000001,6893837.2700000005,180825.77999999997,8169.356870669747,282.80552646306364,208.80575057736718,7960.551120092379,7.2284050207866954,275.57712144227696
2022,KETO-DIASTIX,Brand,Diagnostic Agents,"Diagnostic Agents, Misc, NEC",33,1294,319.26,49.14,270.12,9.674545454545454,0.24672333848531683,8.185454545454546,1.489090909090909,0.2087480680061824,0.03797527047913447
2022,KETOCONAZOLE,Generic,Anti-Infective Agents,"Antibiot, Antifungals",434,8463,48435.520000000004,41340.41,7095.110000000001,111.6025806451613,5.723209263854425,16.348179723502305,95.254400921659,0.8383681909488362,4.88484107290559
2022,KETOCONAZOLE,Generic,Skin & Mucous Membrane,"Antiinf S/MM,Antifungal & Comb",35251,1017753,777473.4900000001,227572.15000000002,549901.3400000001,22.055359847947578,0.7639117644457939,15.599595472468868,6.455764375478711,0.540309230235627,0.22360253421016693
2022,KETOCONAZOLE SHAMPOO,Generic,Skin & Mucous Membrane,"Antiinf S/MM,Antifungal & Comb",1337,37725,19481.85,2974.05,16507.8,14.571316379955123,0.516417495029821,12.34689603590127,2.224420344053852,0.4375825049701789,0.07883499005964215
2022,KETOPROFEN,Brand,Central Nervous System,"Analg/Antipyr,Nonstr/Antiinflm",32,1110,46616.060000000005,45711.060000000005,905.0,1456.7518750000002,41.99645045045045,28.28125,1428.4706250000002,0.8153153153153153,41.181135135135136
2022,KETOPROFEN,Generic,Central Nervous System,"Analg/Antipyr,Nonstr/Antiinflm",44,1671,11271.75,9634.25,1637.5,256.1761363636364,6.745511669658887,37.21590909090909,218.96022727272728,0.9799521244763615,5.7655595451825254
2022,KETOROLAC TROMETHAMINE,Generic,Central Nervous System,"Analg/Antipyr,Nonstr/Antiinflm",3420,26091,57770.99999999999,18210.720000000005,39560.28,16.89210526315789,2.2142117971714383,11.567333333333332,5.324771929824562,1.5162423824307232,0.6979694147407154
2022,KETOROLAC TROMETHAMINE,Generic,"Eye, Ear, Nose Throat","Antiinflam Agents EENT, NEC",4205,110803,63773.99,13645.300000000001,50128.69,15.166228299643281,0.575561943268684,11.921210463733651,3.2450178359096316,0.4524127505572954,0.12314919271138869
2022,KETOSTIX,Brand,Diagnostic Agents,"Diagnostic Agents, Misc, NEC",420,18180,4574.7699999999995,613.76,3961.0099999999993,10.892309523809523,0.2516375137513751,9.430976190476189,1.4613333333333334,0.21787733773377335,0.033760176017601756
2022,KETOTIFEN FUMARATE,Brand,Pharmaceutical Aids/Adjuvants,"Pharmaceutical Aids/Adjuv, NEC",29,1190,2693.2599999999998,1198.04,1495.22,92.87103448275862,2.2632436974789916,51.55931034482759,41.31172413793103,1.2564873949579831,1.0067563025210085
2022,KETOTIFEN FUMARATE,Generic,"Eye, Ear, Nose Throat","Eye/Ear/Nose/Throat Misc, NEC",604,16133,4390.640000000001,341.54999999999995,4049.09,7.26927152317881,0.2721527304283147,6.703791390728477,0.565480132450331,0.250981838467737,0.021170891960577694
2022,KEVEYIS,Brand,"Electrolytic, Caloric, Water","Diuretic, Carb Anhydrase Inhib",67,2010,2282397.02,2269685.62,12711.400000000001,34065.6271641791,1135.5209054726367,189.7223880597015,33875.9047761194,6.32407960199005,1129.1968258706468
2022,KEVZARA,Brand,Immunosuppressants,"Immunosuppressants, NEC",274,7706,1034279.45,984061.47,50217.979999999996,3774.742518248175,134.21742148974823,183.27729927007297,3591.4652189781023,6.516737607059434,127.7006838826888
2022,KINERET,Brand,Immunosuppressants,"Immunosuppressants, NEC",252,7025,1204522.05,1150096.58,54425.47,4779.849404761905,171.46221352313168,215.9740873015873,4563.875317460318,7.747397864768684,163.714815658363
2022,KISQALI,Brand,Antineoplastic Agents,Molecular Targeted Therapy,96,2688,1376748.28,1374888.3499999999,1859.93,14341.127916666666,512.1831398809524,19.374270833333334,14321.753645833332,0.691938244047619,511.4912016369047
2022,KLISYRI,Brand,Skin & Mucous Membrane,"Antineoplastics S/MM, NEC",15,126,6270.33,5655.33,615.0,418.022,49.76452380952381,41.0,377.022,4.880952380952381,44.88357142857143
2022,KLONOPIN,Brand,Central Nervous System,"Anticonvulsant, Benzodiazepine",157,4841,25004.7,10425.01,14579.69,159.26560509554142,5.165193141912828,92.86426751592357,66.40133757961783,3.0117103904152036,2.1534827514976245
2022,KLOR-CON,Generic,"Electrolytic, Caloric, Water","Repl Preps, Potassium Supp",128,4550,25972.2,21253.04,4719.160000000001,202.9078125,5.708175824175824,36.868437500000006,166.039375,1.0371780219780222,4.670997802197802
2022,KLOR-CON 10,Generic,"Electrolytic, Caloric, Water","Repl Preps, Potassium Supp",60,2952,1617.63,593.09,1024.54,26.960500000000003,0.5479776422764228,17.075666666666667,9.884833333333335,0.34706639566395664,0.20091124661246615
2022,KLOR-CON M10,Generic,"Electrolytic, Caloric, Water","Repl Preps, Potassium Supp",1017,67548,30857.1,7059.4,23797.700000000004,30.341297935103242,0.45681737431160063,23.39990167158309,6.941396263520157,0.3523079883934388,0.10450938591816189
2022,KLOR-CON M15,Generic,"Electrolytic, Caloric, Water","Repl Preps, Potassium Supp",12,960,1449.86,688.19,761.67,120.82166666666666,1.5102708333333332,63.4725,57.34916666666667,0.79340625,0.7168645833333334
2022,KLOR-CON M20,Generic,"Electrolytic, Caloric, Water","Repl Preps, Potassium Supp",3702,236642,112363.30000000002,28240.390000000003,84122.91,30.35205294435441,0.4748239957404012,22.723638573743923,7.628414370610481,0.35548596614295014,0.11933802959745102
2022,KLOR-CON/EF,Generic,"Electrolytic, Caloric, Water","Repl Preps, Potassium Supp",33,1334,2402.2999999999997,1705.5100000000002,696.79,72.79696969696968,1.8008245877061466,21.114848484848483,51.68212121212122,0.5223313343328335,1.2784932533733135
2022,KOGENATE FS,Brand,Blood Form/Coagul Agents,"Coag/Anticoag, Hemostatics",16,79,501434.66,499634.66,1800.0,31339.66625,6347.274177215189,112.5,31227.16625,22.78481012658228,6324.489367088608
2022,KOMBIGLYZE XR,Brand,Hormones & Synthetic Subst,"Antidiabetic Agents, Misc",48,2880,25267.23,19040.34,6226.890000000001,526.400625,8.77334375,129.72687500000004,396.67375,2.162114583333334,6.611229166666667
2022,KORLYM,Brand,Oxytocics,"Oxytocics, NEC",24,720,871482.64,870342.64,1140.0,36311.776666666665,1210.3925555555556,47.5,36264.276666666665,1.5833333333333333,1208.8092222222222
2022,KOSELUGO,Brand,Antineoplastic Agents,Molecular Targeted Therapy,75,1925,714751.94,714301.94,450.0,9530.025866666665,371.29970909090906,6.0,9524.025866666665,0.23376623376623376,371.06594285714283
2022,KRISTALOSE,Brand,"Electrolytic, Caloric, Water","Ammonia Detoxicants, NEC",15,312,5882.849999999999,5207.639999999999,675.21,392.18999999999994,18.85528846153846,45.014,347.176,2.1641346153846155,16.691153846153846
2022,KURVELO,Generic,Hormones & Synthetic Subst,"Contraceptive, Oral Comb, NEC",2066,143404,49525.73,49525.73,0.0,23.971795740561472,0.3453580792725447,0.0,23.971795740561472,0.0,0.3453580792725447
2022,KUVAN,Brand,Misc Therapeutic Agents,"Misc Therapeutic Agents, NEC",64,1920,723611.3999999999,720105.5800000001,3505.82,11306.428124999999,376.88093749999996,54.7784375,11251.649687500001,1.8259479166666668,375.0549895833334
2022,KYLEENA,Brand,Contraceptive Cream/Foam/Devic,Contraceptive Cream/Foam/Devic,20,2850,21236.23,21236.23,0.0,1061.8115,7.451308771929824,0.0,1061.8115,0.0,7.451308771929824
2022,L-METHYLFOLATE CALCIUM,Generic,Vitamins & Comb,"Folic Acid & Derivatives, NEC",13,390,1897.87,1807.87,90.0,145.98999999999998,4.866333333333333,6.923076923076923,139.06692307692308,0.23076923076923078,4.635564102564103
2022,LABETALOL HCL,Generic,Cardiovascular Agents,"Cardiac, Alpha-Beta Blockers",12966,761810,580712.4000000001,221161.25000000003,359551.15,44.78732068486813,0.7622798335542985,27.730306185407994,17.057014499460127,0.4719695855922081,0.2903102479620903
2022,LACOSAMIDE,Generic,Central Nervous System,"Anticonvulsants, Misc",1868,73904,552769.3799999999,475507.91,77261.47000000002,295.9150856531049,7.479559699069061,41.36052997858673,254.55455567451818,1.0454301526304397,6.434129546438623
2022,LACTULOSE,Generic,"Electrolytic, Caloric, Water","Ammonia Detoxicants, NEC",2786,78032,64599.05,30469.479999999996,34129.57,23.187024407753054,0.8278533165880665,12.250384063173009,10.936640344580042,0.43737915214271067,0.3904741644453557
2022,LAGEVRIO,Brand,~Missing,~Missing,642,4541,6883.4400000000005,6822.6900000000005,60.75,10.721869158878505,1.5158423254789695,0.09462616822429906,10.627242990654207,0.01337811054833737,1.5024642149306322
2022,LAMICTAL,Brand,Central Nervous System,"Anticonvulsants, Misc",730,30346,1025800.9299999999,924690.3699999999,101110.56,1405.2067534246573,33.80349733078494,138.50761643835617,1266.6991369863013,3.331923812034535,30.471573518750407
2022,LAMICTAL CD,Brand,Central Nervous System,"Anticonvulsants, Misc",35,1050,96854.86,90579.86,6275.0,2767.2817142857143,92.24272380952381,179.28571428571428,2587.996,5.976190476190476,86.26653333333333
2022,LAMICTAL ODT,Brand,Central Nervous System,"Anticonvulsants, Misc",18,540,14730.79,13970.79,760.0,818.3772222222223,27.279240740740743,42.22222222222222,776.1550000000001,1.4074074074074074,25.871833333333335
2022,LAMICTAL XR,Brand,Central Nervous System,"Anticonvulsants, Misc",329,16976,809893.5899999999,762680.02,47213.57,2461.682644376899,47.70815209707822,143.50629179331307,2318.176352583587,2.781195216776626,44.9269568803016
2022,LAMIVUDINE,Generic,Anti-Infective Agents,"Antivirals, NEC",30,2218,9469.03,7600.599999999999,1868.4299999999998,315.63433333333336,4.269174932371506,62.28099999999999,253.35333333333332,0.8423940486925157,3.42678088367899
2022,LAMIVUDINE HBV,Generic,Anti-Infective Agents,"Antivirals, NEC",54,3120,22045.89,20875.39,1170.5,408.2572222222222,7.065990384615384,21.675925925925927,386.5812962962963,0.3751602564102564,6.690830128205128
2022,LAMIVUDINE-ZIDOVUDINE,Generic,Anti-Infective Agents,"Antivirals, NEC",25,1830,13099.93,12044.93,1055.0,523.9972,7.158431693989071,42.2,481.79720000000003,0.5765027322404371,6.581928961748634
2022,LAMOTRIGINE,Generic,Central Nervous System,"Anticonvulsants, Misc",83043,4120760,3432029.709999999,2463630.85,968398.86,41.32834447214093,0.8328632849280228,11.661414688775695,29.666929783365244,0.23500491656878827,0.5978583683592348
2022,LAMOTRIGINE ORANGE STARTER KIT,Generic,Central Nervous System,"Anticonvulsants, Misc",26,805,17602.870000000003,16777.870000000003,825.0,677.0334615384617,21.866919254658388,31.73076923076923,645.3026923076924,1.0248447204968945,20.842074534161494
2022,LANCETS,Brand,Diagnostic Agents,Diabetes Mell/Diab Supply NEC,19,1163,80.64,14.919999999999998,65.72,4.24421052631579,0.06933791917454858,3.4589473684210525,0.7852631578947368,0.056509028374892516,0.012828890799656061
2022,LANOLIN,Brand,Pharmaceutical Aids/Adjuvants,"Pharmaceutical Aids/Adjuv, NEC",18,482,406.22,30.59,375.63,22.567777777777778,0.8427800829875519,20.868333333333332,1.6994444444444445,0.7793153526970954,0.06346473029045643
2022,LANSOPRAZOLE,Generic,Gastrointestinal Drugs,"Gastrointestinal Drug Misc,NEC",2980,185692,203804.22,123943.54999999999,79860.67,68.390677852349,1.097539043146716,26.79888255033557,41.591795302013416,0.43007060077978587,0.6674684423669301
2022,LANTHANUM CARBONATE,Generic,"Electrolytic, Caloric, Water","Phosphorus Removing Agents,NEC",118,5985,159156.87,153958.21999999997,5198.65,1348.787033898305,26.59262656641604,44.05635593220339,1304.7306779661014,0.8686131996658312,25.724013366750203
2022,LANTUS,Brand,Hormones & Synthetic Subst,"Antidiabetic Agents, Insulins",6778,324377,3497769.62,3144986.4499999997,352783.17,516.0474505753909,10.783038316526758,52.048269401003246,463.9991811743877,1.0875714677674433,9.695466848759313
2022,LANTUS SOLOSTAR PEN,Brand,Hormones & Synthetic Subst,"Antidiabetic Agents, Insulins",28562,1605654,14172627.38,12463493.98,1709133.4000000001,496.20570618304043,8.826700758693965,59.83941600728241,436.366290175758,1.0644468858172433,7.762253872876722
2022,LAPATINIB DITOSYLATE,Generic,Antineoplastic Agents,Molecular Targeted Therapy,11,330,47633.41,47633.41,0.0,4330.31,144.34366666666668,0.0,4330.31,0.0,144.34366666666668
2022,LARIN 1.5/30,Generic,Hormones & Synthetic Subst,"Contraceptive, Oral Comb, NEC",195,10528,7268.380000000001,7268.380000000001,0.0,37.273743589743596,0.6903856382978725,0.0,37.273743589743596,0.0,0.6903856382978725
2022,LARIN 1/20,Generic,Hormones & Synthetic Subst,"Contraceptive, Oral Comb, NEC",287,15904,8037.34,8037.34,0.0,28.00466898954704,0.5053659456740442,0.0,28.00466898954704,0.0,0.5053659456740442
2022,LARIN 24 FE,Generic,Hormones & Synthetic Subst,"Contraceptive, Oral Comb, NEC",152,11127,10895.079999999998,10895.079999999998,0.0,71.67815789473683,0.9791570054821603,0.0,71.67815789473683,0.0,0.9791570054821603
2022,LARIN FE 1.5/30,Generic,Hormones & Synthetic Subst,"Contraceptive, Oral Comb, NEC",712,42730,17648.47,17648.47,0.0,24.787176966292137,0.41302293470629536,0.0,24.787176966292137,0.0,0.41302293470629536
2022,LARIN FE 1/20,Generic,Hormones & Synthetic Subst,"Contraceptive, Oral Comb, NEC",1014,65323,22057.13,22057.13,0.0,21.75259368836292,0.33766253846271604,0.0,21.75259368836292,0.0,0.33766253846271604
2022,LARISSIA,Generic,Hormones & Synthetic Subst,"Contraceptive, Oral Comb, NEC",9967,724315,319819.34,319608.74000000005,210.6,32.087823818601386,0.44154731021723975,0.02112972810273904,32.06669409049865,0.00029075747430330724,0.4412565527429365
2022,LASIX,Brand,"Electrolytic, Caloric, Water","Diuretics, Loop Diuretics",15,910,347.43,97.71,249.72,23.162,0.3817912087912088,16.648,6.513999999999999,0.2744175824175824,0.10737362637362637
2022,LATANOPROST,Generic,"Eye, Ear, Nose Throat","Eye/Ear/Nose/Throat Misc, NEC",20341,1069152,323291.49,39746.30999999999,283545.17999999993,15.893588810776265,0.3023812236239562,13.939589007423427,1.9539998033528336,0.26520567702253744,0.03717554660141868
2022,LATUDA,Brand,Central Nervous System,"Psychother,Tranq/Antipsychotic",7528,274913,10208521.85,9401119.38,807402.4700000001,1356.0735719978745,37.133645371444786,107.25325053134964,1248.820321466525,2.9369381222423097,34.196707249202476
2022,LAYOLIS FE,Generic,Hormones & Synthetic Subst,"Contraceptive, Oral Comb, NEC",52,4172,12811.960000000003,12811.960000000003,0.0,246.3838461538462,3.0709395973154368,0.0,246.3838461538462,0.0,3.0709395973154368
2022,LEADER 24HR ALLERGY RELIEF,Generic,Antihistamines & Comb.,"Antihistamines & Comb, NEC",14,540,148.82,2.95,145.87,10.629999999999999,0.27559259259259256,10.419285714285715,0.21071428571428572,0.27012962962962966,0.005462962962962963
2022,LEADER ADULT ASPIRIN REGIMEN,Generic,Central Nervous System,"Analg/Antipyr, Salicylates",197,8923,280.19000000000005,279.3,0.89,1.4222842639593911,0.03140087414546678,0.004517766497461929,1.417766497461929,9.974223915723412e-05,0.03130113190630954
2022,LEADER ARTIFICIAL TEARS,Generic,"Eye, Ear, Nose Throat","Eyewash/Eyestrm/Lubr/Tear, NEC",19,537,96.58000000000001,3.72,92.86000000000001,5.083157894736843,0.17985102420856613,4.887368421052632,0.19578947368421054,0.17292364990689016,0.006927374301675978
2022,LEADER ASPIRIN,Generic,Central Nervous System,"Analg/Antipyr, Salicylates",21,741,48.08,48.08,0.0,2.2895238095238093,0.06488529014844804,0.0,2.2895238095238093,0.0,0.06488529014844804
2022,LEADER CALCIUM+VITAMIN D3,Generic,"Electrolytic, Caloric, Water","Repl Preps, Calcium Supp",16,600,64.91,30.25,34.66,4.056875,0.10818333333333333,2.16625,1.890625,0.05776666666666666,0.050416666666666665
2022,LEADER CLEARLAX,Generic,Pharmaceutical Aids/Adjuvants,"Pharmaceutical Aids/Adjuv, NEC",28,477,194.88999999999996,132.40999999999997,62.480000000000004,6.960357142857141,0.40857442348008377,2.2314285714285718,4.72892857142857,0.1309853249475891,0.2775890985324947
2022,LEADER GENTLE LAXATIVE,Generic,Gastrointestinal Drugs,"Cath&Lax, Laxatives, Stimulant",39,420,32.38,6.3100000000000005,26.069999999999997,0.8302564102564103,0.0770952380952381,0.6684615384615383,0.16179487179487181,0.06207142857142856,0.015023809523809524
2022,LEADER MAGNESIUM,Generic,"Electrolytic, Caloric, Water","Repl Preps, Magn Preps & Comb",11,330,15.84,0.0,15.84,1.44,0.048,1.44,0.0,0.048,0.0
2022,LEADER NICOTINE POLACRILEX,Generic,Autonomic Drugs,"Autonomic, Nicotine Preps",24,572,970.61,970.61,0.0,40.442083333333336,1.6968706293706295,0.0,40.442083333333336,0.0,1.6968706293706295
2022,LEADER NICOTINE TRANSDERMAL SYSTEM,Generic,Autonomic Drugs,"Autonomic, Nicotine Preps",17,466,750.4399999999999,750.4399999999999,0.0,44.1435294117647,1.6103862660944204,0.0,44.1435294117647,0.0,1.6103862660944204
2022,LEADER PEN NEEDLES,Brand,Diagnostic Agents,Diabetes Mell/Diab Supply NEC,15,770,202.55,43.34,159.20999999999998,13.503333333333334,0.2630519480519481,10.613999999999999,2.8893333333333335,0.20676623376623374,0.05628571428571429
2022,LEADER SENNA,Generic,Gastrointestinal Drugs,"Cath&Lax, Laxatives, Stimulant",23,602,40.41,0.0,40.41,1.7569565217391303,0.06712624584717608,1.7569565217391303,0.0,0.06712624584717608,0.0
2022,LEDIPASVIR-SOFOSBUVIR,Brand,Anti-Infective Agents,"Antivirals, NEC",24,672,281252.63999999996,278948.01,2304.63,11718.859999999999,418.5307142857142,96.02625,11622.83375,3.429508928571429,415.1012053571429
2022,LEENA,Generic,Hormones & Synthetic Subst,"Contraceptive, Oral Comb, NEC",15,1260,1654.68,1654.68,0.0,110.312,1.3132380952380953,0.0,110.312,0.0,1.3132380952380953
2022,LEFLUNOMIDE,Generic,Immunosuppressants,"Immunosuppressants, NEC",2229,131762,283880.33,179297.39,104582.94,127.35770749214895,2.1544931770920295,46.91921938088829,80.43848811126067,0.793726112232662,1.3607670648593677
2022,LEMON-LIME FLAVOR PEG-3350,Generic,Gastrointestinal Drugs,"Cath&Lax, Laxatives/Enemas",582,2707,12854.890000000001,11707.91,1146.9800000000002,22.087439862542958,4.748758773550056,1.970756013745705,20.11668384879725,0.4237089028444774,4.325049870705578
2022,LENALIDOMIDE,Brand,Antineoplastic Agents,"Antineoplastic Agent, Misc.",11,308,195692.21,195692.21,0.0,17790.20090909091,635.3643181818181,0.0,17790.20090909091,0.0,635.3643181818181
2022,LENALIDOMIDE,Generic,Antineoplastic Agents,"Antineoplastic Agent, Misc.",297,8043,4516340.44,4513297.8100000005,3042.63,15206.53346801347,561.5243615566332,10.244545454545454,15196.288922558924,0.37829541215964196,561.1460661444735
2022,LENVIMA,Brand,Antineoplastic Agents,Molecular Targeted Therapy,207,6015,4324989.0600000005,4318817.32,6171.74,20893.66695652174,719.0339251870325,29.815169082125603,20863.851787439617,1.026058187863674,718.0078669991688
2022,LESCOL XL,Brand,Cardiovascular Agents,"Antihyperlipidemic Drugs, NEC",11,665,4918.09,3532.53,1385.56,447.09909090909093,7.395624060150376,125.96,321.13909090909095,2.083548872180451,5.312075187969925
2022,LESSINA 28,Generic,Hormones & Synthetic Subst,"Contraceptive, Oral Comb, NEC",1489,93536,41063.53,41063.53,0.0,27.577924781732705,0.43901310725282244,0.0,27.577924781732705,0.0,0.43901310725282244
2022,LETROZOLE,Generic,Antineoplastic Agents,Hormone-Modifying Therapy,7064,333563,108334.69,104049.34999999999,4285.34,15.336167893544735,0.3247802963757971,0.6066449603624009,14.729522933182333,0.012847168301040584,0.3119331280747565
2022,LEUCOVORIN CALCIUM,Brand,Pharmaceutical Aids/Adjuvants,"Pharmaceutical Aids/Adjuv, NEC",34,1260,9723.88,7501.879999999999,2222.0,285.9964705882353,7.717365079365079,65.3529411764706,220.6435294117647,1.7634920634920634,5.9538730158730155
2022,LEUCOVORIN CALCIUM,Generic,Vitamins & Comb,"Folic Acid & Derivatives, NEC",1817,95155,113076.82,104311.47,8765.35,62.23270225646671,1.1883434396510957,4.824078150798019,57.408624105668686,0.0921165466869844,1.0962268929641112
2022,LEUKERAN,Brand,Antineoplastic Agents,Chemotherapy,16,366,79612.02,79612.02,0.0,4975.75125,217.51918032786887,0.0,4975.75125,0.0,217.51918032786887
2022,LEUKINE,Brand,Blood Form/Coagul Agents,"Hematopoietic Agents, NEC",24,563,159953.81,154087.35,5866.46,6664.7420833333335,284.10978685612787,244.43583333333333,6420.306250000001,10.42,273.6897868561279
2022,LEUPROLIDE ACETATE,Brand,Pharmaceutical Aids/Adjuvants,"Pharmaceutical Aids/Adjuv, NEC",15,311,714.27,171.73,542.54,47.618,2.296688102893891,36.169333333333334,11.448666666666666,1.7445016077170417,0.5521864951768488
2022,LEUPROLIDE ACETATE,Generic,Antineoplastic Agents,Hormone-Modifying Therapy,1888,27232,922979.45,837843.95,85135.5,488.86623411016944,33.89319366921269,45.092955508474574,443.77327860169487,3.1263036133960047,30.766890055816685
2022,LEVALBUTEROL,Generic,Autonomic Drugs,"Sympathomimetic Agents, NEC",533,13056,62170.719999999994,50020.53,12150.19,116.64300187617259,4.761850490196078,22.795853658536586,93.84714821763602,0.9306211703431373,3.831229319852941
2022,LEVALBUTEROL TARTRATE,Brand,Autonomic Drugs,"Sympathomimetic Agents, NEC",738,20084,33397.56,13957.89,19439.670000000002,45.25414634146341,1.6628938458474407,26.341016260162604,18.913130081300814,0.9679182433778133,0.6949756024696275
2022,LEVALBUTEROL TARTRATE,Generic,Autonomic Drugs,"Sympathomimetic Agents, NEC",1347,37064,68892.02,40309.79,28582.23,51.14478099480327,1.8587313835527737,21.219175946547885,29.925605048255385,0.7711588063889488,1.0875725771638247
2022,LEVEMIR,Brand,Hormones & Synthetic Subst,"Antidiabetic Agents, Insulins",172,8863,99828.78,93391.55000000002,6437.23,580.3998837209302,11.263542818458761,37.42575581395349,542.9741279069768,0.7263037346271014,10.537239083831661
2022,LEVEMIR FLEXTOUCH,Brand,Hormones & Synthetic Subst,"Antidiabetic Agents, Insulins",831,40406,525854.22,483727.2,42127.020000000004,632.7968953068591,13.014260753353462,50.69436823104694,582.1025270758123,1.0425931792308074,11.971667574122655
2022,LEVETIRACETAM,Brand,Pharmaceutical Aids/Adjuvants,"Pharmaceutical Aids/Adjuv, NEC",15,450,4580.34,3289.26,1291.08,305.356,10.178533333333334,86.07199999999999,219.28400000000002,2.8690666666666664,7.309466666666667
2022,LEVETIRACETAM,Generic,Central Nervous System,"Anticonvulsants, Misc",17508,952566,898883.0900000001,409439.83,489443.26,51.34127770162212,0.9436438944913005,27.955406671236005,23.38587103038611,0.513815588631129,0.4298283058601714
2022,LEVOBUNOLOL HCL,Brand,"Eye, Ear, Nose Throat","Eye/Ear/Nose/Throat Misc, NEC",39,2138,1510.44,511.89,998.55,38.72923076923077,0.7064733395696913,25.603846153846153,13.125384615384615,0.46704864359214215,0.23942469597754912
2022,LEVOBUNOLOL HCL,Generic,"Eye, Ear, Nose Throat","Eye/Ear/Nose/Throat Misc, NEC",24,1261,542.29,65.62,476.67,22.595416666666665,0.43004758128469467,19.861250000000002,2.734166666666667,0.37800951625693896,0.05203806502775575
2022,LEVOCARNITINE,Generic,"Electrolytic, Caloric, Water","Caloric Agent, Amino Acid Prep",917,33639,100299.84999999999,75950.20000000001,24349.649999999998,109.37824427480915,2.9816537352477774,26.55359869138495,82.82464558342423,0.7238517791848746,2.2578019560629037
2022,LEVOCETIRIZINE DIHYDROCHLORIDE,Generic,Antihistamines & Comb.,"Antihistamines & Comb, NEC",1538,84349,25870.55,5299.9400000000005,20570.61,16.820903771131338,0.3067084375629824,13.374908972691808,3.445994798439532,0.2438749718431754,0.062833465719807
2022,LEVODOPA,Brand,Pharmaceutical Aids/Adjuvants,"Pharmaceutical Aids/Adjuv, NEC",15,225,3276.9,1926.9,1350.0,218.46,14.564,90.0,128.46,6.0,8.564
2022,LEVOFLOXACIN,Generic,Anti-Infective Agents,"Quinolones, NEC",8195,83672,35822.02,11221.720000000003,24600.3,4.371204392922514,0.42812434267138344,3.0018669920683343,1.3693374008541797,0.2940087484463142,0.13411559422506936
2022,LEVONEST,Generic,Hormones & Synthetic Subst,"Contraceptive, Oral Comb, NEC",47,3388,1636.14,1636.14,0.0,34.81148936170213,0.482922077922078,0.0,34.81148936170213,0.0,0.482922077922078
2022,LEVONORGESTREL,Generic,Hormones & Synthetic Subst,"Contraceptive, Oral Comb, NEC",327,10307,9634.98,9634.98,0.0,29.464770642201835,0.9347996507228097,0.0,29.464770642201835,0.0,0.9347996507228097
2022,LEVONORGESTREL-ETHINYL ESTRADIOL,Generic,Hormones & Synthetic Subst,"Contraceptive, Oral Comb, NEC",4151,356681,200811.81000000003,200736.81000000003,75.0,48.376730908214896,0.5630011410756391,0.018067935437244036,48.35866297277765,0.00021027192365166635,0.5627908691519874
2022,LEVONORGESTREL-ETHINYL ESTRADIOL/ETHINYL ESTRADIOL,Generic,Hormones & Synthetic Subst,"Contraceptive, Oral Comb, NEC",3741,342345,325123.19999999995,325053.19999999995,70.0,86.90809943865275,0.9496946063181877,0.01871157444533547,86.88938786420742,0.0002044720968613533,0.9494901342213263
2022,LEVORA-28,Generic,Hormones & Synthetic Subst,"Contraceptive, Oral Comb, NEC",252,18490,6994.139999999999,6994.139999999999,0.0,27.754523809523807,0.3782660897782585,0.0,27.754523809523807,0.0,0.3782660897782585
2022,LEVORPHANOL TARTRATE,Generic,Central Nervous System,"Analg/Antipyr, Opiate Agonists",23,449,90607.5,89992.5,615.0,3939.4565217391305,201.79844097995544,26.73913043478261,3912.717391304348,1.3697104677060135,200.42873051224944
2022,LEVOTHYROXINE SODIUM,Brand,Hormones & Synthetic Subst,"Thy/Antithy, Thyroid/Hormones",197,8514,27046.13,17988.390000000003,9057.74,137.29,3.1766654921306086,45.97837563451777,91.31162436548225,1.0638642236316656,2.1128012684989432
2022,LEVOTHYROXINE SODIUM,Generic,Hormones & Synthetic Subst,"Thy/Antithy, Thyroid/Hormones",203477,13841115,3977449.5199999996,587732.55,3389716.97,19.547415776721692,0.28736481995850766,16.658968679506774,2.888447097214919,0.2449020162031744,0.042462803755333296
2022,LEVOTHYROXINE SODIUM (T4) PENTAHYDRATE,Brand,Pharmaceutical Aids/Adjuvants,"Pharmaceutical Aids/Adjuv, NEC",23,690,1558.39,0.0,1558.3899999999999,67.75608695652174,2.258536231884058,67.75608695652173,0.0,2.2585362318840576,0.0
2022,LEVOXYL,Generic,Hormones & Synthetic Subst,"Thy/Antithy, Thyroid/Hormones",5605,387941,274290.06999999995,115084.78000000001,159205.29,48.93667618198037,0.7070406840215392,28.404155218554862,20.532520963425515,0.41038531632387404,0.29665536769766543
2022,LEVSIN/SL,Brand,Autonomic Drugs,Antichol/Antimuscarin/Antispas,12,209,1018.6199999999999,380.01,638.6099999999999,84.88499999999999,4.87377990430622,53.217499999999994,31.6675,3.0555502392344494,1.8182296650717702
2022,LEVULAN KERASTICK,Brand,Skin & Mucous Membrane,"S/MM Miscellaneous, NEC",27,752,10780.259999999998,4583.27,6196.99,399.26888888888885,14.335452127659572,229.51814814814813,169.75074074074075,8.240678191489362,6.094773936170213
2022,LEXAPRO,Brand,Central Nervous System,"Psychother, Antidepressants",510,21652,212012.52000000002,155676.26,56336.26,415.7108235294118,9.791821540735269,110.4632549019608,305.247568627451,2.6018963606133383,7.1899251801219295
2022,LIALDA,Brand,Gastrointestinal Drugs,"Gastrointestinal Drug Misc,NEC",185,9664,160976.31999999998,125607.95,35368.37,870.1422702702702,16.6573178807947,191.18037837837838,678.9618918918919,3.659806498344371,12.99751138245033
2022,LIDOCAINE,Generic,Skin & Mucous Membrane,"Antiprur/Local Anest S/MM, NEC",12199,296397,865390.3400000002,580609.7100000001,284780.63,70.93944913517502,2.919700064440599,23.344588080990246,47.594861054184776,0.9608080716066627,1.958891992833936
2022,LIDOCAINE HCL,Brand,Skin & Mucous Membrane,"Antiprur/Local Anest S/MM, NEC",153,2740,11597.2,7331.94,4265.26,75.79869281045752,4.232554744525547,27.87751633986928,47.921176470588236,1.5566642335766425,2.675890510948905
2022,LIDOCAINE HCL,Generic,Skin & Mucous Membrane,"Antiprur/Local Anest S/MM, NEC",1869,17713,32681.84,11862.460000000001,20819.379999999997,17.486270733012304,1.845076497487721,11.139315141787051,6.346955591225255,1.1753728899678202,0.6697036075199007
2022,LIDOCAINE HCL VISCOUS,Brand,Skin & Mucous Membrane,"Antiprur/Local Anest S/MM, NEC",25,131,102.47,52.68,49.790000000000006,4.0988,0.7822137404580153,1.9916000000000003,2.1072,0.38007633587786266,0.4021374045801527
2022,LIDOCAINE HCL VISCOUS,Generic,Skin & Mucous Membrane,"Antiprur/Local Anest S/MM, NEC",2803,22830,35424.99,7042.950000000001,28382.039999999997,12.638241170174812,1.5516859395532194,10.12559400642169,2.512647163753122,1.243190538764783,0.3084954007884363
2022,LIDOCAINE PAIN RELIEF,Generic,Skin & Mucous Membrane,"Antiprur/Local Anest S/MM, NEC",139,2486,2323.1299999999997,312.54999999999995,2010.5800000000002,16.713165467625895,0.9344851166532581,14.464604316546763,2.2485611510791363,0.8087610619469027,0.1257240547063556
2022,LIDOCAINE-HYDROCORTISONE,Generic,Skin & Mucous Membrane,Antiinflam S/MM Agnts&Comb NEC,13,274,506.24,313.11,193.13,38.941538461538464,1.8475912408759125,14.856153846153846,24.085384615384616,0.7048540145985401,1.1427372262773723
2022,LIDOCAINE-PRILOCAINE,Generic,Skin & Mucous Membrane,"Antiprur/Local Anest S/MM, NEC",3094,72476,56680.08,16064.730000000003,40615.35,18.319353587588882,0.7820530934378277,13.12713316095669,5.1922204266321925,0.560397234946741,0.22165585849108674
2022,LIDODERM,Brand,Skin & Mucous Membrane,"Antiprur/Local Anest S/MM, NEC",12,420,6126.93,5581.93,545.0,510.57750000000004,14.587928571428572,45.416666666666664,465.16083333333336,1.2976190476190477,13.290309523809524
2022,LILETTA,Brand,Contraceptive Cream/Foam/Devic,Contraceptive Cream/Foam/Devic,47,2990,38227.89,38227.89,0.0,813.3593617021277,12.785247491638795,0.0,813.3593617021277,0.0,12.785247491638795
2022,LILLOW,Generic,Hormones & Synthetic Subst,"Contraceptive, Oral Comb, NEC",234,14413,5527.33,5527.33,0.0,23.621068376068376,0.383496149309651,0.0,23.621068376068376,0.0,0.383496149309651
2022,LINEZOLID,Generic,Anti-Infective Agents,"Antibiotics, Misc",255,3673,33266.13,26027.3,7238.83,130.45541176470587,9.056937108630546,28.38756862745098,102.0678431372549,1.9708222161720663,7.086114892458481
2022,LINZESS,Brand,Gastrointestinal Drugs,"Gastrointestinal Drug Misc,NEC",10474,442126,5198054.029999999,4328030.22,870023.81,496.2816526637387,11.756951706074737,83.06509547450831,413.21655718923046,1.9678186987419877,9.789133007332751
2022,LIOTHYRONINE SODIUM,Brand,Pharmaceutical Aids/Adjuvants,"Pharmaceutical Aids/Adjuv, NEC",11,330,1578.33,0.0,1578.33,143.48454545454544,4.782818181818182,143.48454545454544,0.0,4.782818181818182,0.0
2022,LIOTHYRONINE SODIUM,Generic,Hormones & Synthetic Subst,"Thy/Antithy, Thyroid/Hormones",5396,364601,328044.85000000003,123439.55999999998,204605.28999999998,60.794078947368426,0.8997365613369136,37.91795589325426,22.876123054114156,0.5611758881626764,0.338560673174237
2022,LIPITOR,Brand,Cardiovascular Agents,"Antihyperlipidemic Drugs, NEC",176,11940,92553.15,58592.329999999994,33960.82,525.8701704545455,7.751520100502512,192.95920454545455,332.91096590909086,2.844289782244556,4.907230318257956
2022,LISINOPRIL,Generic,Cardiovascular Agents,"Cardiac, ACE Inhibitors",284885,19851309,1434624.4900000002,220682.45,1213942.0400000003,5.035802130684312,0.07226850833866927,4.261165171911474,0.7746369587728382,0.061151737651154406,0.011116770687514864
2022,LISINOPRIL/HYDROCHLOROTHIAZIDE,Generic,Cardiovascular Agents,"Cardiac, ACE Inhibitors",35236,2462107,269298.5900000001,35693.450000000004,233605.14,7.642711715291182,0.10937728945167699,6.62972925417187,1.01298246111931,0.0948801737698646,0.014497115681812368
2022,LITHIUM CARBONATE,Brand,Central Nervous System,"Antimanic Agents, NEC",1166,48991,10403.949999999999,1243.5600000000002,9160.39,8.922770154373927,0.2123645159314976,7.856252144082332,1.0665180102915954,0.18698107815721254,0.025383437774285075
2022,LITHIUM CARBONATE,Generic,Central Nervous System,"Antimanic Agents, NEC",15078,685771,262513.5,60068.94,202444.56000000003,17.410366096299246,0.382800526706437,13.42648627138878,3.9838798249104657,0.29520723390169606,0.08759329280474094
2022,LITHOBID,Brand,Central Nervous System,"Antimanic Agents, NEC",22,660,22837.28,19647.28,3190.0,1038.0581818181818,34.60193939393939,145.0,893.0581818181818,4.833333333333333,29.768606060606057
2022,LIVALO,Brand,Cardiovascular Agents,"Antihyperlipidemic Drugs, NEC",521,30596,241716.75,193737.44999999998,47979.299999999996,463.94769673704417,7.900272911491698,92.09078694817657,371.85690978886754,1.5681559681004051,6.332116943391292
2022,LIVTENCITY,Brand,~Missing,~Missing,19,532,471404.97,466486.92,4918.05,24810.78789473684,886.0995676691729,258.84473684210525,24551.943157894737,9.244454887218046,876.8551127819549
2022,LO LOESTRIN FE,Brand,Hormones & Synthetic Subst,"Contraceptive, Oral Comb, NEC",7876,521563,2165001.3,1800766.05,364235.25,274.8858938547486,4.150987129071655,46.24622270187913,228.63967115286948,0.6983533149399018,3.452633814131754
2022,LO-ZUMANDIMINE,Generic,Hormones & Synthetic Subst,"Contraceptive, Oral Comb, NEC",95,5772,5065.57,5065.57,0.0,53.321789473684206,0.8776108801108801,0.0,53.321789473684206,0.0,0.8776108801108801
2022,LOESTRIN 21 1/20,Generic,Hormones & Synthetic Subst,"Contraceptive, Oral Comb, NEC",21,1428,1552.26,523.48,1028.78,73.91714285714286,1.087016806722689,48.98952380952381,24.92761904761905,0.7204341736694677,0.3665826330532213
2022,LOESTRIN FE 1/20,Generic,Hormones & Synthetic Subst,"Contraceptive, Oral Comb, NEC",25,1526,1816.58,825.5800000000002,991.0,72.6632,1.1904193971166448,39.64,33.0232,0.6494102228047182,0.5410091743119267
2022,LOJAIMIESS,Generic,Hormones & Synthetic Subst,"Contraceptive, Oral Comb, NEC",54,4879,3597.4900000000002,3597.4900000000002,0.0,66.62018518518519,0.737341668374667,0.0,66.62018518518519,0.0,0.737341668374667
2022,LOKELMA,Brand,"Electrolytic, Caloric, Water","Potassium Removing Resins, NEC",261,9186,173042.25999999998,152234.1,20808.16,662.9971647509577,18.83760722839103,79.72475095785441,583.2724137931035,2.2652035706509905,16.57240365774004
2022,LOMAIRA,Brand,Central Nervous System,"Stimulant, Amphetamine Type",52,1517,971.99,141.95,830.04,18.692115384615384,0.6407317073170732,15.962307692307691,2.729807692307692,0.5471588661832564,0.09357284113381674
2022,LONSURF,Brand,Antineoplastic Agents,"Antineoplastic Agent, Misc.",41,1148,426002.89,426002.89,0.0,10390.314390243902,371.0826567944251,0.0,10390.314390243902,0.0,371.0826567944251
2022,LOPERAMIDE HCL,Generic,Gastrointestinal Drugs,"Antidiarrhea Agents, NEC",606,16451,16159.37,7872.27,8287.1,26.66562706270627,0.982272810163516,13.675082508250826,12.990544554455447,0.503744453224728,0.4785283569387879
2022,LOPINAVIR-RITONAVIR,Generic,Anti-Infective Agents,"Antivirals, NEC",15,630,12707.24,11762.24,945.0,847.1493333333333,20.170222222222222,63.0,784.1493333333333,1.5,18.670222222222222
2022,LORATADINE,Brand,Pharmaceutical Aids/Adjuvants,"Pharmaceutical Aids/Adjuv, NEC",11,330,377.28,171.86,205.42000000000002,34.29818181818182,1.1432727272727272,18.674545454545456,15.623636363636365,0.6224848484848485,0.5207878787878788
2022,LORATADINE,Generic,Antihistamines & Comb.,"Antihistamines & Comb, NEC",3978,229268,27560.66,1483.34,26077.32,6.928270487682252,0.12021154282324616,6.555384615384615,0.372885872297637,0.11374164732976255,0.006469895493483608
2022,LORATADINE D,Generic,Antihistamines & Comb.,"Antihistamines & Comb, NEC",23,705,781.67,467.57,314.1,33.98565217391304,1.1087517730496452,13.656521739130437,20.32913043478261,0.44553191489361704,0.6632198581560284
2022,LORATADINE D,Generic,Autonomic Drugs,"Sympathomimetic Agents, NEC",22,1240,662.08,137.29999999999998,524.78,30.094545454545457,0.5339354838709678,23.85363636363636,6.24090909090909,0.42320967741935483,0.1107258064516129
2022,LORAZEPAM,Generic,Central Nervous System,"ASH, Benzodiazepines",139903,3233468,325232.9300000001,22159.389999999996,303073.5399999999,2.3247030442520895,0.10058331488049367,2.1663119447045447,0.15839109954754363,0.09373018072236988,0.006853134158123722
2022,LORBRENA,Brand,Antineoplastic Agents,Molecular Targeted Therapy,45,1350,887539.39,887539.39,0.0,19723.097555555556,657.4365851851852,0.0,19723.097555555556,0.0,657.4365851851852
2022,LORYNA,Generic,Hormones & Synthetic Subst,"Contraceptive, Oral Comb, NEC",1219,88521,75874.67000000001,75874.67000000001,0.0,62.24337161607876,0.857137515391828,0.0,62.24337161607876,0.0,0.857137515391828
2022,LOSARTAN POTASSIUM,Generic,Cardiovascular Agents,"Cardiac Drugs, NEC",124022,8598008,1305828.15,200459.91999999998,1105368.23,10.529004128299817,0.15187566119966392,8.91267863766106,1.6163254906387574,0.12856096784278404,0.02331469335687987
2022,LOSARTAN POTASSIUM-HYDROCHLOROTHIAZIDE,Generic,Cardiovascular Agents,"Cardiac Drugs, NEC",12596,862286,325188.7700000001,52205.48000000001,272983.29,25.816828358208962,0.37712402845459636,21.672220546205143,4.1446078120038115,0.3165809139890941,0.06054311446550218
2022,LOTEMAX,Brand,"Eye, Ear, Nose Throat","Antiinflam Agents EENT, NEC",120,1633,35305.54,27521.339999999997,7784.2,294.2128333333333,21.620048989589712,64.86833333333333,229.34449999999998,4.766809552969994,16.853239436619717
2022,LOTEMAX SM,Brand,"Eye, Ear, Nose Throat","Antiinflam Agents EENT, NEC",62,1448,14414.93,9404.92,5010.01,232.49887096774194,9.955062154696133,80.80661290322581,151.69225806451612,3.459951657458564,6.495110497237569
2022,LOTEPREDNOL ETABONATE,Generic,"Eye, Ear, Nose Throat","Antiinflam Agents EENT, NEC",2078,58049,438198.8499999999,344296.07999999996,93902.76999999999,210.87528873917225,7.548775172698925,45.1890134744947,165.68627526467756,1.6176466433530292,5.931128529345897
2022,LOVASTATIN,Generic,Cardiovascular Agents,"Antihyperlipidemic Drugs, NEC",6853,453547,64830.899999999994,59940.98000000001,4889.919999999999,9.460221800671238,0.1429419663232256,0.7135444330949948,8.746677367576245,0.010781506657523915,0.1321604596657017
2022,LOVAZA,Brand,Cardiovascular Agents,"Antihyperlipidemic Drugs, NEC",14,600,10724.55,9479.55,1245.0,766.0392857142857,17.87425,88.92857142857143,677.1107142857143,2.075,15.799249999999999
2022,LOVENOX,Brand,Blood Form/Coagul Agents,"Coag/Anticoag, Anticoagulants",11,330,27140.96,26150.96,990.0,2467.36,82.24533333333333,90.0,2377.36,3.0,79.24533333333333
2022,LOW DOSE ASPIRIN,Generic,Central Nervous System,"Analg/Antipyr, Salicylates",1015,61563,1427.7699999999998,1403.18,24.59,1.406669950738916,0.023192014684144693,0.024226600985221676,1.3824433497536945,0.0003994282279940874,0.02279258645615061
2022,LOW-OGESTREL 28,Generic,Hormones & Synthetic Subst,"Contraceptive, Oral Comb, NEC",4819,363047,233184.96000000002,233134.96000000002,50.0,48.38866154803902,0.6422996471531235,0.010375596596804317,48.378285951442216,0.00013772321490055007,0.6421619239382229
2022,LOXAPINE SUCCINATE,Generic,Central Nervous System,"Psychother,Tranq/Antipsychotic",21,931,2015.1100000000001,1428.77,586.3399999999999,95.95761904761905,2.1644575725026853,27.92095238095238,68.03666666666666,0.6297959183673468,1.5346616541353384
2022,LUBIPROSTONE,Brand,Gastrointestinal Drugs,"Gastrointestinal Drug Misc,NEC",270,10632,94099.62999999999,80191.31,13908.32,348.5171481481481,8.850604778028591,51.5122962962963,297.00485185185187,1.3081565086531226,7.54244826937547
2022,LUBIPROSTONE,Generic,Gastrointestinal Drugs,"Gastrointestinal Drug Misc,NEC",580,25168,206410.0,181973.1,24436.899999999998,355.87931034482756,8.201287349014622,42.13258620689655,313.74672413793104,0.970951207883026,7.230336141131596
2022,LUBRICATING TEARS EYE DROPS,Generic,"Eye, Ear, Nose Throat","Eyewash/Eyestrm/Lubr/Tear, NEC",19,721,113.34,25.05,88.28999999999999,5.965263157894737,0.1571983356449376,4.646842105263158,1.318421052631579,0.12245492371705963,0.03474341192787795
2022,LUMAKRAS,Brand,Antineoplastic Agents,Molecular Targeted Therapy,17,510,328497.02999999997,328347.02999999997,150.0,19323.35470588235,644.1118235294117,8.823529411764707,19314.531176470588,0.29411764705882354,643.8177058823529
2022,LUMIGAN,Brand,"Eye, Ear, Nose Throat","Eye/Ear/Nose/Throat Misc, NEC",1569,78212,466616.21,335196.5999999999,131419.61,297.3972020395156,5.966043701733749,83.76010834926704,213.63709369024852,1.6802998261136397,4.285743875620108
2022,LUNESTA,Brand,Central Nervous System,Anxiolytic/Sedative/Hypnot NEC,48,1068,11236.25,6389.429999999999,4846.820000000001,234.08854166666666,10.520833333333334,100.97541666666667,133.113125,4.538220973782772,5.982612359550561
2022,LUPRON DEPOT,Brand,Antineoplastic Agents,Hormone-Modifying Therapy,514,24092,1427528.9,1354286.1199999999,73242.78,2777.293579766537,59.2532334384858,142.49568093385213,2634.7978988326845,3.040128673418562,56.213104765067236
2022,LUPRON DEPOT-PED,Brand,Antineoplastic Agents,Hormone-Modifying Therapy,146,9566,1322908.96,1277416.6800000002,45492.28,9061.020273972603,138.29280367969892,311.5909589041096,8749.429315068493,4.755621994564081,133.53718168513487
2022,LUTERA,Generic,Hormones & Synthetic Subst,"Contraceptive, Oral Comb, NEC",622,42542,18511.18,18511.18,0.0,29.76073954983923,0.43512716844530114,0.0,29.76073954983923,0.0,0.43512716844530114
2022,LYBALVI,Brand,Central Nervous System,"Psychother,Tranq/Antipsychotic",77,2850,100367.02,90363.85,10003.17,1303.4677922077922,35.216498245614034,129.9112987012987,1173.5564935064936,3.509884210526316,31.70661403508772
2022,LYLLANA,Generic,Hormones & Synthetic Subst,"Estrogens & Comb, NEC",296,14669,44734.590000000004,30177.020000000004,14557.570000000002,151.13037162162163,3.0496005180993935,49.180979729729735,101.9493918918919,0.9924037085009204,2.0571968095984734
2022,LYNPARZA,Brand,Antineoplastic Agents,"Antineoplastic Agent, Misc.",528,15418,6962312.039999999,6935940.329999999,26371.71,13186.197045454544,451.57037488649627,49.94642045454545,13136.250624999999,1.7104494746400312,449.85992541185624
2022,LYRICA,Brand,Central Nervous System,"CNS Agents, Misc.",178,7339,116169.03000000001,95545.07,20623.960000000003,652.6350000000001,15.828999863741656,115.86494382022474,536.7700561797753,2.810186673933779,13.018813189807876
2022,LYSODREN,Brand,Antineoplastic Agents,"Antineoplastic Agent, Misc.",31,922,50738.16,48954.68,1783.48,1636.7148387096775,55.03054229934924,57.531612903225806,1579.1832258064517,1.9343600867678958,53.09618221258135
2022,LYUMJEV KWIKPEN U-100,Brand,Hormones & Synthetic Subst,"Antidiabetic Agents, Insulins",177,10134,162608.27,141606.19,21002.079999999998,918.6907909604519,16.045813104401024,118.65581920903954,800.0349717514124,2.0724373396487072,13.97337576475232
2022,LYUMJEV KWIKPEN U-200,Brand,Hormones & Synthetic Subst,"Antidiabetic Agents, Insulins",31,1468,63398.35,60790.89,2607.46,2045.108064516129,43.186886920980925,84.1116129032258,1960.9964516129032,1.776198910081744,41.41068801089918
2022,LYUMJEV U-100,Brand,Hormones & Synthetic Subst,"Antidiabetic Agents, Insulins",133,7175,134969.16999999998,118239.7,16729.47,1014.8057894736841,18.811034146341463,125.78548872180453,889.0203007518796,2.3316334494773523,16.47940069686411
2022,M-DRYL,Generic,Antihistamines & Comb.,"Antihistamines & Comb, NEC",34,429,106.80000000000001,50.33,56.47,3.1411764705882357,0.24895104895104897,1.6608823529411765,1.4802941176470588,0.13163170163170163,0.11731934731934732
2022,M-M-R II,Brand,"Serums, Toxoids, Vaccines","Vaccines, NEC",984,1520,68546.76000000001,68546.76000000001,0.0,69.66134146341464,45.09655263157895,0.0,69.66134146341464,0.0,45.09655263157895
2022,MAGNESIUM,Generic,"Electrolytic, Caloric, Water","Repl Preps, Magn Preps & Comb",33,2470,111.53,4.13,107.4,3.37969696969697,0.045153846153846156,3.254545454545455,0.12515151515151515,0.04348178137651822,0.001672064777327935
2022,MAGNESIUM CITRATE,Generic,Gastrointestinal Drugs,"Cath&Lax, Laxatives, Saline",116,425,390.33000000000004,320.23,70.10000000000001,3.3649137931034487,0.9184235294117647,0.6043103448275863,2.7606034482758623,0.16494117647058826,0.7534823529411765
2022,MAGNESIUM OXIDE,Generic,Gastrointestinal Drugs,"Antacid/Adsorbents & Comb, NEC",930,45289,3179.73,201.02999999999997,2978.7,3.419064516129032,0.07020976396034358,3.2029032258064514,0.2161612903225806,0.06577093775530482,0.004438826205038751
2022,MAKENA,Brand,Hormones & Synthetic Subst,"Progestins, NEC",13,364,40666.78,33986.14,6680.639999999999,3128.213846153846,111.72192307692308,513.8953846153846,2614.3184615384616,18.353406593406593,93.36851648351649
2022,MALATHION,Generic,Skin & Mucous Membrane,"Antiinf S/MM, Scabic/Pediculic",27,465,5714.13,5024.13,690.0,211.63444444444445,12.288451612903225,25.555555555555557,186.07888888888888,1.4838709677419355,10.804580645161291
2022,MARAVIROC,Generic,Anti-Infective Agents,"Antivirals, NEC",37,1275,56772.869999999995,55832.47,940.4,1534.4018918918919,44.527741176470585,25.416216216216217,1508.9856756756758,0.7375686274509804,43.79017254901961
2022,MARLISSA,Generic,Hormones & Synthetic Subst,"Contraceptive, Oral Comb, NEC",142,9345,3515.3600000000006,3515.3600000000006,0.0,24.756056338028174,0.37617549491706803,0.0,24.756056338028174,0.0,0.37617549491706803
2022,MATZIM LA,Generic,Cardiovascular Agents,"Cardiac, Calcium Channel",275,17765,44889.87,32649.56,12240.31,163.23589090909093,2.526871376301717,44.51021818181818,118.72567272727274,0.6890126653532226,1.8378587109484943
2022,MAVENCLAD,Brand,Antineoplastic Agents,Chemotherapy,33,1045,2015414.76,1999909.7299999997,15505.029999999999,61073.174545454545,1928.6265645933015,469.8493939393939,60603.32515151514,14.83734928229665,1913.7892153110045
2022,MAVYRET,Brand,Anti-Infective Agents,"Antivirals, NEC",59,1668,755704.01,746898.9,8805.11,12808.542542372881,453.05995803357314,149.2391525423729,12659.30338983051,5.278842925659473,447.7811151079137
2022,MAXALT,Brand,Autonomic Drugs,"Vascular 5HT1 Agonist, NEC",28,839,7836.86,5202.5,2634.3599999999997,279.8878571428571,9.340715137067937,94.0842857142857,185.80357142857142,3.1398808104886764,6.200834326579261
2022,MAXIDEX,Brand,"Eye, Ear, Nose Throat","Antiinflam Agents EENT, NEC",24,548,1653.23,298.03,1355.2,68.88458333333334,3.016843065693431,56.46666666666667,12.417916666666665,2.472992700729927,0.5438503649635036
2022,MAYZENT,Brand,Misc Therapeutic Agents,Biological Response Modifiers,156,4576,1301590.5100000002,1283886.6,17703.91,8343.528910256411,284.43848557692314,113.48660256410257,8230.042307692309,3.868861451048951,280.56962412587416
2022,MECLIZINE HCL,Generic,Gastrointestinal Drugs,"Antiemetics, NEC",5794,90624,23975.779999999995,2159.3799999999997,21816.399999999998,4.138035899206074,0.2645632503531073,3.765343458750431,0.3726924404556437,0.24073534604519772,0.0238279043079096
2022,MECLOFENAMATE SODIUM,Brand,Central Nervous System,"Analg/Antipyr,Nonstr/Antiinflm",19,707,15717.69,15187.69,530.0,827.2468421052632,22.231527581329562,27.894736842105264,799.3521052631579,0.7496463932107497,21.481881188118813
2022,MEDROXYPROGESTERONE ACETATE,Generic,Hormones & Synthetic Subst,"Progestins, NEC",11450,708351,303322.46,272119.7,31202.760000000002,26.49104454148472,0.4282092634866048,2.725131877729258,23.765912663755458,0.04404985663886971,0.3841594068477351
2022,MEFENAMIC ACID,Generic,Central Nervous System,"Analg/Antipyr,Nonstr/Antiinflm",115,1741,18514.57,14951.89,3562.6800000000003,160.99626086956522,10.634445720850087,30.979826086956525,130.01643478260868,2.04634118322803,8.588104537622057
2022,MEFLOQUINE HCL,Generic,Anti-Infective Agents,"Antimalarial Agents, NEC",632,36141,38645.39,16081.760000000002,22563.629999999997,61.14776898734177,1.0692949835367034,35.701946202531644,25.44582278481013,0.6243222379015522,0.44497274563515127
2022,MEGESTROL ACETATE,Generic,Antineoplastic Agents,Hormone-Modifying Therapy,339,12144,12461.869999999999,11713.56,748.31,36.76067846607669,1.0261750658761528,2.20740412979351,34.55327433628318,0.06161972990777338,0.9645553359683794
2022,MEKINIST,Brand,Antineoplastic Agents,Molecular Targeted Therapy,205,6126,2484205.33,2477405.33,6800.0,12118.074780487805,405.51833659810643,33.170731707317074,12084.904048780489,1.1100228534116878,404.40831374469474
2022,MEKTOVI,Brand,Antineoplastic Agents,Molecular Targeted Therapy,53,1590,664046.0999999999,641711.82,22334.28,12529.171698113205,417.6390566037735,421.40150943396225,12107.770188679244,14.046716981132075,403.5923396226415
2022,MELATONIN,Generic,"Electrolytic, Caloric, Water",Caloric/Nutrition/Dietary Misc,29,1215,119.37,0.0,119.37,4.1162068965517244,0.09824691358024691,4.1162068965517244,0.0,0.09824691358024691,0.0
2022,MELATONIN,Generic,Hormones & Synthetic Subst,"Hormone & Synthetic Subst, NEC",38,1594,192.33,0.0,192.32999999999998,5.061315789473684,0.12065872020075283,5.061315789473684,0.0,0.12065872020075281,0.0
2022,MELOXICAM,Generic,Central Nervous System,"Analg/Antipyr,Nonstr/Antiinflm",34818,1237058,83519.39000000001,20551.429999999997,62967.96,2.3987417427767252,0.06751453044238832,1.8084887127347924,0.5902530300419322,0.05090138053349156,0.01661314990889675
2022,MEMANTINE HCL,Generic,Central Nervous System,"CNS Agents, Misc.",1927,100449,105399.29999999999,51181.549999999996,54217.75,54.696056045666836,1.0492817250545052,28.1358329008822,26.560223144784636,0.5397540045197066,0.5095277205347987
2022,MEMANTINE HCL TITRATION PAK,Generic,Central Nervous System,"CNS Agents, Misc.",13,401,1521.32,850.31,671.01,117.02461538461537,3.7938154613466333,51.61615384615384,65.40846153846154,1.6733416458852868,2.1204738154613465
2022,MENACTRA,Brand,"Serums, Toxoids, Vaccines","Vaccines, NEC",211,391,20396.449999999997,20396.449999999997,0.0,96.66563981042653,52.164833759590785,0.0,96.66563981042653,0.0,52.164833759590785
2022,MENEST,Brand,Hormones & Synthetic Subst,"Estrogens & Comb, NEC",70,4565,10772.14,4704.39,6067.75,153.88771428571428,2.3597239868565167,86.68214285714286,67.20557142857143,1.3291894852135815,1.0305345016429355
2022,MENOPUR,Brand,Hormones & Synthetic Subst,"Gonadotropins, NEC",2098,21393,8776950.499999998,8445366.09,331584.41,4183.484509056243,410.27207497779636,158.04785986653954,4025.4366491897044,15.499668583181414,394.7724063946151
2022,MENOSTAR (ONCE-WEEKLY),Brand,Hormones & Synthetic Subst,"Estrogens & Comb, NEC",24,1350,5802.05,3172.27,2629.7799999999997,241.75208333333333,4.2978148148148145,109.57416666666666,132.17791666666668,1.947985185185185,2.3498296296296295
2022,MENQUADFI,Brand,"Serums, Toxoids, Vaccines","Vaccines, NEC",53,53,4653.65,4653.65,0.0,87.80471698113207,87.80471698113207,0.0,87.80471698113207,0.0,87.80471698113207
2022,MENVEO,Brand,"Serums, Toxoids, Vaccines","Vaccines, NEC",268,508,26139.070000000007,26139.070000000007,0.0,97.53384328358212,51.45486220472442,0.0,97.53384328358212,0.0,51.45486220472442
2022,MEPERIDINE HCL,Generic,Central Nervous System,"Analg/Antipyr, Opiate Agonists",31,207,5325.709999999999,5009.48,316.23,171.79709677419353,25.728067632850237,10.200967741935484,161.59612903225806,1.52768115942029,24.20038647342995
2022,MEPROBAMATE,Generic,Central Nervous System,Anxiolytic/Sedative/Hypnot NEC,14,364,12959.7,12789.7,170.0,925.6928571428572,35.60357142857143,12.142857142857142,913.5500000000001,0.46703296703296704,35.136538461538464
2022,MERCAPTOPURINE,Generic,Antineoplastic Agents,Chemotherapy,1623,89739,198752.69000000003,191692.88,7059.8099999999995,122.46006777572399,2.214786101917784,4.34985212569316,118.11021565003081,0.0786704777187176,2.1361156241990664
2022,MERZEE,Generic,Hormones & Synthetic Subst,"Contraceptive, Oral Comb, NEC",26,2162,6214.910000000001,6214.910000000001,0.0,239.03500000000003,2.874611470860315,0.0,239.03500000000003,0.0,2.874611470860315
2022,MESALAMINE,Generic,Gastrointestinal Drugs,"Gastrointestinal Drug Misc,NEC",12893,700642,10735462.120000001,9781534.200000001,953927.9200000002,832.6581959202668,15.322321699241554,73.98804932909331,758.6701465911736,1.3615054764059251,13.96081622283563
2022,MESNEX,Brand,Misc Therapeutic Agents,Antineoplastic Adjunct Agents,53,1209,58534.54,58444.54,90.0,1104.425283018868,48.41566583953681,1.6981132075471699,1102.7271698113207,0.07444168734491315,48.34122415219189
2022,METAXALONE,Generic,Autonomic Drugs,"Muscle Relax, Skeletal Central",1000,23789,82498.9,55201.36000000001,27297.54,82.49889999999999,3.4679431670099623,27.29754,55.20136000000001,1.1474858127706082,2.3204573542393545
2022,METFORMIN HCL,Generic,Hormones & Synthetic Subst,"Antidiabetic Agents, Misc",179930,12080427,1968808.1800000002,588956.2899999999,1379851.8900000001,10.942078474962486,0.16297504881243025,7.668826154615685,3.273252320346801,0.11422211234751885,0.04875293646491138
2022,METFORMIN HYDROCHLORIDE,Generic,Hormones & Synthetic Subst,"Antidiabetic Agents, Misc",98,4437,58606.4,55193.53,3412.87,598.0244897959184,13.208564345278342,34.82520408163265,563.1992857142857,0.7691841334234844,12.439380211854857
2022,METHADONE HCL,Brand,Central Nervous System,"Analg/Antipyr, Opiate Agonists",26,645,846.74,343.99,502.75,32.566923076923075,1.3127751937984495,19.33653846153846,13.230384615384615,0.7794573643410853,0.5333178294573644
2022,METHADONE HCL,Generic,Central Nervous System,"Analg/Antipyr, Opiate Agonists",1601,42107,24452.950000000004,9321.039999999999,15131.910000000002,15.273547782635855,0.5807336072387015,9.451536539662712,5.822011242973141,0.3593680385684091,0.22136556867029233
2022,METHAMPHETAMINE HCL,Generic,Central Nervous System,"Stimulant, Amphetamine Type",15,404,10227.83,9189.8,1038.03,681.8553333333333,25.31641089108911,69.202,612.6533333333333,2.569381188118812,22.747029702970295
2022,METHAZOLAMIDE,Generic,"Electrolytic, Caloric, Water","Diuretic, Carb Anhydrase Inhib",143,6322,64236.19,60136.68000000001,4099.51,449.2041258741259,10.160738690287884,28.6679020979021,420.53622377622384,0.6484514394179057,9.51228725086998
2022,METHENAMINE HIPPURATE,Generic,Anti-Infective Agents,"Urinary Anti-Infectives, NEC",1548,62281,125517.23999999996,82055.71,43461.53,81.083488372093,2.0153375828904476,28.07592377260982,53.00756459948321,0.6978296751818371,1.3175079077086111
2022,METHENAMINE MANDELATE,Generic,Anti-Infective Agents,"Urinary Anti-Infectives, NEC",57,2715,5839.570000000001,3783.9500000000003,2055.62,102.44859649122809,2.1508545119705342,36.063508771929826,66.38508771929826,0.757134438305709,1.3937200736648252
2022,METHIMAZOLE,Generic,Hormones & Synthetic Subst,"Thy/Antithy, Antithyroid Agent",6812,425552,110353.80999999998,23475.83,86877.98000000001,16.199913388138576,0.2593192136331165,12.75366705813271,3.4462463300058723,0.20415361694928003,0.055165596683836526
2022,METHOCARBAMOL,Generic,Autonomic Drugs,"Muscle Relax, Skeletal Central",11417,207186,55502.61000000001,8747.150000000001,46755.46,4.861400543049839,0.2678878399119632,4.095249189804677,0.7661513532451608,0.2256690123850067,0.042218827526956465
2022,METHOTREXATE,Generic,Antineoplastic Agents,Chemotherapy,5175,241736,169799.50999999998,149818.49999999997,19981.010000000002,32.811499516908206,0.7024171410133367,3.8610647342995175,28.95043478260869,0.08265632756395408,0.6197608134493827
2022,METHOTREXATE SODIUM,Generic,Antineoplastic Agents,Chemotherapy,10804,534767,427025.43000000005,384611.5,42413.93,39.52475286930767,0.7985261431614143,3.9257617549055905,35.598991114402075,0.07931291571843438,0.7192132274429799
2022,METHSCOPOLAMINE BROMIDE,Generic,Autonomic Drugs,Antichol/Antimuscarin/Antispas,52,1815,6097.7699999999995,4140.540000000001,1957.23,117.26480769230768,3.359652892561983,37.63903846153846,79.62576923076925,1.0783636363636364,2.2812892561983475
2022,METHYLCOBALAMIN,Brand,Pharmaceutical Aids/Adjuvants,"Pharmaceutical Aids/Adjuv, NEC",18,604,2298.8,723.5500000000001,1575.2500000000002,127.71111111111112,3.8059602649006625,87.5138888888889,40.19722222222222,2.608029801324504,1.197930463576159
2022,METHYLERGONOVINE MALEATE,Generic,Oxytocics,"Oxytocics, NEC",93,297,14214.569999999998,11590.430000000002,2624.14,152.8448387096774,47.86050505050504,28.216559139784945,124.6282795698925,8.835488215488216,39.02501683501684
2022,METHYLPHENIDATE,Generic,Central Nervous System,"Stimulant, Amphetamine Type",163,5160,69333.29000000001,63826.439999999995,5506.849999999999,425.35760736196323,13.436684108527134,33.78435582822085,391.5732515337423,1.067218992248062,12.369465116279068
2022,METHYLPHENIDATE HCL,Brand,Central Nervous System,"Stimulant, Amphetamine Type",246,7569,50450.42,35583.49,14866.93,205.08300813008128,6.665400977672083,60.43467479674797,144.6483333333333,1.9641868146386576,4.701214163033425
2022,METHYLPHENIDATE HCL,Generic,Central Nervous System,"Stimulant, Amphetamine Type",103852,3195168,5734322.749999999,3152393.8699999996,2581928.88,55.21629578631128,1.7946858349858283,24.861619227362013,30.354676558949272,0.8080729651774179,0.9866128698084106
2022,METHYLPHENIDATE HCL CD,Generic,Central Nervous System,"Stimulant, Amphetamine Type",6089,188659,431287.96,232761.07,198526.89,70.83067170307112,2.2860714834701765,32.60418623747742,38.2264854655937,1.0523054293725718,1.2337660540976048
2022,METHYLPHENIDATE HCL LA,Generic,Central Nervous System,"Stimulant, Amphetamine Type",3104,97996,314818.83,207300.73000000004,107518.1,101.42359213917527,3.212568166047594,34.6385631443299,66.78502899484538,1.0971682517653782,2.115399914282216
2022,METHYLPREDNISOLONE,Generic,Hormones & Synthetic Subst,"Adrenals & Comb, NEC",30879,314667,290671.42,41632.770000000004,249038.65000000002,9.413239418374946,0.9237429409502743,8.064984293532822,1.348255124842126,0.7914355493267486,0.13230739162352584
2022,METOCLOPRAMIDE,Generic,Gastrointestinal Drugs,"Antiemetics, NEC",5346,104584,22412.86,3753.58,18659.280000000002,4.19245417134306,0.21430486498890844,3.490325476992144,0.7021286943509165,0.17841428899258016,0.03589057599632831
2022,METOCLOPRAMIDE HCL,Brand,Gastrointestinal Drugs,"Antiemetics, NEC",13,103,3390.91,2996.3599999999997,394.55,260.83923076923077,32.92145631067961,30.35,230.48923076923074,3.8305825242718448,29.090873786407762
2022,METOLAZONE,Generic,"Electrolytic, Caloric, Water","Diuretics, Thiazides & Related",267,13478,11755.609999999999,6479.47,5276.14,44.02850187265917,0.8722073007864667,19.760823970037453,24.267677902621724,0.3914631250927438,0.48074417569372313
2022,METOPROLOL SUCCINATE,Generic,Cardiovascular Agents,"Cardiac, Beta Blockers",122409,8428431,2947493.2299999995,755532.02,2191961.21,24.079056523621624,0.34970841310796746,17.906863139148264,6.172193384473364,0.26006752739626154,0.08964088571170602
2022,METOPROLOL TARTRATE,Generic,Cardiovascular Agents,"Cardiac, Beta Blockers",25710,1672553,163891.31,20051.690000000002,143839.61999999997,6.374613380007779,0.09798870947587311,5.594695449241539,0.7799179307662389,0.08600003706907941,0.011988672406793688
2022,METOPROLOL TARTRATE/HYDROCHLOROTHIAZIDE,Generic,Cardiovascular Agents,"Cardiac, Beta Blockers",238,15471,16095.949999999999,7536.550000000001,8559.4,67.63004201680671,1.0403949324542692,35.963865546218486,31.66617647058824,0.5532544761166053,0.48714045633766406
2022,METRONIDAZOLE,Generic,Anti-Infective Agents,"Anti-Infectives, Misc",20790,227943,124354.88,22851.710000000003,101503.17000000001,5.98147570947571,0.545552528482998,4.88230735930736,1.0991683501683502,0.44530066727208123,0.10025186121091678
2022,METRONIDAZOLE,Generic,Skin & Mucous Membrane,"Antiinf S/MM, Antiinf Loc Misc",20544,430725,1401155.68,819401.15,581754.53,68.20267133956386,3.253016843693772,28.317490751557635,39.88518058800623,1.350640269313367,1.902376574380405
2022,MEXILETINE HCL,Generic,Cardiovascular Agents,"Cardiac, Antiarrhythmic Agents",413,24680,54314.48999999999,36472.09,17842.399999999998,131.51208232445518,2.200749189627228,43.201937046004836,88.31014527845035,0.7229497568881684,1.4777994327390598
2022,MIBELAS 24 FE,Generic,Hormones & Synthetic Subst,"Contraceptive, Oral Comb, NEC",241,19933,34092.59,34092.59,0.0,141.46302904564314,1.7103592033311592,0.0,141.46302904564314,0.0,1.7103592033311592
2022,MICONAZOLE 7,Generic,Skin & Mucous Membrane,"Antiinf S/MM,Antifungal & Comb",73,667,336.94,6.87,330.07,4.615616438356164,0.5051574212893554,4.5215068493150685,0.0941095890410959,0.4948575712143928,0.010299850074962518
2022,MICONAZOLE NITRATE,Generic,Skin & Mucous Membrane,"Antiinf S/MM,Antifungal & Comb",83,1582,255.94,5.46,250.48000000000002,3.083614457831325,0.16178255372945638,3.0178313253012052,0.06578313253012048,0.15833122629582808,0.0034513274336283187
2022,MICROCHAMBER,Brand,Devices & Non-Drug Items,"Devices & Non-Drug Items, NEC",22,312,160.4,55.49,104.91,7.290909090909091,0.5141025641025642,4.768636363636364,2.5222727272727274,0.33625,0.17785256410256411
2022,MICROGESTIN 1.5/30,Generic,Hormones & Synthetic Subst,"Contraceptive, Oral Comb, NEC",280,15614,10580.019999999999,10580.019999999999,0.0,37.78578571428571,0.6775983092096836,0.0,37.78578571428571,0.0,0.6775983092096836
2022,MICROGESTIN 1/20,Generic,Hormones & Synthetic Subst,"Contraceptive, Oral Comb, NEC",335,17222,8897.74,8897.74,0.0,26.56041791044776,0.5166496341888283,0.0,26.56041791044776,0.0,0.5166496341888283
2022,MICROGESTIN 24 FE,Generic,Hormones & Synthetic Subst,"Contraceptive, Oral Comb, NEC",13,1036,989.66,694.02,295.64,76.1276923076923,0.9552702702702702,22.74153846153846,53.386153846153846,0.2853667953667954,0.6699034749034749
2022,MICROGESTIN FE 1.5/30,Generic,Hormones & Synthetic Subst,"Contraceptive, Oral Comb, NEC",323,22801,9414.51,9414.51,0.0,29.147089783281736,0.4128989956580852,0.0,29.147089783281736,0.0,0.4128989956580852
2022,MICROGESTIN FE 1/20,Generic,Hormones & Synthetic Subst,"Contraceptive, Oral Comb, NEC",353,23694,9611.23,9611.23,0.0,27.22728045325779,0.40563982442812524,0.0,27.22728045325779,0.0,0.40563982442812524
2022,MICROLET,Brand,Diagnostic Agents,Diabetes Mell/Diab Supply NEC,54,2745,619.1099999999999,138.53,480.58000000000004,11.464999999999998,0.22554098360655733,8.899629629629631,2.5653703703703705,0.1750746812386157,0.05046630236794171
2022,MICRONIZED COLESTIPOL HYDROCHLORIDE,Generic,Cardiovascular Agents,"Antihyperlipidemic Drugs, NEC",395,18612,37886.590000000004,27194.770000000004,10691.82,95.91541772151899,2.035600150440576,27.067898734177213,68.84751898734179,0.574458413926499,1.461141736514077
2022,MIDODRINE HCL,Generic,Autonomic Drugs,"Sympathomimetic Agents, NEC",1603,67450,111745.27,67403.93000000002,44341.340000000004,69.71008733624454,1.656712676056338,27.661472239550843,42.048615096693716,0.657395700518903,0.9993169755374355
2022,MIGLUSTAT,Generic,Misc Therapeutic Agents,Enzyme Inhibitors,22,608,438759.9,434137.32999999996,4622.57,19943.63181818182,721.6445723684211,210.11681818181816,19733.515,7.602911184210526,714.0416611842105
2022,MILI,Generic,Hormones & Synthetic Subst,"Contraceptive, Oral Comb, NEC",1766,117822,49654.19999999999,49654.19999999999,0.0,28.1167610419026,0.4214340276009573,0.0,28.1167610419026,0.0,0.4214340276009573
2022,MILK OF MAGNESIA,Generic,Gastrointestinal Drugs,"Cath&Lax, Laxatives, Saline",67,1490,186.06,88.46999999999998,97.59,2.7770149253731344,0.12487248322147651,1.4565671641791045,1.3204477611940295,0.06549664429530201,0.059375838926174485
2022,MIMVEY,Generic,Hormones & Synthetic Subst,"Estrogens & Comb, NEC",365,21148,38697.53,21001.399999999998,17696.13,106.0206301369863,1.8298434840174012,48.48254794520548,57.538082191780816,0.8367755816152829,0.9930679024021183
2022,MINASTRIN 24 FE,Brand,Hormones & Synthetic Subst,"Contraceptive, Oral Comb, NEC",28,1804,8391.59,7317.32,1074.27,299.69964285714286,4.6516574279379155,38.36678571428571,261.3328571428571,0.5954933481152993,4.056164079822616
2022,MINIMED QUICK SET INFUSION SET,Brand,Devices & Non-Drug Items,"Devices & Non-Drug Items, NEC",21,1890,5451.15,3889.88,1561.27,259.5785714285714,2.884206349206349,74.34619047619047,185.23238095238096,0.8260687830687831,2.058137566137566
2022,MINIMED SILHOUETTE INFUSION SET,Brand,Devices & Non-Drug Items,"Devices & Non-Drug Items, NEC",17,1480,4840.98,3597.17,1243.8100000000002,284.7635294117647,3.2709324324324323,73.16529411764706,211.59823529411764,0.8404121621621623,2.43052027027027
2022,MINIVELLE (TWICE-WEEKLY),Brand,Hormones & Synthetic Subst,"Estrogens & Comb, NEC",93,4840,21291.81,13419.07,7872.740000000002,228.94419354838712,4.3991342975206615,84.65311827956991,144.2910752688172,1.6265991735537193,2.772535123966942
2022,MINIVELLE (TWICE-WEEKLY),Generic,Hormones & Synthetic Subst,"Estrogens & Comb, NEC",17,532,4212.94,3072.94,1140.0,247.81999999999996,7.919060150375939,67.05882352941177,180.76117647058823,2.142857142857143,5.776203007518797
2022,MINOCYCLINE HCL,Generic,Anti-Infective Agents,"Antibiot, Tetracyclines",10854,367092,326473.88,139704.72,186769.16,30.078669614888522,0.8893516611639589,17.207403722130092,12.87126589275843,0.5087802512721606,0.3805714098917982
2022,MINOXIDIL,Generic,Cardiovascular Agents,"Hypotensive Agents, NEC",3510,224081,41266.78999999999,4303.150000000001,36963.64000000001,11.756920227920226,0.1841601474466822,10.530951566951568,1.225968660968661,0.16495660051499236,0.019203546931689883
2022,MIRENA,Brand,Contraceptive Cream/Foam/Devic,Contraceptive Cream/Foam/Devic,138,25020,142847.88,142672.88,175.0,1035.1295652173912,5.709347721822542,1.2681159420289856,1033.8614492753622,0.0069944044764188645,5.702353317346123
2022,MIRTAZAPINE,Generic,Central Nervous System,"Psychother, Antidepressants",22385,1064104,503567.18,210023.40000000002,293543.78,22.495741791378155,0.47323116913384405,13.113414339959796,9.382327451418362,0.2758600475141528,0.19737112161969134
2022,MIRVASO,Brand,"Eye, Ear, Nose Throat","Eye/Ear/Nose/Throat Misc, NEC",20,598,11727.66,9780.869999999999,1946.79,586.383,19.611471571906353,97.3395,489.04349999999994,3.255501672240803,16.35596989966555
2022,MISOPROSTOL,Generic,Gastrointestinal Drugs,"Gastrointestinal Drug Misc,NEC",3342,14815,22403.03,9144.539999999999,13258.49,6.703479952124476,1.5121856226797163,3.967232196289647,2.736247755834829,0.8949368882888964,0.6172487343908201
2022,Missing,Brand,Missing,Missing,20,541,1376.71,444.54999999999995,932.16,68.8355,2.544750462107209,46.608,22.2275,1.7230314232902033,0.8217190388170055
2022,Missing,Generic,Missing,Missing,13,990,37.54,25.09,12.45,2.8876923076923076,0.037919191919191915,0.9576923076923076,1.93,0.012575757575757575,0.025343434343434345
2022,MITIGARE,Brand,Misc Therapeutic Agents,"Antigout Agents, NEC",169,6626,21820.620000000003,10472.2,11348.42,129.11609467455622,3.293181406580139,67.15041420118344,61.965680473372785,1.7127105342589797,1.5804708723211591
2022,MIXED AMPHETAMINE SALT,Generic,Central Nervous System,"Stimulant, Amphetamine Type",45522,1383595,2201949.3799999994,875789.3900000001,1326159.9900000002,48.37110364219497,1.5914695991240206,29.13228746540135,19.23881617679364,0.9584885678251224,0.6329810312988989
2022,MIXED AMPHETAMINE SALTS,Generic,Central Nervous System,"Stimulant, Amphetamine Type",75319,2285809,3415926.84,1259355.1400000001,2156571.6999999997,45.35279066371035,1.4944060680485551,28.63250574224299,16.72028492146736,0.9434610240838144,0.5509450439647408
2022,MODAFINIL,Generic,Central Nervous System,"Stimulant, Amphetamine Type",5578,202631,426484.05000000005,251389.13999999998,175094.91,76.45823771961277,2.1047324940408925,31.39026712083184,45.067970598780924,0.8641072195271208,1.2406252745137714
2022,MODERNA COVID-19 VACCINE,Brand,"Serums, Toxoids, Vaccines","Vaccines, NEC",111197,160034,5058664.319999999,5058153.499999999,510.82,45.492812935600774,31.60993488883612,0.00459382897020603,45.48821910663057,0.0031919467113238438,31.606742942124793
2022,MODERNA COVID-19 VACCINE BIVALENT BOOSTER 6MO<6YRS,Brand,"Serums, Toxoids, Vaccines","Vaccines, NEC",106,93,4209.69,4209.69,0.0,39.71405660377358,45.265483870967735,0.0,39.71405660377358,0.0,45.265483870967735
2022,MODERNA COVID-19 VACCINE BOOSTER DOSE,Brand,"Serums, Toxoids, Vaccines","Vaccines, NEC",51,98,1936.32,1935.72,0.6,37.96705882352941,19.758367346938776,0.011764705882352941,37.95529411764706,0.006122448979591836,19.752244897959184
2022,MODERNA COVID-19 VACCINE-AGES 6MO THROUGH 5YRS,Brand,"Serums, Toxoids, Vaccines","Vaccines, NEC",1069,1244,48094.65,48094.65,0.0,44.99031805425631,38.66129421221865,0.0,44.99031805425631,0.0,38.66129421221865
2022,"MODERNA COVID-19 VACCINE, BIVALENT AGE 6YR & OLDER",Brand,"Serums, Toxoids, Vaccines","Vaccines, NEC",109703,153127,4962377.91,4962193.430000001,184.48000000000002,45.23466003664439,32.40694266850392,0.001681631313637731,45.23297840533076,0.0012047516114075247,32.40573791689252
2022,MOEXIPRIL HYDROCHLORIDE,Generic,Cardiovascular Agents,"Cardiac, ACE Inhibitors",348,25418,27832.309999999998,13216.339999999997,14615.970000000001,79.97790229885057,1.094984263120623,41.99991379310345,37.97798850574711,0.5750243921630341,0.519959870957589
2022,MOMETASONE FUROATE,Brand,Pharmaceutical Aids/Adjuvants,"Pharmaceutical Aids/Adjuv, NEC",99,2955,7797.76,1788.35,6009.41,78.76525252525252,2.6388358714043996,60.70111111111111,18.064141414141414,2.0336412859560067,0.6051945854483926
2022,MOMETASONE FUROATE,Generic,"Eye, Ear, Nose Throat","Antiinflam Agents EENT, NEC",999,49192,129656.21999999999,91175.26,38480.96,129.786006006006,2.635717596357131,38.51947947947948,91.26652652652652,0.7822605301675069,1.8534570661896241
2022,MOMETASONE FUROATE,Generic,Skin & Mucous Membrane,Antiinflam S/MM Agnts&Comb NEC,7132,184016,117973.20000000001,27940.879999999997,90032.32,16.54139091418957,0.6411029475697766,12.623712843522155,3.917678070667414,0.48926354230066954,0.15183940526910703
2022,MONO-LINYAH,Generic,Hormones & Synthetic Subst,"Contraceptive, Oral Comb, NEC",465,28609,11548.67,11490.900000000001,57.77,24.83584946236559,0.4036726205040372,0.12423655913978496,24.71161290322581,0.0020192946275647524,0.4016533258764725
2022,MONOJECT,Brand,Diagnostic Agents,Diabetes Mell/Diab Supply NEC,31,1477,185.26,50.7,134.56,5.976129032258064,0.12542992552471224,4.340645161290323,1.635483870967742,0.0911035883547732,0.03432633716993907
2022,MONTELUKAST SODIUM,Generic,Respiratory Tract Agents,Leukotriene Modifiers,54180,3450096,741032.4300000002,120082.34,620950.0900000001,13.677232004429682,0.21478603204084762,11.460872831303066,2.216359173126615,0.17998052517958923,0.03480550686125835
2022,MORPHINE SULFATE,Brand,Central Nervous System,"Analg/Antipyr, Opiate Agonists",696,11027,31138.9,26126.670000000002,5012.2300000000005,44.739798850574715,2.8238777546023397,7.201479885057472,37.53831896551724,0.45454157975877396,2.369336174843566
2022,MORPHINE SULFATE,Generic,Central Nervous System,"Analg/Antipyr, Opiate Agonists",4323,105250,134903.83000000002,80159.7,54744.130000000005,31.20606754568587,1.281746603325416,12.663458246588018,18.542609299097847,0.5201342517814728,0.7616123515439429
2022,MOTEGRITY,Brand,Gastrointestinal Drugs,"Gastrointestinal Drug Misc,NEC",1453,55242,619832.9700000001,451793.51,168039.46,426.58841706813496,11.220320951449985,115.65000688231245,310.9384101858224,3.0418786430614384,8.178442308388545
2022,MOUNJARO,Brand,Hormones & Synthetic Subst,"Antidiabetic Agents, Misc",2245,73665,1387496.5600000003,1180052.8199999998,207443.74,618.0385567928731,18.835221068349966,92.40255679287304,525.636,2.8160420824000543,16.019178985949907
2022,MOVANTIK,Brand,Gastrointestinal Drugs,Per-Act Mu Op Rcp Ant (PAMORA),232,7452,81043.90000000001,69285.29,11758.61,349.3271551724138,10.875456253354805,50.68366379310345,298.6434913793103,1.5779133118625872,9.297542941492216
2022,MOXIFLOXACIN HCL,Generic,Anti-Infective Agents,"Quinolones, NEC",462,5749,22095.460000000003,11018.9,11076.560000000001,47.825670995671004,3.8433571055835802,23.975238095238097,23.8504329004329,1.9266933379718214,1.9166637676117586
2022,MOXIFLOXACIN HCL,Generic,"Eye, Ear, Nose Throat","Antiinfect, Antibiotics EENT",3327,48429,75941.32,20276.29,55665.029999999984,22.825764953411483,1.5680959755518389,16.731298467087463,6.094466486324016,1.1494152264139252,0.41868074913791326
2022,MULTAQ,Brand,Cardiovascular Agents,"Cardiac, Antiarrhythmic Agents",346,17990,295641.85,239289.69999999995,56352.15,854.4562138728323,16.433677042801556,162.86748554913297,691.5887283236993,3.1324152306837134,13.30126181211784
2022,MULTIVITAMIN AND FLUORIDE,Brand,Vitamins & Comb,"Multivit Prep,Multivit Fluorid",42,2130,287.4,261.06,26.339999999999996,6.8428571428571425,0.13492957746478873,0.627142857142857,6.215714285714286,0.012366197183098589,0.12256338028169014
2022,MULTIVITAMIN AND FLUORIDE,Generic,Vitamins & Comb,"Multivit Prep,Multivit Fluorid",17,690,74.91,18.45,56.46,4.406470588235294,0.10856521739130434,3.3211764705882354,1.0852941176470587,0.08182608695652174,0.02673913043478261
2022,MULTIVITAMIN DROPS WITH FLUORIDE,Generic,Vitamins & Comb,"Multivit Prep,Multivit Fluorid",393,18460,6472.039999999999,5473.84,998.1999999999999,16.468295165394398,0.3505980498374864,2.539949109414758,13.928346055979643,0.05407367280606717,0.2965243770314193
2022,MULTIVITAMIN DROPS WITH FLUORIDE & IRON,Generic,Vitamins & Comb,"Multivit Prep, NEC",19,870,294.15000000000003,81.84,212.31,15.481578947368423,0.3381034482758621,11.17421052631579,4.307368421052632,0.2440344827586207,0.09406896551724138
2022,MULTIVITAMIN WITH FLUORIDE,Brand,Vitamins & Comb,"Multivit Prep,Multivit Fluorid",1253,71251,9685.919999999998,9056.22,629.7,7.730183559457301,0.135940828900647,0.5025538707102953,7.227629688747006,0.008837770697955117,0.12710305820269188
2022,MULTIVITAMIN WITH FLUORIDE,Generic,Vitamins & Comb,"Multivit Prep,Multivit Fluorid",791,47865,6839.54,3232.65,3606.89,8.64670037926675,0.1428923012639716,4.559911504424779,4.0867888748419725,0.07535547895121696,0.06753682231275462
2022,MULTIVITAMIN WITH MINERALS,Generic,Vitamins & Comb,"Multivit Prep,Multivit Mineral",12,360,26.349999999999998,0.0,26.349999999999998,2.1958333333333333,0.07319444444444444,2.1958333333333333,0.0,0.07319444444444444,0.0
2022,MUPIROCIN,Generic,Skin & Mucous Membrane,"Antiinf S/MM,Antibiotic & Comb",29061,416497,290726.6,79529.55,211197.05000000002,10.004012250094627,0.6980280770329678,7.267370358900245,2.736641891194384,0.5070794027327928,0.19094867430017504
2022,"MUPIROCIN, USP",Brand,Pharmaceutical Aids/Adjuvants,"Pharmaceutical Aids/Adjuv, NEC",21,387,1394.43,394.34000000000003,1000.0899999999999,66.40142857142857,3.6031782945736435,47.62333333333333,18.77809523809524,2.5842118863049093,1.018966408268734
2022,MUSE,Brand,Cardiovascular Agents,"Vasodilating Agents, NEC",11,250,4569.26,3700.6099999999997,868.65,415.3872727272728,18.27704,78.96818181818182,336.41909090909087,3.4745999999999997,14.802439999999999
2022,MY CHOICE,Generic,Hormones & Synthetic Subst,"Contraceptive, Oral Comb, NEC",78,141,1011.94,1011.94,0.0,12.973589743589745,7.176879432624114,0.0,12.973589743589745,0.0,7.176879432624114
2022,MY WAY,Generic,Hormones & Synthetic Subst,"Contraceptive, Oral Comb, NEC",127,152,1896.24,1896.24,0.0,14.931023622047244,12.475263157894737,0.0,14.931023622047244,0.0,12.475263157894737
2022,MYALEPT,Brand,Hormones & Synthetic Subst,Leptin Analog,12,360,716592.96,714912.96,1680.0,59716.079999999994,1990.5359999999998,140.0,59576.079999999994,4.666666666666667,1985.8693333333333
2022,MYCAPSSA,Brand,Hormones & Synthetic Subst,"Pituitary Hormones, NEC",25,700,261260.81,257010.81,4250.0,10450.4324,373.22972857142855,170.0,10280.4324,6.071428571428571,367.1583
2022,MYCOPHENOLATE MOFETIL,Generic,Immunosuppressants,"Immunosuppressants, NEC",4953,256706,682819.84,505300.82,177519.01999999996,137.85985059559863,2.6599294134145675,35.84070664243892,102.0191439531597,0.691526571252717,1.9684028421618505
2022,MYCOPHENOLIC ACID,Generic,Immunosuppressants,"Immunosuppressants, NEC",1556,79514,931519.3700000001,856062.65,75456.72,598.6628341902315,11.715161732525091,48.494035989717226,550.1687982005142,0.9489740171542118,10.766187715370878
2022,MYDAYIS,Brand,Central Nervous System,"Stimulant, Amphetamine Type",763,23031,179475.75,125207.12000000001,54268.630000000005,235.2237876802097,7.792790152403282,71.12533420707733,164.0984534731324,2.3563297294950285,5.4364604229082545
2022,MYFEMBREE,Brand,Hormones & Synthetic Subst,"Estrogens & Comb, NEC",16,622,16231.01,15063.58,1167.43,1014.438125,26.094871382636658,72.964375,941.47375,1.876897106109325,24.217974276527332
2022,MYFORTIC,Brand,Immunosuppressants,"Immunosuppressants, NEC",14,480,10868.439999999999,8948.439999999999,1920.0,776.3171428571428,22.64258333333333,137.14285714285714,639.1742857142856,4.0,18.64258333333333
2022,MYORISAN,Generic,Vitamins & Comb,"Vitamin A & Derivatives, NEC",264,7894,56395.840000000004,44518.39000000001,11877.45,213.62060606060606,7.144139853052952,44.99034090909091,168.63026515151518,1.5046174309602232,5.639522422092729
2022,MYRBETRIQ,Brand,Smooth Muscle Relaxants,"Muscle Rel,Smooth-Genitour NEC",3931,170202,1729818.22,1433728.96,296089.26,440.0453370643602,10.163324872798205,75.3216128211651,364.7237242431951,1.7396344343779744,8.42369043842023
2022,MYRBETRIQ GRANULES,Brand,Smooth Muscle Relaxants,"Muscle Rel,Smooth-Genitour NEC",13,446,2246.93,2046.9299999999998,200.0,172.8407692307692,5.037959641255605,15.384615384615385,157.45615384615382,0.4484304932735426,4.589529147982063
2022,MYSOLINE,Brand,Central Nervous System,"Anticonvulsants, Misc",12,360,83190.06,81690.06,1500.0,6932.505,231.0835,125.0,6807.505,4.166666666666667,226.91683333333333
2022,MYTESI,Brand,Gastrointestinal Drugs,"Antidiarrhea Agents, NEC",21,1050,47758.1,44083.1,3675.0,2274.195238095238,45.48390476190476,175.0,2099.195238095238,3.5,41.98390476190476
2022,NABUMETONE,Generic,Central Nervous System,"Analg/Antipyr,Nonstr/Antiinflm",3301,104109,57836.189999999995,14837.310000000003,42998.88000000001,17.5208088458043,0.5555349681583724,13.026016358679191,4.494792487125115,0.4130178947065096,0.14251707345186299
2022,NADOLOL,Generic,Cardiovascular Agents,"Cardiac, Beta Blockers",3471,228820,299181.55999999994,156292.44,142889.12,86.19462978968595,1.3074974215540598,41.16655718813022,45.02807260155575,0.6244607988812166,0.6830366226728433
2022,NAFTIFINE HCL,Brand,Skin & Mucous Membrane,"Antiinf S/MM,Antifungal & Comb",17,497,5163.24,3355.29,1807.9499999999998,303.71999999999997,10.38881287726358,106.35,197.37,3.637726358148893,6.751086519114688
2022,NAFTIFINE HCL,Generic,Skin & Mucous Membrane,"Antiinf S/MM,Antifungal & Comb",149,4411,33472.23,26693.12,6779.110000000001,224.64583892617452,7.588354114713217,45.49738255033557,179.14845637583892,1.5368646565404671,6.05148945817275
2022,NAFTIN,Brand,Skin & Mucous Membrane,"Antiinf S/MM,Antifungal & Comb",300,8939,110488.01999999997,77257.7,33230.32,368.2933999999999,12.360221501286494,110.76773333333334,257.52566666666667,3.7174538538986464,8.642767647387851
2022,NALBUPHINE HCL,Generic,Central Nervous System,"Analg/Antipyr,OpiatePart Agnst",11,153,2625.13,2240.13,385.0,238.64818181818183,17.157712418300655,35.0,203.64818181818183,2.5163398692810457,14.641372549019609
2022,NALOXONE HCL,Generic,Central Nervous System,"Opiate Antagonists, NEC",17,184,823.6899999999999,823.6899999999999,0.0,48.452352941176464,4.476576086956522,0.0,48.452352941176464,0.0,4.476576086956522
2022,NALOXONE HCL,Generic,"Eye, Ear, Nose Throat","Eye/Ear/Nose/Throat Misc, NEC",2207,13932,171712.68000000002,164867.85,6844.83,77.80366107838697,12.325055986218779,3.1014182147711824,74.70224286361577,0.4913027562446167,11.83375322997416
2022,NALTREXONE,Brand,Pharmaceutical Aids/Adjuvants,"Pharmaceutical Aids/Adjuv, NEC",13,432,1003.75,354.95,648.8,77.21153846153847,2.3234953703703702,49.9076923076923,27.303846153846152,1.5018518518518518,0.8216435185185185
2022,NALTREXONE HCL,Brand,Pharmaceutical Aids/Adjuvants,"Pharmaceutical Aids/Adjuv, NEC",122,4133,7209.790000000001,2495.77,4714.02,59.0966393442623,1.7444447132833296,38.639508196721316,20.457131147540984,1.1405806919912898,0.6038640212920396
2022,NALTREXONE HCL,Generic,Central Nervous System,"Opiate Antagonists, NEC",11335,404820,380013.67999999993,170253.94,209759.74000000005,33.52568857520952,0.9387225927572747,18.505490957212178,15.020197617997354,0.5181555753174252,0.4205670174398498
2022,NAPROXEN,Generic,Central Nervous System,"Analg/Antipyr,Nonstr/Antiinflm",33870,827304,428788.9899999999,251213.72999999995,177575.25999999998,12.659846176557421,0.5182967687814877,5.24284794803661,7.416998228520813,0.21464329919835995,0.3036534695831278
2022,NAPROXEN DELAYED-RELEASE,Generic,Central Nervous System,"Analg/Antipyr,Nonstr/Antiinflm",133,4129,3939.99,1543.49,2396.5,29.623984962406013,0.9542237829983046,18.018796992481203,11.605187969924811,0.5804068781787358,0.3738169048195689
2022,NAPROXEN SODIUM,Generic,Central Nervous System,"Analg/Antipyr,Nonstr/Antiinflm",1245,25702,42723.01,18511.08,24211.930000000004,34.315670682730925,1.6622445724068167,19.447333333333336,14.868337349397592,0.9420251342307994,0.7202194381760175
2022,NARATRIPTAN,Generic,Autonomic Drugs,"Vascular 5HT1 Agonist, NEC",3175,73145,105927.06999999999,43708.26,62218.81,33.36285669291338,1.4481792330302823,19.59647559055118,13.766381102362205,0.8506228723767858,0.5975563606534965
2022,NARCAN,Brand,"Eye, Ear, Nose Throat","Eye/Ear/Nose/Throat Misc, NEC",251,1173,21870.51,21488.31,382.2,87.1335059760956,18.644936061381074,1.5227091633466134,85.61079681274902,0.3258312020460358,18.319104859335038
2022,NASACORT ALLERGY 24HR,Generic,Hormones & Synthetic Subst,"Adrenals & Comb, NEC",33,1030,618.13,301.17,316.96000000000004,18.73121212121212,0.6001262135922331,9.604848484848485,9.126363636363637,0.30772815533980585,0.2923980582524272
2022,NASAL ALLERGY,Generic,Hormones & Synthetic Subst,"Adrenals & Comb, NEC",167,5225,1709.67,60.02,1649.6499999999999,10.237544910179642,0.32720956937799045,9.87814371257485,0.35940119760479045,0.31572248803827746,0.011487081339712919
2022,NASCOBAL,Brand,Vitamins & Comb,"Vitamins Bs & B Complex, NEC",198,6458,137841.75,124783.97,13057.779999999999,696.1704545454545,21.34434035305048,65.94838383838383,630.2220707070707,2.021954165376277,19.3223861876742
2022,NATAZIA,Brand,Hormones & Synthetic Subst,"Estrogens & Comb, NEC",171,10374,73582.72,70321.17,3261.55,430.30830409356724,7.0929940235203395,19.0733918128655,411.23491228070174,0.31439656834393676,6.778597455176403
2022,NATEGLINIDE,Generic,Hormones & Synthetic Subst,"Antidiabetic Ag, Meglitinides",67,4191,12087.59,10219.230000000001,1868.36,180.41179104477612,2.8841780004772133,27.88597014925373,152.5258208955224,0.4458029109997614,2.438375089477452
2022,NATESTO,Brand,Hormones & Synthetic Subst,"Androgens & Comb, NEC",44,1350,27367.86,22427.57,4940.29,621.9968181818182,20.27248888888889,112.27931818181818,509.7175,3.659474074074074,16.613014814814814
2022,NATURE'S BLEND FOLIC ACID,Generic,Vitamins & Comb,"Folic Acid & Derivatives, NEC",48,2103,40.269999999999996,18.32,21.95,0.8389583333333333,0.019148834997622443,0.45729166666666665,0.38166666666666665,0.010437470280551593,0.008711364717070852
2022,NATURE'S BLEND SUPER STRENGTH VITAMIN D3,Generic,Vitamins & Comb,"Vitamin D, NEC",20,1620,65.06,0.0,65.06,3.253,0.0401604938271605,3.253,0.0,0.0401604938271605,0.0
2022,NATURE'S BLEND VITAMIN D3,Generic,Vitamins & Comb,"Vitamin D, NEC",32,2278,139.42,22.82,116.60000000000001,4.356875,0.06120280948200175,3.6437500000000003,0.713125,0.05118525021949079,0.010017559262510975
2022,NATURE'S BOUNTY VITAMIN D,Generic,"Electrolytic, Caloric, Water","Repl Preps, Calcium Supp",58,3795,138.49,21.23,117.25999999999999,2.3877586206896555,0.036492753623188406,2.0217241379310344,0.3660344827586207,0.03089855072463768,0.005594202898550725
2022,NAYZILAM,Brand,Central Nervous System,"ASH, Benzodiazepines",431,6244,244729.00999999995,210867.58000000002,33861.43000000001,567.816728538283,39.194268097373474,78.56480278422275,489.2519257540604,5.423034913516977,33.7712331838565
2022,NEBIVOLOL HYDROCHLORIDE,Generic,Cardiovascular Agents,"Cardiac, Beta Blockers",1195,75624,66000.24,20288.83,45711.41,55.23032635983264,0.8727419866708982,38.252225941422594,16.978100418410044,0.604456389505977,0.26828559716492123
2022,NEBUSAL,Generic,"Electrolytic, Caloric, Water","Repl Preps, Sodium Chlor Preps",22,765,632.9599999999999,305.84000000000003,327.12,28.770909090909086,0.8273986928104574,14.86909090909091,13.901818181818184,0.4276078431372549,0.39979084967320266
2022,NECON,Generic,Hormones & Synthetic Subst,"Contraceptive, Oral Comb, NEC",209,13860,10211.150000000001,10211.150000000001,0.0,48.85717703349283,0.7367352092352093,0.0,48.85717703349283,0.0,0.7367352092352093
2022,NEFAZODONE HCL,Brand,Central Nervous System,"Psychother, Antidepressants",58,3240,14540.909999999998,10560.359999999999,3980.55,250.70534482758617,4.487935185185185,68.6301724137931,182.07517241379307,1.228564814814815,3.25937037037037
2022,NEFAZODONE HCL,Generic,Central Nervous System,"Psychother, Antidepressants",23,1170,2969.67,1662.17,1307.5,129.11608695652174,2.5381794871794874,56.84782608695652,72.26826086956522,1.1175213675213675,1.4206581196581196
2022,NEOCATE INFANT DHA/ARA,Brand,"Electrolytic, Caloric, Water","Caloric Agents, Nutrition Prep",283,7375,55351.78,46806.34,8545.439999999999,195.58932862190812,7.505326101694915,30.195901060070668,165.39342756183746,1.158703728813559,6.346622372881355
2022,NEOCATE SYNEO INFANT,Brand,"Electrolytic, Caloric, Water","Caloric Agents, Nutrition Prep",66,1811,16470.57,14263.68,2206.8900000000003,249.55409090909092,9.094737713970183,33.43772727272728,216.11636363636364,1.2186029817780233,7.876134732192159
2022,NEOMYCIN SULFATE,Generic,Anti-Infective Agents,"Antibiot, Aminoglycosides",737,4038,8657.499999999998,2335.5400000000004,6321.96,11.746947082767976,2.1440069341258043,8.57796472184532,3.16898236092266,1.5656166419019317,0.5783902922238733
2022,NEOMYCIN-POLYMYXIN B SULFATES-BACITRACIN ZINC,Generic,"Eye, Ear, Nose Throat","Antiinfect, Antibiotics EENT",15,257,516.06,194.85,321.21000000000004,34.403999999999996,2.0080155642023345,21.414,12.99,1.2498443579766538,0.7581712062256809
2022,NEOMYCIN/POLYMYXIN B SULFATES/HYDROCORTISONE,Generic,"Eye, Ear, Nose Throat","Antiinfect, Antiinflam EENT",169,1972,11488.17,6591.080000000001,4897.09,67.9773372781065,5.825644016227181,28.976863905325445,39.00047337278107,2.483311359026369,3.342332657200812
2022,NEORAL,Brand,Immunosuppressants,"Immunosuppressants, NEC",91,3236,34858.66,28061.390000000003,6797.27,383.06219780219783,10.772144622991348,74.69527472527473,308.3669230769231,2.100516069221261,8.671628553770088
2022,NERLYNX,Brand,Antineoplastic Agents,Molecular Targeted Therapy,48,1414,879886.9299999999,879886.9299999999,0.0,18330.977708333332,622.2679844413012,0.0,18330.977708333332,0.0,622.2679844413012
2022,NEULASTA,Brand,Blood Form/Coagul Agents,"Hematopoietic Agents, NEC",188,3578,1487026.25,1465519.15,21507.1,7909.714095744681,415.60264114030184,114.39946808510638,7795.314627659574,6.010927892677473,409.59171324762434
2022,NEUPOGEN,Brand,Blood Form/Coagul Agents,"Hematopoietic Agents, NEC",47,945,188541.02999999997,177425.93,11115.099999999999,4011.511276595744,199.51431746031741,236.4914893617021,3775.0197872340423,11.76201058201058,187.75230687830688
2022,NEUPRO,Brand,Central Nervous System,"CNS Agents, Misc.",171,7014,140827.91,121323.92000000001,19503.99,823.5550292397661,20.078116623895067,114.05842105263159,709.4966081871346,2.7807228400342177,17.29739378386085
2022,NEURONTIN,Brand,Central Nervous System,"Anticonvulsants, Misc",102,4908,136249.56,118709.49999999999,17540.059999999998,1335.78,27.760709046454767,171.9613725490196,1163.8186274509803,3.573769356153219,24.186939690301546
2022,NEVIRAPINE,Generic,Anti-Infective Agents,"Antivirals, NEC",31,2490,3204.7799999999997,2183.6600000000003,1021.1199999999999,103.38,1.2870602409638554,32.939354838709676,70.44064516129033,0.41008835341365457,0.876971887550201
2022,NEW DAY,Generic,Hormones & Synthetic Subst,"Contraceptive, Oral Comb, NEC",16,16,179.60000000000002,179.60000000000002,0.0,11.225000000000001,11.225000000000001,0.0,11.225000000000001,0.0,11.225000000000001
2022,NEXAVAR,Brand,Antineoplastic Agents,Molecular Targeted Therapy,15,450,182114.4,182114.4,0.0,12140.96,404.69866666666667,0.0,12140.96,0.0,404.69866666666667
2022,NEXIUM,Brand,Gastrointestinal Drugs,"Gastrointestinal Drug Misc,NEC",91,4287,55221.93,44315.78,10906.15,606.8343956043956,12.881252624212737,119.8478021978022,486.9865934065934,2.5440051317937953,10.33724749241894
2022,NEXIUM 24HR,Brand,Gastrointestinal Drugs,"Gastrointestinal Drug Misc,NEC",151,7749,8983.9,4438.660000000001,4545.24,59.49602649006622,1.1593624983868887,30.10092715231788,29.39509933774835,0.5865582655826558,0.5728042328042329
2022,NEXLETOL,Brand,Cardiovascular Agents,"Antihyperlipidemic Drugs, NEC",101,5700,40835.67999999999,27365.64,13470.039999999999,404.3136633663366,7.1641543859649115,133.3667326732673,270.9469306930693,2.3631649122807015,4.8009894736842105
2022,NEXLIZET,Brand,Cardiovascular Agents,"Antihyperlipidemic Drugs, NEC",123,5910,56913.86,39497.99,17415.87,462.71430894308946,9.63009475465313,141.59243902439025,321.1218699186992,2.9468477157360407,6.68324703891709
2022,NEXPLANON,Brand,Hormones & Synthetic Subst,"Progestins, NEC",97,13779,97916.98,97916.98,0.0,1009.4534020618556,7.1062471877494735,0.0,1009.4534020618556,0.0,7.1062471877494735
2022,NEXTSTELLIS,Brand,Hormones & Synthetic Subst,"Contraceptive, Oral Comb, NEC",37,1888,8914.400000000001,8914.400000000001,0.0,240.92972972972976,4.721610169491526,0.0,240.92972972972976,0.0,4.721610169491526
2022,NIACIN,Generic,Cardiovascular Agents,"Antihyperlipidemic Drugs, NEC",608,42413,72263.24,39368.439999999995,32894.799999999996,118.85401315789474,1.7037993068163064,54.10328947368421,64.75072368421051,0.7755829580553131,0.928216348760993
2022,NIASPAN,Brand,Cardiovascular Agents,"Antihyperlipidemic Drugs, NEC",15,1230,1905.2500000000002,696.15,1209.1,127.01666666666668,1.5489837398373985,80.60666666666665,46.41,0.9830081300813007,0.5659756097560975
2022,NICODERM CQ,Brand,Autonomic Drugs,"Autonomic, Nicotine Preps",29,899,1152.7800000000002,1063.83,88.95,39.75103448275863,1.2822914349276977,3.067241379310345,36.683793103448274,0.0989432703003337,1.1833481646273636
2022,NICORETTE,Brand,Autonomic Drugs,"Autonomic, Nicotine Preps",66,981,1605.48,1480.84,124.64,24.325454545454544,1.6365749235474005,1.8884848484848484,22.436969696969697,0.12705402650356779,1.5095208970438327
2022,NICOTINE,Generic,Autonomic Drugs,"Autonomic, Nicotine Preps",117,2593,3516.04,3501.04,15.0,30.051623931623933,1.3559737755495564,0.1282051282051282,29.9234188034188,0.005784805244890089,1.3501889703046663
2022,NICOTINE MINI LOZENGE,Generic,Autonomic Drugs,"Autonomic, Nicotine Preps",145,2508,6252.549999999999,6252.549999999999,0.0,43.12103448275862,2.493042264752791,0.0,43.12103448275862,0.0,2.493042264752791
2022,NICOTINE POLACRILEX,Generic,Autonomic Drugs,"Autonomic, Nicotine Preps",3872,76887,152999.1,152852.47,146.63,39.51423037190083,1.9899215732178392,0.03786931818181818,39.47636105371901,0.0019070844225941967,1.988014488795245
2022,NICOTINE TRANSDERMAL SYSTEM,Brand,Autonomic Drugs,"Autonomic, Nicotine Preps",14,758,1179.8500000000001,1179.8500000000001,0.0,84.275,1.5565303430079158,0.0,84.275,0.0,1.5565303430079158
2022,NICOTINE TRANSDERMAL SYSTEM,Generic,Autonomic Drugs,"Autonomic, Nicotine Preps",8953,239722,355753.01000000007,355544.72000000003,208.29,39.73562046241484,1.4840232018755062,0.023264827432145647,39.71235563498269,0.0008688814543512903,1.4831543204211546
2022,NICOTROL,Brand,Autonomic Drugs,"Autonomic, Nicotine Preps",476,11514,186201.8,180739.63,5462.17,391.18025210084033,16.171773493138787,11.475147058823529,379.70510504201684,0.4743937814834115,15.697379711655376
2022,NICOTROL NS,Brand,Autonomic Drugs,"Autonomic, Nicotine Preps",100,1950,52014.61,52014.61,0.0,520.1461,26.674158974358974,0.0,520.1461,0.0,26.674158974358974
2022,NIFEDIPINE,Brand,Pharmaceutical Aids/Adjuvants,"Pharmaceutical Aids/Adjuv, NEC",57,1324,4781.919999999999,2571.4199999999996,2210.5000000000005,83.89333333333332,3.611722054380664,38.78070175438597,45.112631578947365,1.6695619335347436,1.9421601208459212
2022,NIFEDIPINE,Generic,Cardiovascular Agents,"Cardiac, Calcium Channel",10939,671262,388561.03,131407.24,257153.78999999998,35.52070847426639,0.5788515214625586,23.507979705640366,12.012728768626015,0.3830900453176256,0.19576147614493297
2022,NIKKI,Generic,Hormones & Synthetic Subst,"Contraceptive, Oral Comb, NEC",10954,807973,702215.1699999998,701875.6499999998,339.52,64.1058216176739,0.8691072226423405,0.030995070293956543,64.07482654737993,0.0004202120615416604,0.8686870105807989
2022,NIMODIPINE,Generic,Cardiovascular Agents,"Cardiac, Calcium Channel",18,362,7392.969999999999,6554.91,838.06,410.7205555555555,20.42256906077348,46.55888888888889,364.16166666666663,2.3150828729281767,18.107486187845304
2022,NINLARO,Brand,Antineoplastic Agents,Molecular Targeted Therapy,128,3584,1367137.55,1363137.55,4000.0,10680.762109375,381.4557896205357,31.25,10649.512109375,1.1160714285714286,380.3397181919643
2022,NISOLDIPINE,Generic,Cardiovascular Agents,"Cardiac, Calcium Channel",12,1080,5624.78,5039.78,585.0,468.7316666666666,5.20812962962963,48.75,419.9816666666666,0.5416666666666666,4.666462962962963
2022,NITAZOXANIDE,Generic,Anti-Infective Agents,"Anti-Infectives, Misc",144,1660,236609.16000000003,229200.97000000003,7408.19,1643.1191666666668,142.5356385542169,51.445763888888884,1591.673402777778,4.462765060240963,138.07287349397592
2022,NITRO-BID,Brand,Cardiovascular Agents,"Vasodilating Agents, NEC",150,3789,6311.63,2069.6600000000003,4241.969999999999,42.077533333333335,1.6657772499340195,28.279799999999994,13.797733333333335,1.119548693586698,0.5462285563473213
2022,NITROFURANTOIN,Generic,Anti-Infective Agents,"Urinary Anti-Infectives, NEC",145,2807,255841.47000000006,253396.47000000006,2445.0,1764.423931034483,91.14409333808338,16.862068965517242,1747.5618620689659,0.8710366939793374,90.27305664410405
2022,NITROFURANTOIN MACROCRYSTALS,Generic,Anti-Infective Agents,"Urinary Anti-Infectives, NEC",3045,80234,82445.02,32937.97,49507.049999999996,27.07554022988506,1.0275571453498518,16.258472906403938,10.817067323481117,0.6170333025899244,0.4105238427599272
2022,NITROFURANTOIN MONOHYDRATE/MACROCRYSTALS,Generic,Anti-Infective Agents,"Urinary Anti-Infectives, NEC",39797,373302,454226.13,54645.93000000001,399580.2,11.413577154056838,1.216779256473311,10.040460336206246,1.373116817850592,1.0703939437774241,0.146385312695887
2022,NITROGLYCERIN,Generic,Cardiovascular Agents,"Vasodilating Agents, NEC",3770,103761,64862.77,17690.45,47172.32,17.204978779840847,0.6251170478310732,12.51255172413793,4.692427055702918,0.4546247626757645,0.17049228515530884
2022,NITROGLYCERIN LINGUAL,Generic,Cardiovascular Agents,"Vasodilating Agents, NEC",52,1592,7068.91,6228.91,840.0,135.94057692307692,4.440270100502512,16.153846153846153,119.78673076923077,0.5276381909547738,3.9126319095477387
2022,NITROGLYCERIN TRANSDERMAL SYSTEM,Generic,Cardiovascular Agents,"Vasodilating Agents, NEC",232,11148,9512.0,3936.2499999999995,5575.75,41.0,0.8532472192321493,24.033405172413794,16.966594827586206,0.5001569788302834,0.35309024040186576
2022,NOCDURNA,Brand,Hormones & Synthetic Subst,"Pituitary Hormones, NEC",21,630,4477.07,3407.07,1070.0,213.1938095238095,7.106460317460317,50.95238095238095,162.24142857142857,1.6984126984126984,5.408047619047619
2022,NORA-BE,Generic,Hormones & Synthetic Subst,"Progestins, NEC",162,10024,4411.959999999999,4349.44,62.52,27.234320987654314,0.4401396648044692,0.38592592592592595,26.848395061728393,0.006237031125299282,0.4339026336791699
2022,NORDITROPIN FLEXPRO,Brand,Hormones & Synthetic Subst,"Pituitary Hormones, NEC",663,18228,2175577.7100000004,2058715.67,116862.04000000001,3281.4143438914034,119.35361586570114,176.26250377073907,3105.1518401206636,6.411127935044986,112.94248793065613
2022,NORETHINDRONE,Generic,Hormones & Synthetic Subst,"Progestins, NEC",19413,1390618,598378.5399999999,597907.9999999998,470.53999999999996,30.823599649719256,0.43029684643805843,0.024238396950497086,30.79936125276875,0.0003383675459400065,0.4299584788921183
2022,NORETHINDRONE ACETATE,Generic,Hormones & Synthetic Subst,"Progestins, NEC",6232,338857,404831.02000000014,184781.31999999995,220049.7,64.96004813863931,1.1946957566170984,35.30964377406932,29.650404364569955,0.6493880899612521,0.5453076666558458
2022,NORETHINDRONE/ETHINYL ESTRADIOL,Generic,Hormones & Synthetic Subst,"Contraceptive, Oral Comb, NEC",574,35831,77084.46999999999,53202.85,23881.620000000003,134.29350174216026,2.151334598531997,41.605609756097564,92.68789198606271,0.6665072144232649,1.4848273841087327
2022,NORITATE,Brand,Skin & Mucous Membrane,"Antiinf S/MM, Antiinf Loc Misc",28,840,28392.57,24452.92,3939.65,1014.0203571428572,33.80067857142857,140.7017857142857,873.3185714285713,4.6900595238095235,29.110619047619046
2022,NORLYDA,Generic,Hormones & Synthetic Subst,"Progestins, NEC",1101,70198,30368.139999999996,30368.139999999996,0.0,27.582325158946407,0.43260691187783124,0.0,27.582325158946407,0.0,0.43260691187783124
2022,NORPACE CR,Brand,Cardiovascular Agents,"Cardiac, Antiarrhythmic Agents",21,835,3994.08,2279.08,1715.0,190.1942857142857,4.783329341317365,81.66666666666667,108.52761904761904,2.053892215568862,2.729437125748503
2022,NORTREL,Generic,Hormones & Synthetic Subst,"Contraceptive, Oral Comb, NEC",2613,183387,138127.5,138046.77,80.73,52.86165327210103,0.753202244433902,0.030895522388059704,52.83075774971297,0.0004402165911433199,0.7527620278427587
2022,NORTREL 1/35,Generic,Hormones & Synthetic Subst,"Contraceptive, Oral Comb, NEC",2124,139782,85502.45,85502.45,0.0,40.25539077212806,0.6116842654991343,0.0,40.25539077212806,0.0,0.6116842654991343
2022,NORTREL 7/7/7,Generic,Hormones & Synthetic Subst,"Contraceptive, Oral Comb, NEC",1014,74212,41197.63000000001,40800.19000000001,397.44000000000005,40.628826429980286,0.5551343448498897,0.39195266272189355,40.236873767258395,0.0053554681183636075,0.549778876731526
2022,NORTRIPTYLINE HCL,Brand,Central Nervous System,"Psychother, Antidepressants",74,2255,11659.859999999999,9173.039999999999,2486.82,157.56567567567566,5.170669623059866,33.60567567567568,123.96,1.1028026607538803,4.067866962305986
2022,NORTRIPTYLINE HCL,Generic,Central Nervous System,"Psychother, Antidepressants",14035,762522,206336.33,33655.98,172680.34999999995,14.701555397221231,0.2705972155557479,12.303551834698963,2.398003562522266,0.22645949887347505,0.04413771668227278
2022,NORVASC,Brand,Cardiovascular Agents,"Cardiac, Calcium Channel",37,1693,9946.65,5441.66,4504.99,268.8283783783784,5.875162433549911,121.75648648648648,147.07189189189188,2.6609509746012994,3.2142114589486117
2022,NOURIANZ,Brand,Autonomic Drugs,Antichol/Antiparkinsonian Agnt,23,690,39087.36,36927.36,2160.0,1699.4504347826087,56.648347826086955,93.91304347826087,1605.537391304348,3.130434782608696,53.51791304347826
2022,NOVAREL,Brand,Hormones & Synthetic Subst,"Gonadotropins, NEC",635,8638,175112.70999999996,137439.08000000002,37673.630000000005,275.7680472440944,20.27236744616809,59.32855118110237,216.43949606299216,4.361383422088447,15.91098402407965
2022,"NOVAVAX COVID-19 VACCINE, ADJUVANTED",Brand,"Serums, Toxoids, Vaccines","Vaccines, NEC",53,173,2282.9700000000003,2282.9700000000003,0.0,43.07490566037736,13.196358381502892,0.0,43.07490566037736,0.0,13.196358381502892
2022,NOVOFINE AUTOCOVER 30G,Brand,Devices & Non-Drug Items,"Devices & Non-Drug Items, NEC",41,1890,5016.54,3691.2699999999995,1325.27,122.35463414634147,2.6542539682539683,32.32365853658536,90.03097560975608,0.7012010582010582,1.9530529100529097
2022,NOVOFINE PLUS 32G,Brand,Diagnostic Agents,Diabetes Mell/Diab Supply NEC,153,8746,5135.58,1804.18,3331.4000000000005,33.56588235294117,0.5871918591356048,21.77385620915033,11.79202614379085,0.38090555682597765,0.20628630230962727
2022,NOVOFINE TIP,Brand,Diagnostic Agents,Diabetes Mell/Diab Supply NEC,627,38120,29843.47,16255.659999999998,13587.810000000001,47.59724082934609,0.7828822140608604,21.671148325358853,25.92609250398724,0.3564483210912907,0.42643389296956974
2022,NOVOLIN 70/30,Brand,Hormones & Synthetic Subst,"Antidiabetic Agents, Insulins",66,2486,23392.63,22894.13,498.5,354.4337878787879,9.409746580852776,7.553030303030303,346.88075757575757,0.2005229283990346,9.20922365245374
2022,NOVOLIN 70/30 FLEXPEN,Brand,Hormones & Synthetic Subst,"Antidiabetic Agents, Insulins",60,2552,21354.5,19096.89,2257.61,355.90833333333336,8.36775078369906,37.62683333333334,318.2815,0.8846434169278997,7.48310736677116
2022,NOVOLIN N (NPH),Brand,Hormones & Synthetic Subst,"Antidiabetic Agents, Insulins",56,2419,15300.949999999999,13939.0,1361.95,273.23125,6.325320380322447,24.320535714285715,248.91071428571428,0.5630219098801158,5.762298470442332
2022,NOVOLIN N FLEXPEN,Brand,Hormones & Synthetic Subst,"Antidiabetic Agents, Insulins",34,1366,7798.1900000000005,6772.09,1026.1,229.35852941176472,5.708777452415813,30.17941176470588,199.17911764705883,0.7511713030746705,4.957606149341142
2022,NOVOLIN R,Brand,Hormones & Synthetic Subst,"Antidiabetic Agents, Insulins",14,566,2475.02,2362.52,112.5,176.78714285714287,4.372826855123675,8.035714285714286,168.75142857142856,0.19876325088339222,4.174063604240283
2022,NOVOLOG,Brand,Hormones & Synthetic Subst,"Antidiabetic Agents, Insulins",1219,67472,1324161.4699999997,1229772.43,94389.04000000001,1086.2686382280556,19.625347847996203,77.43153404429862,1008.8371041837571,1.3989364477116435,18.22641140028456
2022,NOVOLOG FLEXPEN,Brand,Hormones & Synthetic Subst,"Antidiabetic Agents, Insulins",1292,67258,1079806.9399999997,1042185.9099999998,37621.03,835.7638854489162,16.0546989205745,29.11844427244582,806.6454411764704,0.5593539801956644,15.495344940378837
2022,NOVOLOG MIX 70/30,Brand,Hormones & Synthetic Subst,"Antidiabetic Agents, Insulins",29,1580,27365.61,27104.11,261.5,943.6417241379311,17.320006329113923,9.017241379310345,934.6244827586207,0.16550632911392404,17.1545
2022,NOVOLOG MIX 70/30 FLEXPEN,Brand,Hormones & Synthetic Subst,"Antidiabetic Agents, Insulins",174,7675,175876.91999999998,171344.5,4532.42,1010.786896551724,22.915559609120518,26.0483908045977,984.7385057471264,0.5905433224755701,22.325016286644953
2022,NOVOTWIST 32G TIP,Brand,Devices & Non-Drug Items,"Devices & Non-Drug Items, NEC",39,2072,1444.63,682.99,761.6400000000001,37.04179487179488,0.697215250965251,19.52923076923077,17.512564102564102,0.3675868725868726,0.3296283783783784
2022,NP THYROID,Brand,Hormones & Synthetic Subst,"Thy/Antithy, Thyroid/Hormones",29,1665,2059.25,737.75,1321.5,71.00862068965517,1.2367867867867868,45.56896551724138,25.439655172413794,0.7936936936936937,0.4430930930930931
2022,NP THYROID,Generic,Hormones & Synthetic Subst,"Thy/Antithy, Thyroid/Hormones",1589,91537,91386.44,32582.700000000004,58803.73999999999,57.51191944619258,0.9983552006292538,37.00675896790434,20.505160478288236,0.642404055190797,0.35595114543845663
2022,NP THYROID 15,Generic,Hormones & Synthetic Subst,"Thy/Antithy, Thyroid/Hormones",367,16536,15952.73,6612.499999999999,9340.23,43.46792915531335,0.9647272617319786,25.450217983651225,18.01771117166212,0.5648421625544267,0.39988509917755194
2022,NP THYROID 120,Generic,Hormones & Synthetic Subst,"Thy/Antithy, Thyroid/Hormones",125,8142,12246.92,6148.530000000001,6098.39,97.97536,1.504166052566937,48.78712,49.18824000000001,0.7490039302382707,0.7551621223286663
2022,NUBEQA,Brand,Antineoplastic Agents,Hormone-Modifying Therapy,245,7350,3001410.5399999996,2951873.0999999996,49537.44,12250.65526530612,408.35517551020405,202.19363265306123,12048.46163265306,6.739787755102041,401.615387755102
2022,NUCALA,Brand,Respiratory Tract Agents,"Misc Therapeutic Agents, NEC",1157,32788,5494547.370000002,5300470.09,194077.28,4748.960561797755,167.57799713309754,167.7418150388937,4581.218746758859,5.9191557887031845,161.6588413443943
2022,NUCYNTA,Brand,Central Nervous System,"Analg/Antipyr, Opiate Agonists",216,5564,159377.84,141617.47,17760.37,737.8603703703703,28.64447160316319,82.22393518518518,655.6364351851852,3.1920147375988495,25.452456865564344
2022,NUCYNTA ER,Brand,Central Nervous System,"Analg/Antipyr, Opiate Agonists",104,3072,93254.12999999999,83329.14,9924.99,896.6743269230768,30.356162109374996,95.43259615384615,801.2417307692308,3.230791015625,27.12537109375
2022,NUEDEXTA,Brand,Central Nervous System,"CNS Agents, Misc.",114,4041,107632.19000000002,87042.67,20589.52,944.1420175438598,26.63503835684237,180.6098245614035,763.5321929824561,5.095154664686959,21.539883692155406
2022,NULOJIX,Brand,Immunosuppressants,"Immunosuppressants, NEC",32,896,59635.2,59635.2,0.0,1863.6,66.55714285714285,0.0,1863.6,0.0,66.55714285714285
2022,NUPLAZID,Brand,Central Nervous System,"Psychother,Tranq/Antipsychotic",122,3644,610295.58,590625.61,19669.97,5002.422786885246,167.47957738748627,161.22926229508198,4841.193524590164,5.397906147091109,162.08167124039517
2022,NURTEC ODT,Brand,Central Nervous System,"CNS Agents, Misc.",6671,168302,5405293.959999999,4803807.26,601486.7000000001,810.2674201768849,32.11663533410179,90.16439814120822,720.1030220356768,3.573853548977434,28.542781785124358
2022,NUTRAMIGEN DHA & ARA,Brand,"Electrolytic, Caloric, Water","Caloric Agents, Nutrition Prep",11,145,1066.75,858.08,208.67,96.97727272727273,7.356896551724138,18.97,78.00727272727273,1.439103448275862,5.917793103448276
2022,NUTRAMIGEN LIPIL WITH ENFLORA,Brand,"Electrolytic, Caloric, Water","Caloric Agents, Nutrition Prep",492,11829,92633.3,81273.28,11360.019999999999,188.2790650406504,7.831033899737933,23.089471544715444,165.18959349593496,0.9603533688392931,6.870680530898639
2022,NUTRAMIGEN WITH PROBIOTIC LGG,Brand,"Electrolytic, Caloric, Water","Caloric Agents, Nutrition Prep",152,3620,31990.56,25638.03,6352.53,210.4642105263158,8.837171270718233,41.79296052631579,168.67125,1.7548425414364641,7.082328729281768
2022,NUTROPIN AQ NUSPIN 5,Brand,Hormones & Synthetic Subst,"Pituitary Hormones, NEC",271,7237,672290.2999999999,627507.46,44782.84,2480.7760147601475,92.89626917230896,165.25033210332103,2315.5256826568266,6.188039242780157,86.7082299295288
2022,NUTROPIN AQ NUSPIN 10,Brand,Hormones & Synthetic Subst,"Pituitary Hormones, NEC",511,13888,2300217.86,2209106.28,91111.57999999999,4501.4048140900195,165.62628600230414,178.30054794520547,4323.104266144814,6.560453629032257,159.0658323732719
2022,NUTROPIN AQ NUSPIN 20,Brand,Hormones & Synthetic Subst,"Pituitary Hormones, NEC",199,4776,1068870.0,1031401.01,37468.99,5371.206030150754,223.8002512562814,188.28638190954774,5182.919648241206,7.845265912897822,215.95498534338358
2022,NUVARING,Brand,Hormones & Synthetic Subst,"Estrogens & Comb, NEC",572,46882,222355.69999999998,217102.71,5252.990000000001,388.73374125874125,4.742879996587176,9.183548951048952,379.55019230769227,0.1120470543065569,4.63083294228062
2022,NUVARING,Generic,Hormones & Synthetic Subst,"Estrogens & Comb, NEC",28,2078,10326.140000000001,9426.140000000001,900.0,368.79071428571433,4.969268527430222,32.142857142857146,336.64785714285716,0.4331087584215592,4.536159769008663
2022,NUVIGIL,Brand,Central Nervous System,"Stimulant, Amphetamine Type",53,2076,75976.76,67043.83,8932.93,1433.5237735849055,36.59766859344894,168.54584905660377,1264.9779245283019,4.302952793834297,32.29471579961464
2022,NUZYRA,Brand,Anti-Infective Agents,"Antibiot, Tetracyclines",35,903,197901.03999999998,195120.68,2780.3599999999997,5654.315428571428,219.15951273532667,79.43885714285713,5574.876571428571,3.0790254706533773,216.0804872646733
2022,NYAMYC,Generic,Skin & Mucous Membrane,"Antiinf S/MM,Antifungal & Comb",291,7070,7082.31,2617.04,4465.2699999999995,24.337835051546392,1.0017411598302688,15.344570446735393,8.993264604810996,0.6315799151343705,0.3701612446958982
2022,NYLIA 1/35,Generic,Hormones & Synthetic Subst,"Contraceptive, Oral Comb, NEC",46,3063,881.3300000000002,881.3300000000002,0.0,19.15934782608696,0.2877342474698009,0.0,19.15934782608696,0.0,0.2877342474698009
2022,NYSTATIN,Generic,Anti-Infective Agents,"Antibiot, Antifungals",1003,36452,73348.06999999999,44070.07000000001,29278.0,73.12868394815553,2.012182321957643,29.190428713858424,43.93825523429712,0.8031932404257653,1.2089890815318778
2022,NYSTATIN,Generic,Skin & Mucous Membrane,"Antiinf S/MM,Antifungal & Comb",16069,306425,231750.87,58934.469999999994,172816.39999999997,14.422233493061173,0.7563053602023333,10.754645590889288,3.6675879021718836,0.5639761768785183,0.19232918332381493
2022,NYSTATIN/TRIAMCINOLONE ACETONIDE,Generic,Skin & Mucous Membrane,"Antiinf S/MM,Antifungal & Comb",2830,58629,91217.65999999999,43148.96000000001,48068.7,32.2323886925795,1.5558454007402478,16.985406360424026,15.24698233215548,0.8198792406488257,0.7359661600914225
2022,NYSTOP,Generic,Skin & Mucous Membrane,"Antiinf S/MM,Antifungal & Comb",1020,23313,22478.99,8062.48,14416.51,22.03822549019608,0.9642255393986189,14.133833333333333,7.904392156862745,0.6183893106850256,0.34583622871359326
2022,OB COMPLETE PETITE,Brand,Vitamins & Comb,"Multivit Prep,Vitamin Prenatal",14,630,2747.74,2377.74,370.0,196.26714285714283,4.361492063492063,26.428571428571427,169.8385714285714,0.5873015873015873,3.774190476190476
2022,OCALIVA,Brand,Gastrointestinal Drugs,"Cholelitholytic Agents, NEC",73,2190,583515.96,579024.1699999999,4491.79,7993.369315068493,266.4456438356164,61.5313698630137,7931.837945205479,2.0510456621004565,264.39459817351593
2022,OCELLA,Generic,Hormones & Synthetic Subst,"Contraceptive, Oral Comb, NEC",434,31135,25375.300000000003,25375.300000000003,0.0,58.46843317972351,0.8150088325036134,0.0,58.46843317972351,0.0,0.8150088325036134
2022,OCREVUS,Brand,Immunosuppressants,"Immunosuppressants, NEC",71,11130,2503603.5700000003,2455278.89,48324.68,35262.02211267606,224.94192003593892,680.6292957746479,34581.39281690141,4.341840071877808,220.6000799640611
2022,OCTREOTIDE ACETATE,Generic,Hormones & Synthetic Subst,"Pituitary Hormones, NEC",20,549,5180.5,5112.53,67.97,259.025,9.436247723132968,3.3985,255.6265,0.12380692167577413,9.312440801457194
2022,ODACTRA,Brand,Diagnostic Agents,"Diagnostic Agents, Misc, NEC",458,15961,119894.17000000001,77892.22,42001.95,261.77766375545855,7.511695382494832,91.70731441048034,170.07034934497815,2.631536244596203,4.8801591378986275
2022,ODEFSEY,Brand,Anti-Infective Agents,"Antivirals, NEC",1915,79941,6469395.109999999,6258649.5,210745.61000000002,3378.2742088772843,80.9271226279381,110.0499268929504,3268.224281984334,2.636264369972855,78.29085825796525
2022,OFEV,Brand,Antineoplastic Agents,Molecular Targeted Therapy,439,13290,5093208.57,4982683.4,110525.17,11601.841845102506,383.23616027088036,251.76576309794987,11350.076082004556,8.31641610233258,374.9197441685478
2022,OFLOXACIN,Generic,"Eye, Ear, Nose Throat","Antiinfect, Antibiotics EENT",17809,270612,469859.29,172224.29,297635.0,26.383249480599694,1.7362840154908132,16.712617216014376,9.670632264585322,1.09985883848462,0.6364251770061934
2022,OHM ALLERGY RELIEF,Generic,Antihistamines & Comb.,"Antihistamines & Comb, NEC",76,3832,502.48999999999995,50.01,452.47999999999996,6.611710526315789,0.13112995824634655,5.9536842105263155,0.6580263157894737,0.11807933194154488,0.01305062630480167
2022,OLANZAPINE,Generic,Central Nervous System,"Psychother,Tranq/Antipsychotic",12788,513475,162355.28,41666.119999999995,120689.16000000003,12.69590866437285,0.3161892594576172,9.437688457929312,3.2582202064435406,0.2350438872389114,0.08114537221870587
2022,OLANZAPINE-FLUOXETINE HCL,Generic,Central Nervous System,"CNS Agents, Misc.",90,3365,37769.619999999995,33668.21,4101.41,419.6624444444444,11.224255572065378,45.57122222222222,374.0912222222222,1.2188439821693908,10.005411589895989
2022,OLEABASE PLASTICIZED,Brand,Pharmaceutical Aids/Adjuvants,"Pharmaceutical Aids/Adjuv, NEC",11,310,3146.77,2731.82,414.95,286.07,10.150870967741936,37.72272727272727,248.34727272727275,1.3385483870967743,8.812322580645162
2022,OLMESARTAN MEDOXOMIL,Generic,Cardiovascular Agents,"Cardiac Drugs, NEC",9124,597981,343155.00000000006,103786.5,239368.5,37.61014905743096,0.5738560255258948,26.235039456378782,11.37510960105217,0.4002944909620874,0.1735615345638072
2022,OLMESARTAN MEDOXOMIL-HYDROCHLOROTHIAZIDE,Generic,Cardiovascular Agents,"Cardiac Drugs, NEC",1913,123853,104187.15000000001,33034.36,71152.79,54.46270256142186,0.841216199849822,37.19434918975431,17.268353371667537,0.5744938758043809,0.266722324045441
2022,OLOPATADINE HCL,Generic,"Eye, Ear, Nose Throat","Eye/Ear/Nose/Throat Misc, NEC",1664,58807,97228.94,53592.54999999999,43636.39000000001,58.430853365384614,1.6533565731970685,26.223792067307695,32.207061298076916,0.7420271396262351,0.9113294335708332
2022,OLUMIANT,Brand,Immunosuppressants,"Immunosuppressants, NEC",305,9210,972173.4199999999,904673.6699999999,67499.75,3187.4538360655733,105.5562888165038,221.3106557377049,2966.143180327869,7.328963083604777,98.22732573289902
2022,OMEGA-3-ACID ETHYL ESTERS,Generic,Cardiovascular Agents,"Antihyperlipidemic Drugs, NEC",1593,93065,132003.94,68583.41,63420.52999999999,82.86499686126805,1.418405845376887,39.81200878844946,43.052988072818586,0.6814648901305538,0.7369409552463333
2022,OMEGA-3-ACID ETHYL ESTERS,Generic,"Electrolytic, Caloric, Water",Caloric/Nutrition/Dietary Misc,416,20772,31256.82,14609.53,16647.29,75.13658653846154,1.5047573656845754,40.01752403846154,35.1190625,0.8014293279414597,0.7033280377431158
2022,OMEPRAZOLE,Brand,Gastrointestinal Drugs,"Gastrointestinal Drug Misc,NEC",72,1313,2015.24,1569.73,445.51,27.989444444444445,1.5348362528560549,6.1876388888888885,21.801805555555557,0.3393069306930693,1.1955293221629855
2022,OMEPRAZOLE,Brand,Pharmaceutical Aids/Adjuvants,"Pharmaceutical Aids/Adjuv, NEC",193,5390,14763.889999999998,7146.63,7617.259999999998,76.49683937823833,2.7391261595547305,39.467668393782375,37.02917098445596,1.413220779220779,1.3259053803339518
2022,OMEPRAZOLE,Generic,Gastrointestinal Drugs,"Gastrointestinal Drug Misc,NEC",109497,7151256,1241150.72,181226.05000000005,1059924.67,11.33502032019142,0.1735570255071277,9.679942555503803,1.6550777646876174,0.14821517646690316,0.02534184904022455
2022,OMEPRAZOLE-SODIUM BICARBONATE,Generic,Gastrointestinal Drugs,"Gastrointestinal Drug Misc,NEC",20,1438,6656.5599999999995,5561.7,1094.8600000000001,332.828,4.62904033379694,54.74300000000001,278.085,0.7613769123783033,3.8676634214186367
2022,OMNIPOD 5 G6 INTRO KIT(GEN5),Brand,Diagnostic Agents,Diabetes Mell/Diab Supply NEC,769,23931,271606.79000000004,216024.89,55581.9,353.19478543563076,11.349579624754504,72.27815344603381,280.9166319895969,2.3225899460950234,9.02698967865948
2022,OMNIPOD 5 G6 INTRO KIT(GEN5),Other,Diagnostic Agents,Diabetes Mell/Diab Supply NEC,16,490,8967.68,8320.73,646.95,560.48,18.30138775510204,40.434375,520.045625,1.3203061224489796,16.981081632653062
2022,OMNIPOD 5 G6 PODS (GEN5),Brand,Diagnostic Agents,Diabetes Mell/Diab Supply NEC,1628,91746,1285684.81,1126393.8399999999,159290.96999999997,789.7326842751843,14.013524404333705,97.84457616707616,691.888108108108,1.736217055784448,12.277307348549254
2022,OMNIPOD 5 G6 PODS (GEN5),Other,Diagnostic Agents,Diabetes Mell/Diab Supply NEC,29,1690,38647.89,36784.57,1863.32,1332.6858620689654,22.868573964497042,64.25241379310344,1268.433448275862,1.1025562130177515,21.76601775147929
2022,OMNIPOD CLASSIC PODS (GEN 3),Brand,Diagnostic Agents,Diabetes Mell/Diab Supply NEC,135,9175,98024.78,80892.29000000001,17132.49,726.1094814814815,10.683899727520435,126.90733333333334,599.2021481481482,1.8673013623978203,8.816598365122617
2022,OMNIPOD DASH PODS (GEN 4),Brand,Diagnostic Agents,Diabetes Mell/Diab Supply NEC,2492,133297,1919283.44,1672444.5499999998,246838.89,770.1779454253611,14.398549404712783,99.05252407704656,671.1254213483145,1.8517962894888857,12.546753115223897
2022,OMNIPOD DASH PODS (GEN 4),Other,Diagnostic Agents,Diabetes Mell/Diab Supply NEC,65,3810,86781.7,77426.08,9355.619999999999,1335.103076923077,22.77734908136483,143.93261538461536,1191.1704615384615,2.455543307086614,20.321805774278214
2022,OMNITROPE,Brand,Hormones & Synthetic Subst,"Pituitary Hormones, NEC",517,14891,2102566.49,2025024.2499999998,77542.23999999999,4066.8597485493233,141.19713182459205,149.9849903288201,3916.8747582205024,5.207322543818413,135.9898092807736
2022,ONDANSETRON,Generic,Gastrointestinal Drugs,"Antiemetics, NEC",34953,416273,218522.65000000005,26251.469999999998,192271.18,6.251899693874633,0.5249503330746891,5.500849140274082,0.7510505536005493,0.46188722304833607,0.0630631100263529
2022,ONDANSETRON HCL,Generic,Gastrointestinal Drugs,"Antiemetics, NEC",28735,424079,96066.27999999998,8881.36,87184.92,3.343180093962067,0.22652920800133933,3.034101966243257,0.3090781277188098,0.20558650628774355,0.02094270171359582
2022,ONE DAILY,Generic,Vitamins & Comb,"Multivit Prep,Multivit Mineral",24,992,17.33,2.48,14.85,0.7220833333333333,0.017469758064516127,0.61875,0.10333333333333333,0.014969758064516128,0.0025
2022,ONE TOUCH DELICA,Brand,Diagnostic Agents,Diabetes Mell/Diab Supply NEC,1356,75904,11784.19,2900.2400000000002,8883.95,8.690405604719764,0.1552512384064081,6.551585545722714,2.1388200589970503,0.11704192137436763,0.038209317032040474
2022,ONE TOUCH DELICA,Other,Diagnostic Agents,Diabetes Mell/Diab Supply NEC,20,1064,337.56,151.79,185.76999999999998,16.878,0.31725563909774435,9.288499999999999,7.589499999999999,0.1745958646616541,0.1426597744360902
2022,ONE TOUCH ULTRA 2 BLOOD GLUCOSE MONITORING SYSTEM,Brand,Diagnostic Agents,Diabetes Mell/Diab Supply NEC,17,316,425.46,415.46,10.0,25.027058823529412,1.3463924050632912,0.5882352941176471,24.438823529411764,0.03164556962025317,1.3147468354430378
2022,ONE TOUCH ULTRA TEST STRIPS,Brand,Diagnostic Agents,Diabetes Mell/Diab Supply NEC,8257,453501,1281096.83,892666.0900000001,388430.73999999993,155.15281942594163,2.8249040906194254,47.042599006903224,108.1102204190384,0.8565157298440355,1.9683883607753898
2022,ONE TOUCH ULTRA TEST STRIPS,Other,Diagnostic Agents,Diabetes Mell/Diab Supply NEC,220,9506,37641.630000000005,30540.98,7100.650000000001,171.0983181818182,3.9597759309909537,32.27568181818182,138.82263636363635,0.7469650746896698,3.2128108563012834
2022,ONE TOUCH ULTRASOFT LANCET,Brand,Diagnostic Agents,Diabetes Mell/Diab Supply NEC,606,36527,5384.0,1352.91,4031.0899999999992,8.884488448844884,0.14739781531469873,6.651963696369636,2.2325247524752476,0.1103591863552988,0.0370386289593999
2022,ONE TOUCH ULTRASOFT LANCET,Other,Diagnostic Agents,Diabetes Mell/Diab Supply NEC,18,939,218.24,153.83,64.41,12.124444444444444,0.23241746538871141,3.578333333333333,8.546111111111111,0.06859424920127795,0.16382321618743345
2022,ONE TOUCH VERIO CONTROL SOLUTION,Brand,Diagnostic Agents,Diabetes Mell/Diab Supply NEC,14,389,55.37,4.96,50.41,3.9549999999999996,0.14233933161953727,3.6007142857142855,0.35428571428571426,0.1295886889460154,0.01275064267352185
2022,ONE TOUCH VERIO FLEX,Brand,Diagnostic Agents,Diabetes Mell/Diab Supply NEC,30,523,524.4200000000001,484.27000000000004,40.150000000000006,17.480666666666668,1.002715105162524,1.3383333333333336,16.142333333333333,0.07676864244741875,0.9259464627151053
2022,ONE TOUCH VERIO METER,Brand,Diagnostic Agents,Diabetes Mell/Diab Supply NEC,12,186,293.17,283.69,9.48,24.430833333333336,1.5761827956989247,0.79,23.640833333333333,0.050967741935483875,1.5252150537634408
2022,ONE TOUCH VERIO TEST STRIPS,Brand,Diagnostic Agents,Diabetes Mell/Diab Supply NEC,13758,761923,1023756.44,529277.4099999999,494479.02999999997,74.41171972670446,1.343648163922076,35.94120002907399,38.470519697630465,0.6489881917201606,0.6946599722019153
2022,ONE TOUCH VERIO TEST STRIPS,Other,Diagnostic Agents,Diabetes Mell/Diab Supply NEC,390,18947,44739.09,32643.89,12095.2,114.71561538461538,2.3612756636934606,31.013333333333335,83.70228205128205,0.6383701905314826,1.7229054731619782
2022,ONFI,Brand,Central Nervous System,"Anticonvulsant, Benzodiazepine",380,12433,896144.38,857349.81,38794.57000000001,2358.274684210526,72.0778878790316,102.09097368421054,2256.1837105263157,3.120290356309821,68.9575975227218
2022,ONGENTYS,Brand,Central Nervous System,COMT Inhibitors,41,1860,31486.29,27101.670000000002,4384.62,767.9582926829269,16.928112903225806,106.94195121951219,661.0163414634147,2.357322580645161,14.570790322580645
2022,ONGLYZA,Brand,Hormones & Synthetic Subst,"Antidiabetic Agents, Misc",171,9110,60727.86000000001,43717.03999999999,17010.82,355.1336842105264,6.666065861690451,99.47847953216375,255.65520467836254,1.8672689352360043,4.798796926454445
2022,OPIUM,Generic,Central Nervous System,"Analg/Antipyr, Opiate Agonists",202,5731,84487.53,77520.69,6966.84,418.25509900990096,14.742196824288955,34.48930693069307,383.7657920792079,1.2156412493456639,13.526555574943291
2022,OPSUMIT,Brand,Cardiovascular Agents,"Vasodilating Agents, NEC",191,5730,2124880.53,2109931.53,14949.0,11125.02895287958,370.83429842931935,78.26701570680628,11046.761937172774,2.6089005235602096,368.2253979057591
2022,OPTICHAMBER DIAMOND,Brand,Devices & Non-Drug Items,"Devices & Non-Drug Items, NEC",6358,123049,97614.35,32669.48,64944.869999999995,15.35299622522806,0.793296572909979,10.214669707455174,5.138326517772884,0.5277968126518704,0.26549976025810856
2022,OPTICHAMBER DIAMOND,Other,Devices & Non-Drug Items,"Devices & Non-Drug Items, NEC",139,2914,3005.97,274.97,2731.0,21.625683453237407,1.0315614275909402,19.64748201438849,1.978201438848921,0.9371997254632807,0.09436170212765958
2022,OPTICHAMBER DIAMOND FACE MASK,Brand,Devices & Non-Drug Items,"Devices & Non-Drug Items, NEC",22,461,106.56,7.58,98.98,4.843636363636364,0.23114967462039046,4.499090909090909,0.34454545454545454,0.21470715835141,0.016442516268980478
2022,OPTIMUM VITAMIN B-COMPLEX,Generic,Vitamins & Comb,"Vitamins Bs & B Complex, NEC",20,1560,31.28,3.92,27.36,1.564,0.02005128205128205,1.3679999999999999,0.196,0.017538461538461537,0.002512820512820513
2022,OPZELURA,Brand,Antineoplastic Agents,Molecular Targeted Therapy,586,17195,672323.8300000001,558878.93,113444.9,1147.3102901023892,39.09996103518465,193.5919795221843,953.7183105802048,6.597551613841232,32.502409421343415
2022,ORACEA,Brand,Anti-Infective Agents,"Antibiot, Tetracyclines",29,1500,18715.41,12616.36,6099.05,645.3589655172414,12.476939999999999,210.31206896551726,435.04689655172416,4.066033333333333,8.410906666666667
2022,ORENCIA,Brand,Immunosuppressants,"Immunosuppressants, NEC",22,616,101380.18,93430.18,7950.0,4608.19,164.57821428571427,361.3636363636364,4246.826363636364,12.905844155844155,151.67237012987013
2022,ORENCIA CLICKJECT AUTOINJECTOR,Brand,Immunosuppressants,"Immunosuppressants, NEC",1021,28488,4936172.939999999,4732577.9799999995,203594.96,4834.645386875611,173.2720071609098,199.40740450538686,4635.237982370225,7.146691940466161,166.12531522044367
2022,ORENCIA PRE-FILLED SYRINGE,Brand,Immunosuppressants,"Immunosuppressants, NEC",411,11586,1950830.2499999998,1849545.63,101284.62,4746.545620437955,168.37823666494043,246.43459854014597,4500.11102189781,8.741983428275505,159.63625323666494
2022,ORENITRAM,Brand,Cardiovascular Agents,"Vasodilating Agents, NEC",40,969,498695.99999999994,497785.99999999994,910.0,12467.399999999998,514.6501547987616,22.75,12444.649999999998,0.9391124871001032,513.7110423116615
2022,ORFADIN,Brand,Misc Therapeutic Agents,"Misc Therapeutic Agents, NEC",13,420,897182.73,893682.73,3500.0,69014.05615384615,2136.1493571428573,269.2307692307692,68744.82538461538,8.333333333333334,2127.816023809524
2022,ORGOVYX,Brand,Hormones & Synthetic Subst,Gonadotrop Rel Horm Antagonist,228,6776,441974.45,435985.93,5988.52,1938.4844298245614,65.22645365997639,26.26543859649123,1912.21899122807,0.8837839433293979,64.342669716647
2022,ORIAHNN,Brand,UNKNOWN,UNKNOWN,24,660,24140.170000000002,22620.22,1519.95,1005.8404166666668,36.57601515151516,63.331250000000004,942.5091666666667,2.3029545454545457,34.27306060606061
2022,ORILISSA,Brand,Hormones & Synthetic Subst,Gonadotrop Rel Horm Antagonist,262,8526,286046.25,250154.86,35891.39,1091.7795801526718,33.54987684729064,136.99003816793893,954.7895419847328,4.209639924935491,29.340236922355146
2022,ORKAMBI,Brand,Respiratory Tract Agents,"Misc Therapeutic Agents, NEC",15,420,322628.03,321903.03,725.0,21508.535333333337,768.1619761904763,48.333333333333336,21460.202,1.7261904761904763,766.4357857142858
2022,ORLADEYO,Brand,Cardiovascular Agents,Kallikrein Inhibitor,44,1232,1444124.58,1408907.9000000001,35216.68,32821.01318181818,1172.1790422077922,800.3790909090909,32020.634090909094,28.584967532467534,1143.5940746753247
2022,ORPHENADRINE CITRATE,Generic,Autonomic Drugs,"Muscle Relax, Skeletal, Misc",766,19393,15817.440000000002,5211.719999999999,10605.720000000001,20.649399477806792,0.8156262568968186,13.845587467362925,6.803812010443863,0.5468839271902234,0.2687423297065951
2022,OSELTAMIVIR PHOSPHATE,Brand,Anti-Infective Agents,"Antivirals, NEC",1161,6206,32522.840000000004,10321.71,22201.129999999997,28.012782084409995,5.240547856912666,19.122420327304045,8.890361757105943,3.5773654527876246,1.66318240412504
2022,OSELTAMIVIR PHOSPHATE,Generic,Anti-Infective Agents,"Antivirals, NEC",12355,97531,556305.4600000002,258554.81,297750.64999999997,45.02674706596521,5.703883483200215,24.09960744637798,20.927139619587212,3.0528821605438266,2.651001322656386
2022,OSMOPREP,Brand,Gastrointestinal Drugs,"Cath&Lax, Laxatives, Saline",13,58,3706.6400000000003,2222.4,1484.24,285.1261538461539,63.90758620689656,114.1723076923077,170.95384615384617,25.590344827586208,38.317241379310346
2022,OSPHENA,Brand,Hormones & Synthetic Subst,"Estrogens & Comb, NEC",210,9868,60276.74999999999,38896.74,21380.010000000002,287.03214285714284,6.108304620997162,101.80957142857145,185.22257142857143,2.166600121605189,3.9417044993919736
2022,OTEZLA,Brand,Misc Therapeutic Agents,"Misc Therapeutic Agents, NEC",4061,122538,16674052.310000002,15950922.36,723129.95,4105.898131002216,136.07250248902383,178.06696626446686,3927.831164737749,5.901271034291403,130.1712314547324
2022,OTEZLA STARTER PACK,Brand,Misc Therapeutic Agents,"Misc Therapeutic Agents, NEC",133,3723,544607.02,501582.4699999999,43024.55,4094.7896240601503,146.28176739188828,323.4928571428572,3771.2967669172926,11.55641955412302,134.7253478377652
2022,OTREXUP,Brand,Antineoplastic Agents,Chemotherapy,200,5858,139717.34,112288.40999999999,27428.93,698.5867,23.850689655172413,137.14465,561.44205,4.682302833731649,19.168386821440762
2022,OVIDREL,Brand,Hormones & Synthetic Subst,"Gonadotropins, NEC",2487,23669,541505.75,396377.04000000004,145128.71000000002,217.7345195014073,22.87826904389708,58.35492963409732,159.37958986731002,6.131594490684018,16.746674553213065
2022,OXALIPLATIN,Generic,Antineoplastic Agents,Chemotherapy,21,315,5721.55,5473.05,248.5,272.45476190476194,18.163650793650795,11.833333333333334,260.62142857142857,0.7888888888888889,17.374761904761904
2022,OXANDROLONE,Generic,Hormones & Synthetic Subst,"Androgens & Comb, NEC",34,999,9115.269999999999,7830.2699999999995,1285.0,268.0961764705882,9.124394394394393,37.794117647058826,230.3020588235294,1.2862862862862863,7.838108108108107
2022,OXAPROZIN,Generic,Central Nervous System,"Analg/Antipyr,Nonstr/Antiinflm",84,3825,9466.39,5890.7,3575.6900000000005,112.69511904761904,2.474873202614379,42.5677380952381,70.12738095238095,0.9348209150326798,1.5400522875816993
2022,OXAYDO,Brand,Central Nervous System,"Analg/Antipyr, Opiate Agonists",13,390,26503.74,25333.74,1170.0,2038.749230769231,67.9583076923077,90.0,1948.749230769231,3.0,64.9583076923077
2022,OXAZEPAM,Generic,Central Nervous System,"ASH, Benzodiazepines",459,14336,28472.9,17606.94,10865.96,62.03246187363835,1.9861118861607143,23.673115468409584,38.359346405228756,0.75794921875,1.2281626674107142
2022,OXBRYTA,Brand,Blood Form/Coagul Agents,"Blood Form/Coagul Agents, Misc",43,1290,453330.88,444796.14,8534.74,10542.578604651162,351.41928682170544,198.48232558139534,10344.096279069769,6.616077519379845,344.80320930232557
2022,OXCARBAZEPINE,Generic,Central Nervous System,"Anticonvulsants, Misc",11080,520757,740111.8800000002,436955.92000000004,303155.96,66.79710108303252,1.4212231040581311,27.360646209386285,39.43645487364621,0.582144762336368,0.8390783417217629
2022,OXERVATE,Brand,"Eye, Ear, Nose Throat","Eye/Ear/Nose/Throat Misc, NEC",20,280,630900.85,623811.4199999999,7089.43,31545.0425,2253.2173214285713,354.4715,31190.570999999996,25.31939285714286,2227.897928571428
2022,OXICONAZOLE NITRATE,Generic,Skin & Mucous Membrane,"Antiinf S/MM,Antifungal & Comb",42,1573,20618.52,19038.73,1579.79,490.9171428571429,13.107768595041323,37.61404761904762,453.30309523809524,1.0043165924984108,12.10345200254291
2022,OXTELLAR XR,Brand,Central Nervous System,"Anticonvulsants, Misc",653,28491,774561.0599999999,687598.88,86962.18,1186.157825421133,27.186166157734018,133.17332312404287,1052.9845022970903,3.052268435646344,24.133897722087678
2022,OXYBUTYNIN CHLORIDE,Generic,Smooth Muscle Relaxants,"Muscle Rel,Smooth-Genitour NEC",11821,661194,331606.52,83792.96999999999,247813.55,28.052323830471195,0.5015268136129487,20.96383977666864,7.088484053802554,0.37479703385088187,0.12672977976206679
2022,OXYCODONE HCL,Brand,Central Nervous System,"Analg/Antipyr, Opiate Agonists",50,1232,6482.73,4846.81,1635.92,129.6546,5.261956168831168,32.7184,96.93620000000001,1.3278571428571428,3.9340990259740263
2022,OXYCODONE HCL,Generic,Central Nervous System,"Analg/Antipyr, Opiate Agonists",70461,723516,443164.80000000005,171631.94000000003,271532.86,6.28950483246051,0.6125155490687145,3.853661741956543,2.435843090503967,0.3752962754106336,0.23721927365808085
2022,OXYCODONE HCL-ACETAMINOPHEN,Generic,Central Nervous System,"Analg/Antipyr, Opiate Agonists",26214,386707,140440.34999999998,40773.35999999999,99666.98999999999,5.3574559395742725,0.36316991934462,3.802051956969558,1.5554039826047148,0.25773257272301764,0.10543734662160238
2022,OXYCONTIN,Brand,Central Nervous System,"Analg/Antipyr, Opiate Agonists",2893,79787,1666349.77,1471283.75,195066.02,575.993698582786,20.88497837993658,67.4268994123747,508.56679917041134,2.4448346221815584,18.440143757755024
2022,OXYMORPHONE HCL,Brand,Central Nervous System,"Analg/Antipyr, Opiate Agonists",30,811,30375.239999999998,29572.420000000002,802.82,1012.5079999999999,37.45405672009864,26.76066666666667,985.7473333333334,0.9899136868064119,36.46414303329223
2022,OXYMORPHONE HCL,Generic,Central Nervous System,"Analg/Antipyr, Opiate Agonists",77,2237,27605.22,25718.39,1886.8300000000002,358.50935064935067,12.340286097451946,24.504285714285718,334.0050649350649,0.8434644613321414,11.496821636119803
2022,OYSCO 500 + D,Generic,"Electrolytic, Caloric, Water","Repl Preps, Calcium Supp",31,1520,107.16,43.72,63.440000000000005,3.456774193548387,0.0705,2.0464516129032257,1.4103225806451614,0.04173684210526316,0.02876315789473684
2022,OYSTER SHELL CALCIUM,Generic,"Electrolytic, Caloric, Water","Repl Preps, Calcium Supp",73,5154,201.71000000000004,36.56,165.15,2.7631506849315075,0.03913659293752426,2.2623287671232877,0.5008219178082192,0.0320430733410943,0.007093519596429958
2022,OYSTER SHELL CALCIUM WITH VITAMIN D,Generic,"Electrolytic, Caloric, Water","Repl Preps, Calcium Supp",64,3980,167.29000000000002,42.39,124.9,2.6139062500000003,0.04203266331658292,1.9515625,0.66234375,0.031381909547738694,0.010650753768844222
2022,OZEMPIC 0.25 MG OR 0.5 MG DOSES,Brand,Hormones & Synthetic Subst,"Antidiabetic Agents, Misc",9030,361864,9407024.71,8760804.92,646219.7899999998,1041.7524595791806,25.99602256648907,71.5636533776301,970.1888062015504,1.7858084528994314,24.210214113589636
2022,OZEMPIC 1 MG DOSES,Brand,Hormones & Synthetic Subst,"Antidiabetic Agents, Misc",8966,381807,10573245.26,9892297.2,680948.0599999999,1179.2600111532456,27.69264382266433,75.94780950256524,1103.3122016506802,1.7834876259471406,25.909156196717188
2022,OZEMPIC 2 MG DOSES,Brand,Hormones & Synthetic Subst,"Antidiabetic Agents, Misc",1309,46829,1315280.81,1227643.82,87636.98999999999,1004.7981741787625,28.086886544662498,66.94957219251336,937.8486019862492,1.8714256123342372,26.21546093232826
2022,OZOBAX,Brand,Autonomic Drugs,"Muscle Relax, Skeletal Central",54,1385,36512.75,34447.649999999994,2065.1000000000004,676.1620370370371,26.3629963898917,38.2425925925926,637.9194444444444,1.4910469314079424,24.87194945848375
2022,PACERONE,Generic,Cardiovascular Agents,"Cardiac, Antiarrhythmic Agents",28,1943,5527.01,4515.3,1011.71,197.3932142857143,2.8445753988677303,36.1325,161.2607142857143,0.5206948018528049,2.3238805970149254
2022,PAIN RELIEVER,Generic,Central Nervous System,"Analgesics/Antipyretics, NEC",33,257,45.09,0.0,45.09,1.3663636363636364,0.17544747081712064,1.3663636363636364,0.0,0.17544747081712064,0.0
2022,PALFORZIA INITIAL DOSE ESCALATION,Brand,Diagnostic Agents,"Diagnostic Agents, Misc, NEC",23,23,818.8499999999999,212.69,606.1600000000001,35.60217391304347,35.60217391304347,26.354782608695654,9.247391304347826,26.354782608695654,9.247391304347826
2022,PALFORZIA LEVEL 1,Brand,Diagnostic Agents,"Diagnostic Agents, Misc, NEC",29,435,15445.289999999999,12225.35,3219.94,532.5962068965517,35.50641379310345,111.03241379310344,421.5637931034483,7.40216091954023,28.10425287356322
2022,PALFORZIA LEVEL 2,Brand,Diagnostic Agents,"Diagnostic Agents, Misc, NEC",21,315,11117.28,10026.81,1090.47,529.3942857142857,35.292952380952386,51.92714285714286,477.46714285714285,3.461809523809524,31.831142857142854
2022,PALFORZIA LEVEL 3,Brand,Diagnostic Agents,"Diagnostic Agents, Misc, NEC",17,270,9611.64,8375.550000000001,1236.0900000000001,565.3905882352941,35.59866666666667,72.71117647058824,492.67941176470595,4.578111111111111,31.02055555555556
2022,PALFORZIA LEVEL 4,Brand,Diagnostic Agents,"Diagnostic Agents, Misc, NEC",16,240,8796.119999999999,7131.82,1664.3,549.7574999999999,36.650499999999994,104.01875,445.73875,6.934583333333333,29.715916666666665
2022,PALFORZIA LEVEL 5,Brand,Diagnostic Agents,"Diagnostic Agents, Misc, NEC",14,210,7712.24,6676.15,1036.0900000000001,550.8742857142857,36.72495238095238,74.00642857142859,476.86785714285713,4.933761904761905,31.791190476190476
2022,PALFORZIA LEVEL 6,Brand,Diagnostic Agents,"Diagnostic Agents, Misc, NEC",18,270,9910.21,8243.029999999999,1667.18,550.5672222222222,36.70448148148148,92.62111111111112,457.94611111111107,6.174740740740741,30.529740740740735
2022,PALFORZIA LEVEL 7,Brand,Diagnostic Agents,"Diagnostic Agents, Misc, NEC",12,180,6619.16,5826.219999999999,792.94,551.5966666666667,36.77311111111111,66.07833333333333,485.51833333333326,4.405222222222222,32.367888888888885
2022,PALFORZIA LEVEL 8,Brand,Diagnostic Agents,"Diagnostic Agents, Misc, NEC",11,165,6049.3099999999995,5346.370000000001,702.94,549.9372727272727,36.662484848484844,63.903636363636366,486.03363636363645,4.260242424242424,32.40224242424243
2022,PALFORZIA LEVEL 9,Brand,Diagnostic Agents,"Diagnostic Agents, Misc, NEC",11,165,6123.89,5355.95,767.94,556.7172727272728,37.11448484848485,69.81272727272727,486.9045454545454,4.654181818181819,32.46030303030303
2022,PALFORZIA LEVEL 10,Brand,Diagnostic Agents,"Diagnostic Agents, Misc, NEC",11,165,6069.86,4851.499999999999,1218.3600000000001,551.8054545454545,36.7870303030303,110.76,441.04545454545445,7.384,29.4030303030303
2022,PALFORZIA LEVEL 11,Brand,Diagnostic Agents,"Diagnostic Agents, Misc, NEC",22,495,18385.34,15980.79,2404.55,835.6972727272728,37.14210101010101,109.29772727272729,726.3995454545455,4.857676767676768,32.284424242424244
2022,PALIPERIDONE,Generic,Central Nervous System,"Psychother,Tranq/Antipsychotic",832,32338,382165.6600000001,347907.2200000001,34258.44,459.33372596153856,11.817850825654032,41.176009615384615,418.15771634615396,1.0593864803018123,10.75846434535222
2022,PALYNZIQ,Brand,Enzymes,"Enzymes, NEC",89,2483,1374176.89,1357332.3299999998,16844.56,15440.189775280898,553.4341079339508,189.2647191011236,15250.925056179774,6.783954893274266,546.6501530406765
2022,PANCREAZE,Brand,Gastrointestinal Drugs,"Digestants & Comb, NEC",95,3712,177973.75,171527.02000000002,6446.73,1873.407894736842,47.945514547413794,67.86031578947367,1805.5475789473687,1.7367268318965516,46.208787715517246
2022,PANTOPRAZOLE SODIUM,Generic,Gastrointestinal Drugs,"Gastrointestinal Drug Misc,NEC",32448,2065259,460420.63999999996,74659.4,385761.24,14.189492110453648,0.2229360288467451,11.888598372781065,2.3008937376725838,0.18678588980849375,0.03615013903825137
2022,PAPAVERINE HCL,Brand,Pharmaceutical Aids/Adjuvants,"Pharmaceutical Aids/Adjuv, NEC",41,804,2829.2699999999995,599.46,2229.81,69.00658536585365,3.5189925373134323,54.38560975609756,14.620975609756098,2.7733955223880598,0.7455970149253732
2022,PARADIGM RESERVOIR,Brand,Devices & Non-Drug Items,"Devices & Non-Drug Items, NEC",37,3230,2025.17,446.53000000000003,1578.64,54.73432432432433,0.6269876160990713,42.66594594594595,12.068378378378378,0.4887430340557276,0.13824458204334367
2022,PARAGARD T380A,Brand,Contraceptive Cream/Foam/Devic,Contraceptive Cream/Foam/Devic,27,865,24395.02,24395.02,0.0,903.5192592592592,28.202335260115607,0.0,903.5192592592592,0.0,28.202335260115607
2022,PAROMOMYCIN SULFATE,Generic,Anti-Infective Agents,"Amebicides, NEC",14,126,2806.71,2016.2700000000002,790.44,200.4792857142857,22.27547619047619,56.46,144.01928571428573,6.273333333333333,16.002142857142857
2022,PAROXETINE HCL,Generic,Central Nervous System,"Psychother, Antidepressants",27118,1631639,473080.99999999994,176800.88,296280.12,17.445276200309756,0.2899421992242156,10.925588907736559,6.519687292573199,0.18158435781444301,0.10835784140977263
2022,PAROXETINE MESYLATE,Generic,Central Nervous System,"Psychother, Antidepressants",110,6187,28217.73,21484.489999999998,6733.24,256.5248181818182,4.560809762405043,61.21127272727273,195.31354545454545,1.088288346533053,3.4725214158719893
2022,PAXIL,Brand,Central Nervous System,"Psychother, Antidepressants",15,600,3511.12,720.33,2790.79,234.07466666666667,5.851866666666666,186.05266666666665,48.022000000000006,4.651316666666666,1.20055
2022,PAXIL CR,Brand,Central Nervous System,"Psychother, Antidepressants",23,1005,7819.08,3996.65,3822.4300000000003,339.96,7.780179104477612,166.19260869565218,173.76739130434783,3.8034129353233834,3.976766169154229
2022,PAXLOVID 150MG;100MG DOSE PACK,Brand,~Missing,~Missing,798,5605,9560.150000000001,9536.150000000001,24.0,11.98013784461153,1.7056467439785907,0.03007518796992481,11.950062656641606,0.004281891168599465,1.7013648528099914
2022,PAXLOVID 300MG;100MG DOSE PACK,Brand,~Missing,~Missing,39578,300728,425618.24,422534.63,3083.6099999999997,10.753909747839709,1.4152930222659679,0.07791222396280761,10.675997523876902,0.010253817403101806,1.4050392048628662
2022,PCCA SYRUP VEHICLE,Brand,Pharmaceutical Aids/Adjuvants,"Pharmaceutical Aids/Adjuv, NEC",50,965,2163.5,1659.92,503.58,43.27,2.2419689119170982,10.0716,33.1984,0.5218445595854923,1.7201243523316063
2022,PCCA-PLUS,Brand,Pharmaceutical Aids/Adjuvants,"Pharmaceutical Aids/Adjuv, NEC",116,2063,12608.369999999999,7807.41,4800.96,108.6928448275862,6.1116674745516235,41.38758620689655,67.30525862068966,2.327174018419777,3.784493456131847
2022,PEDIASURE,Brand,"Electrolytic, Caloric, Water","Caloric Agents, Nutrition Prep",44,1255,2449.02,1608.6299999999999,840.39,55.65954545454545,1.951410358565737,19.099772727272725,36.55977272727272,0.6696334661354582,1.2817768924302788
2022,PEDIATRIC STANDARD,Brand,"Electrolytic, Caloric, Water",Caloric/Nutrition/Dietary Misc,14,426,1594.3000000000002,1594.3000000000002,0.0,113.87857142857145,3.7424882629107987,0.0,113.87857142857145,0.0,3.7424882629107987
2022,PEG 3350,Generic,Pharmaceutical Aids/Adjuvants,"Pharmaceutical Aids/Adjuv, NEC",205,4815,3175.95,2065.29,1110.6599999999999,15.492439024390244,0.6595950155763239,5.417853658536584,10.074585365853657,0.23066666666666663,0.4289283489096573
2022,PEG 3350 AND ELECTROLYTES,Generic,Pharmaceutical Aids/Adjuvants,"Pharmaceutical Aids/Adjuv, NEC",3103,8498,41871.58,37890.229999999996,3981.35,13.49390267483081,4.927227582960697,1.2830647760232032,12.210837898807604,0.46850435396563894,4.458723228995058
2022,PEG 3350-NA SULF-NA CL-K CL-NA ASCORBATE-VIT C,Generic,Gastrointestinal Drugs,"Cath&Lax, Laxatives/Enemas",953,2104,86250.08000000002,84678.53,1571.55,90.50375655823716,40.993384030418255,1.6490556138509969,88.85470094438615,0.7469344106463878,40.246449619771866
2022,PEG 3350/SOD CL/SOD BICARB AND POT CL,Generic,Gastrointestinal Drugs,"Cath&Lax, Laxatives/Enemas",2236,7729,50816.68,48445.43000000001,2371.2500000000005,22.72660107334526,6.574806572648467,1.0604874776386406,21.666113595706623,0.30679906844352445,6.2680075042049435
2022,"PEG-3350, ELECTROLYTES AND ASCORBATE",Generic,Gastrointestinal Drugs,"Cath&Lax, Laxatives/Enemas",1846,4500,154964.53,152460.91999999998,2503.6099999999997,83.9461159263272,34.43656222222222,1.3562351029252435,82.58988082340194,0.5563577777777777,33.88020444444444
2022,PEGASYS,Brand,Antineoplastic Agents,"Interferons, Antineoplastic",34,896,108926.84,103611.84,5315.0,3203.730588235294,121.57013392857142,156.3235294117647,3047.4070588235295,5.931919642857143,115.63821428571428
2022,PEMAZYRE,Brand,Antineoplastic Agents,Molecular Targeted Therapy,12,252,214346.4,214346.4,0.0,17862.2,850.5809523809523,0.0,17862.2,0.0,850.5809523809523
2022,PENCICLOVIR,Generic,Skin & Mucous Membrane,"Antiinf S/MM,Antivirals & Comb",19,271,12363.43,11761.150000000001,602.28,650.7068421052631,45.62151291512915,31.698947368421052,619.0078947368422,2.2224354243542432,43.399077490774914
2022,PENICILLAMINE,Generic,Heavy Metal Antagonists,"Heavy Metal Antagonists, NEC",17,1005,169458.63,164427.68,5030.95,9968.154705882353,168.61555223880598,295.93823529411765,9672.216470588235,5.00592039800995,163.60963184079603
2022,PENICILLIN V POTASSIUM,Generic,Anti-Infective Agents,"Antibiot, Penicillins",3639,40345,14984.560000000005,781.79,14202.77,4.117768617752131,0.3714105837154543,3.902932124209948,0.2148364935421819,0.3520329656710869,0.019377618044367332
2022,PENICILLIN VK,Brand,Anti-Infective Agents,"Antibiot, Penicillins",242,3117,2849.6099999999997,416.25,2433.3600000000006,11.775247933884296,0.9142155919153031,10.05520661157025,1.7200413223140496,0.7806737247353226,0.13354186717998076
2022,PENICILLIN VK,Generic,Anti-Infective Agents,"Antibiot, Penicillins",8224,84115,33859.80999999999,1722.3,32137.51,4.117194795719843,0.4025418771919395,3.9077711575875482,0.20942363813229573,0.38206633775188725,0.020475539440052308
2022,PENTASA,Brand,Gastrointestinal Drugs,"Gastrointestinal Drug Misc,NEC",771,42250,1053117.9700000002,950659.9800000001,102457.98999999999,1365.9117639429314,24.92586911242604,132.88974059662775,1233.0220233463037,2.4250411834319525,22.500827928994084
2022,PENTAZOCINE HCL-NALOXONE HCL,Generic,Central Nervous System,"Analg/Antipyr,OpiatePart Agnst",12,262,2054.03,1708.0,346.03,171.16916666666668,7.839809160305344,28.83583333333333,142.33333333333334,1.3207251908396946,6.519083969465649
2022,PENTIPS PEN NEEDLES,Brand,Diagnostic Agents,Diabetes Mell/Diab Supply NEC,220,12035,3697.6399999999994,679.03,3018.61,16.807454545454544,0.30724054840049847,13.720954545454546,3.0865,0.25081927710843377,0.05642127129206481
2022,PENTOXIFYLLINE,Generic,Blood Form/Coagul Agents,"Hemorrheologic Agents, NEC",423,20555,18434.350000000002,8429.449999999999,10004.9,43.58002364066194,0.896830454877159,23.65224586288416,19.927777777777774,0.486738019946485,0.41009243493067377
2022,PERCOCET,Brand,Central Nervous System,"Analg/Antipyr, Opiate Agonists",43,1290,92164.5,89930.13,2234.37,2143.360465116279,71.44534883720931,51.96209302325581,2091.398372093023,1.7320697674418604,69.71327906976745
2022,PERFOROMIST,Brand,Autonomic Drugs,"Sympathomimetic Agents, NEC",43,1310,39574.91,38574.91,1000.0,920.3467441860466,30.209854961832065,23.25581395348837,897.0909302325582,0.7633587786259542,29.446496183206108
2022,PERINDOPRIL ERBUMINE,Generic,Cardiovascular Agents,"Cardiac, ACE Inhibitors",165,11488,8544.81,4412.42,4132.39,51.78672727272727,0.7438030988857939,25.04478787878788,26.741939393939393,0.3597136142061282,0.38408948467966575
2022,PERIOGARD,Generic,Skin & Mucous Membrane,S/MM Soaps/Cleanser/Antiseptic,35,568,154.96,6.88,148.08,4.427428571428572,0.2728169014084507,4.230857142857143,0.19657142857142856,0.2607042253521127,0.012112676056338027
2022,PERMETHRIN,Generic,Skin & Mucous Membrane,"Antiinf S/MM, Scabic/Pediculic",1629,23555,65607.22,31239.760000000002,34367.46,40.27453652547575,2.7852778603268944,21.097274401473296,19.177262124002457,1.4590303544894927,1.326247505837402
2022,PERPHENAZINE,Generic,Central Nervous System,"Psychother,Tranq/Antipsychotic",1164,47544,78707.17,49427.880000000005,29279.289999999997,67.61784364261169,1.6554595742890796,25.154029209621992,42.46381443298969,0.6158356469796399,1.0396239273094399
2022,PERSONAL BEST PEAK FLOW METER,Brand,Devices & Non-Drug Items,"Devices & Non-Drug Items, NEC",17,152,354.95,142.54,212.40999999999997,20.879411764705882,2.3351973684210527,12.494705882352939,8.384705882352941,1.3974342105263156,0.9377631578947367
2022,PERTZYE,Brand,Gastrointestinal Drugs,"Digestants & Comb, NEC",19,754,70822.01,68507.01,2315.0,3727.4742105263153,93.92839522546419,121.84210526315789,3605.6321052631574,3.070291777188329,90.85810344827586
2022,PETROLATUM WHITE,Brand,Pharmaceutical Aids/Adjuvants,"Pharmaceutical Aids/Adjuv, NEC",22,567,1058.0,347.1,710.9000000000001,48.09090909090909,1.8659611992945326,32.31363636363637,15.77727272727273,1.2537918871252207,0.6121693121693123
2022,PFIZER-BIONTECH COVID-19 BIVALENT VACC 12YR &OLDER,Brand,"Serums, Toxoids, Vaccines","Vaccines, NEC",118263,174459,5349915.93,5349731.81,184.12,45.2374447629436,30.665749144498132,0.0015568690122861758,45.23588789393132,0.001055376908041431,30.66469376759009
2022,PFIZER-BIONTECH COVID-19 VACCINE,Brand,"Serums, Toxoids, Vaccines","Vaccines, NEC",50039,73241,2275981.91,2275433.9899999998,547.92,45.484160554767286,31.07524351114813,0.010949859109894282,45.473210695657386,0.007481055692849633,31.067762455455274
2022,PFIZER-BIONTECH COVID-19 VACCINE 6MOS THROUGH 4YRS,Brand,"Serums, Toxoids, Vaccines","Vaccines, NEC",1179,1732,53384.31,53384.31,0.0,45.27931297709924,30.822349884526556,0.0,45.27931297709924,0.0,30.822349884526556
2022,PFIZER-BIONTECH COVID-19 VACCINE AGE 5YR TO <12YR,Brand,"Serums, Toxoids, Vaccines","Vaccines, NEC",17981,24956,816076.27,816076.27,0.0,45.385477448417774,32.70060386279852,0.0,45.385477448417774,0.0,32.70060386279852
2022,PFIZER-BIONTECH COVID-19 VACCINE AGE 12YR & OLDER,Brand,"Serums, Toxoids, Vaccines","Vaccines, NEC",85043,126571,3870735.0100000007,3870454.170000001,280.84,45.51503368883977,30.58153139344716,0.003302329409827969,45.511731359429945,0.002218833698082499,30.57931255974908
2022,PFIZER-BIONTECH COVID-19 VACCINE BIVALENT 5TO<12YR,Brand,"Serums, Toxoids, Vaccines","Vaccines, NEC",5054,7209,228743.1700000001,228743.1600000001,0.01,45.25982785912151,31.730221944791246,1.9786307874950535e-06,45.259825880490716,1.3871549452073797e-06,31.7302205576363
2022,PFIZER-BIONTECH COVID-19 VACCINE BIVALENT 6MO<5YR,Brand,"Serums, Toxoids, Vaccines","Vaccines, NEC",12,39,457.92,457.92,0.0,38.160000000000004,11.741538461538463,0.0,38.160000000000004,0.0,11.741538461538463
2022,PHARMACIST CHOICE ALCOHOL PREP PADS,Brand,Devices & Non-Drug Items,"Devices & Non-Drug Items, NEC",11,352,815.74,612.09,203.65,74.15818181818182,2.3174431818181818,18.513636363636365,55.64454545454546,0.5785511363636364,1.7388920454545456
2022,PHARMAPURE RX LIDOCAINE HCL-HYDROCORTISONE ACETATE,Generic,Skin & Mucous Membrane,Antiinflam S/MM Agnts&Comb NEC,43,871,2485.62,1578.24,907.3799999999999,57.805116279069765,2.8537543053960963,21.101860465116275,36.70325581395349,1.0417680826636049,1.8119862227324914
2022,PHENAZOPYRIDINE HCL,Generic,Misc Therapeutic Agents,"Misc Therapeutic Agents, NEC",6027,37285,59930.600000000006,11395.099999999999,48535.50000000001,9.943686742989879,1.6073648920477406,8.053011448481833,1.890675294508047,1.3017433284162534,0.3056215636314872
2022,PHENDIMETRAZINE TARTRATE,Generic,Central Nervous System,"Stimulant, Amphetamine Type",334,5612,1133.9199999999998,92.67,1041.25,3.3949700598802393,0.2020527441197434,3.1175149700598803,0.27745508982035927,0.185539914468995,0.016512829650748396
2022,PHENELZINE SULFATE,Brand,Central Nervous System,"Psychother, Antidepressants",14,750,1702.72,887.86,814.86,121.62285714285714,2.2702933333333335,58.20428571428572,63.41857142857143,1.0864800000000001,1.1838133333333334
2022,PHENELZINE SULFATE,Generic,Central Nervous System,"Psychother, Antidepressants",82,4760,9363.41,5831.8,3531.61,114.18792682926829,1.9671029411764707,43.06841463414634,71.11951219512196,0.7419348739495799,1.2251680672268908
2022,PHENEX-2,Brand,"Electrolytic, Caloric, Water","Caloric Agent, Amino Acid Prep",13,547,5315.37,4880.37,435.0,408.87461538461537,9.717312614259598,33.46153846153846,375.4130769230769,0.7952468007312614,8.922065813528336
2022,PHENOBARBITAL,Generic,Central Nervous System,"ASH, Barbiturates",943,36663,40969.3,19504.9,21464.4,43.4457051961824,1.1174562910836539,22.761823966065748,20.68388123011665,0.5854512723999673,0.5320050186836865
2022,PHENOHYTRO,Generic,Autonomic Drugs,Antichol/Antimuscarin/Antispas,52,1544,29295.559999999998,28083.059999999998,1212.5,563.3761538461538,18.97380829015544,23.317307692307693,540.0588461538462,0.7852979274611399,18.1885103626943
2022,PHENTERMINE HCL,Generic,Central Nervous System,"Stimulant, Amphetamine Type",10058,308405,57298.630000000005,3155.27,54143.36,5.696821435673097,0.18579021092394743,5.3831139391529135,0.3137074965201829,0.17555928081581038,0.010230930108137028
2022,PHENTOLAMINE MESYLATE,Brand,Pharmaceutical Aids/Adjuvants,"Pharmaceutical Aids/Adjuv, NEC",11,316,1434.16,924.1600000000001,510.0,130.37818181818182,4.538481012658228,46.36363636363637,84.01454545454546,1.6139240506329113,2.9245569620253167
2022,PHENYLADE AMINO ACID BLEND,Brand,"Electrolytic, Caloric, Water","Caloric Agents, Nutrition Prep",11,330,1176.34,1176.34,0.0,106.94,3.564666666666666,0.0,106.94,0.0,3.564666666666666
2022,PHENYLADE MTE AMINO ACID BLEND,Brand,"Electrolytic, Caloric, Water","Caloric Agents, Nutrition Prep",11,330,4478.71,4478.71,0.0,407.1554545454546,13.571848484848484,0.0,407.1554545454546,0.0,13.571848484848484
2022,PHENYTOIN,Generic,Central Nervous System,"Anticonv, Hydantoin Derivative",22,903,1287.03,676.43,610.6,58.501363636363635,1.425282392026578,27.754545454545454,30.74681818181818,0.6761904761904762,0.7490919158361018
2022,PHENYTOIN SODIUM EXTENDED,Generic,Central Nervous System,"Anticonv, Hydantoin Derivative",1087,67543,66297.25,28145.299999999996,38151.95,60.99103035878565,0.9815561938320774,35.09839006439742,25.89264029438822,0.5648542410020283,0.41670195283004896
2022,PHEXXI,Brand,Skin & Mucous Membrane,Emoll/Moist/Demul/Protect S/MM,600,16039,144361.91999999998,119368.39,24993.53,240.6032,9.000680840451398,41.65588333333333,198.94731666666667,1.5582972753912339,7.442383565060166
2022,PHILITH,Generic,Hormones & Synthetic Subst,"Contraceptive, Oral Comb, NEC",11,681,531.53,531.53,0.0,48.32090909090909,0.7805139500734214,0.0,48.32090909090909,0.0,0.7805139500734214
2022,PHOSPHA 250 NEUTRAL,Generic,"Electrolytic, Caloric, Water","Replacement Preparations, Misc",293,12164,12962.740000000002,5830.76,7131.98,44.241433447098984,1.0656642551792175,24.341228668941977,19.900204778156997,0.5863186451825058,0.4793456099967116
2022,PHOSPHASAL,Generic,Anti-Infective Agents,"Urinary Anti-Infectives, NEC",13,390,3766.0299999999997,3396.0299999999997,370.0,289.69461538461536,9.65648717948718,28.46153846153846,261.2330769230769,0.9487179487179487,8.70776923076923
2022,PHOSPHOROUS,Generic,Gastrointestinal Drugs,"Cath&Lax, Laxatives, Saline",25,1174,1641.76,752.4300000000001,889.33,65.6704,1.3984327086882453,35.5732,30.0972,0.7575212947189097,0.6409114139693357
2022,PHYTONADIONE,Generic,Vitamins & Comb,"Vitamin K Derivatives, NEC",125,4205,184414.01,180144.59999999998,4269.41,1475.3120800000002,43.85588822829965,34.15528,1441.1567999999997,1.0153174791914388,42.840570749108196
2022,PIFELTRO,Brand,Anti-Infective Agents,"Antivirals, NEC",127,6966,256552.30999999997,246373.7,10178.61,2020.096929133858,36.829214757393046,80.14653543307087,1939.9503937007876,1.4611843238587425,35.36803043353431
2022,PILOCARPINE HCL,Generic,Autonomic Drugs,"Parasympathomimetic, NEC",541,28662,56869.25,38332.01000000001,18537.239999999998,105.11876155268023,1.9841340450771057,34.26476894639556,70.85399260628468,0.6467531923801548,1.337380852696951
2022,PILOCARPINE HCL,Generic,"Eye, Ear, Nose Throat","Miotics EENT, NEC",249,16154,21116.209999999995,10999.08,10117.13,84.80405622489958,1.3071815030333043,40.63104417670682,44.173012048192774,0.6262925591184846,0.6808889439148198
2022,PIMECROLIMUS,Generic,Skin & Mucous Membrane,"S/MM Miscellaneous, NEC",1966,56158,615578.0199999999,542844.48,72733.54,313.1119125127161,10.96153744791481,36.995696846388604,276.11621566632755,1.29515901563446,9.666378432280352
2022,PIMOZIDE,Brand,Central Nervous System,"Psychother,Tranq/Antipsychotic",44,2370,10785.579999999998,9299.72,1485.8600000000001,245.12681818181815,4.550877637130801,33.76954545454546,211.35727272727271,0.626945147679325,3.9239324894514764
2022,PIMOZIDE,Generic,Central Nervous System,"Psychother,Tranq/Antipsychotic",35,2065,6904.56,4769.47,2135.09,197.27314285714286,3.3436125907990317,61.002571428571436,136.27057142857143,1.0339418886198548,2.3096707021791767
2022,PIMTREA,Generic,Hormones & Synthetic Subst,"Contraceptive, Oral Comb, NEC",79,5354,3421.7000000000003,3421.7000000000003,0.0,43.312658227848104,0.6390922674635787,0.0,43.312658227848104,0.0,0.6390922674635787
2022,PINDOLOL,Generic,Cardiovascular Agents,"Cardiac, Beta Blockers",101,7550,12199.920000000002,6383.78,5816.140000000001,120.7912871287129,1.6158834437086096,57.58554455445546,63.20574257425742,0.7703496688741723,0.845533774834437
2022,PIOGLITAZONE,Generic,Hormones & Synthetic Subst,"Antidiabetic Ag, TZD",1752,111872,31830.720000000005,9405.240000000002,22425.480000000003,18.168219178082193,0.2845280320366133,12.799931506849317,5.368287671232878,0.20045659324942794,0.08407143878718537
2022,PIOGLITAZONE HCL,Generic,Hormones & Synthetic Subst,"Antidiabetic Ag, TZD",2098,142116,37450.10999999999,8736.34,28713.77,17.850386081982837,0.263517900869712,13.686258341277407,4.164127740705434,0.2020445973711616,0.06147330349855048
2022,PIOGLITAZONE HCL-METFORMIN HCL,Generic,Hormones & Synthetic Subst,"Antidiabetic Agents, Misc",107,5610,17771.350000000002,13935.37,3835.9800000000005,166.0873831775701,3.167798573975045,35.85028037383178,130.23710280373834,0.6837754010695188,2.484023172905526
2022,PIOGLITAZONE HCL/GLIMEPIRIDE,Generic,Hormones & Synthetic Subst,"Antidiabetic Ag, Sulfonylureas",18,780,7837.779999999999,7267.779999999999,570.0,435.43222222222215,10.048435897435896,31.666666666666668,403.76555555555547,0.7307692307692307,9.317666666666666
2022,PIOGLITAZONE HYDROCHLORIDE,Generic,Hormones & Synthetic Subst,"Antidiabetic Ag, TZD",814,56972,19120.499999999996,7278.900000000001,11841.599999999999,23.489557739557736,0.3356122305694024,14.547420147420146,8.942137592137593,0.20784946991504596,0.12776276065435654
2022,PIQRAY 300MG DAILY DOSE,Brand,Antineoplastic Agents,Molecular Targeted Therapy,22,616,418279.24,418279.24,0.0,19012.692727272726,679.0247402597403,0.0,19012.692727272726,0.0,679.0247402597403
2022,PIRFENIDONE,Generic,Respiratory Tract Agents,"Misc Therapeutic Agents, NEC",73,2245,434854.18,432866.68,1987.5,5956.906575342466,193.6989665924276,27.226027397260275,5929.680547945205,0.8853006681514477,192.81366592427617
2022,PIRMELLA 1/35,Generic,Hormones & Synthetic Subst,"Contraceptive, Oral Comb, NEC",309,21678,12704.84,12673.44,31.4,41.115987055016184,0.5860706707260818,0.10161812297734628,41.014368932038835,0.0014484731063751268,0.5846221976197067
2022,PIRMELLA 7/7/7,Generic,Hormones & Synthetic Subst,"Contraceptive, Oral Comb, NEC",36,2163,1069.83,1069.83,0.0,29.717499999999998,0.49460471567267683,0.0,29.717499999999998,0.0,0.49460471567267683
2022,PIROXICAM,Generic,Central Nervous System,"Analg/Antipyr,Nonstr/Antiinflm",1576,61294,57856.829999999994,22166.83,35689.99999999999,36.711186548223345,0.9439232225013867,22.645939086294412,14.065247461928935,0.5822755897804025,0.36164763272098416
2022,PKU PERIFLEX JUNIOR PLUS,Brand,"Electrolytic, Caloric, Water","Caloric Agents, Nutrition Prep",35,1082,11904.9,9273.16,2631.74,340.14,11.00268022181146,75.19257142857143,264.9474285714286,2.4322920517560074,8.570388170055454
2022,PLAN B ONE-STEP,Brand,Hormones & Synthetic Subst,"Contraceptive, Oral Comb, NEC",61,63,1355.1599999999999,1355.1599999999999,0.0,22.21573770491803,21.510476190476187,0.0,22.21573770491803,0.0,21.510476190476187
2022,PLAQUENIL,Brand,Anti-Infective Agents,"Antimalarial Agents, NEC",76,4634,53762.15,38053.14,15709.01,707.3967105263158,11.601672421234355,206.6975,500.69921052631577,3.3899460509279242,8.211726370306431
2022,PLAVIX,Brand,Blood Form/Coagul Agents,"Antiplatelet Agents, NEC",24,1950,10012.74,7669.969999999999,2342.77,417.1975,5.134738461538461,97.61541666666666,319.5820833333333,1.2014205128205129,3.9333179487179484
2022,PLEGRIDY PEN,Brand,Misc Therapeutic Agents,Biological Response Modifiers,140,3752,941429.14,907949.6600000001,33479.479999999996,6724.493857142857,250.9139498933902,239.13914285714282,6485.354714285715,8.923102345415778,241.99084754797445
2022,PLEGRIDY SUBCUTANEOUS,Brand,Misc Therapeutic Agents,Biological Response Modifiers,14,392,102876.40000000001,102371.40000000001,505.0,7348.314285714287,262.4397959183674,36.07142857142857,7312.242857142858,1.288265306122449,261.1515306122449
2022,PLENVU,Brand,Gastrointestinal Drugs,"Cath&Lax, Laxatives/Enemas",2547,6900,228657.97999999998,138722.07000000004,89935.90999999997,89.77541421279936,33.138837681159416,35.31052610914801,54.46488810365137,13.03418985507246,20.10464782608696
2022,PNEUMOVAX 23,Brand,"Serums, Toxoids, Vaccines","Vaccines, NEC",717,1168,73436.92000000001,73436.92000000001,0.0,102.42248256624828,62.874075342465765,0.0,102.42248256624828,0.0,62.874075342465765
2022,PNV TABS 29-1,Brand,Vitamins & Comb,"Multivit Prep,Vitamin Prenatal",72,3656,1804.69,1082.93,721.76,25.06513888888889,0.49362417943107223,10.024444444444445,15.040694444444446,0.197417943107221,0.29620623632385124
2022,PNV TABS 29-1,Generic,Vitamins & Comb,"Multivit Prep,Vitamin Prenatal",16,780,387.68000000000006,43.14,344.53999999999996,24.230000000000004,0.4970256410256411,21.533749999999998,2.69625,0.44171794871794867,0.05530769230769231
2022,PNV-DHA,Brand,Vitamins & Comb,"Multivit Prep,Vitamin Prenatal",60,3720,5295.02,5295.02,0.0,88.25033333333334,1.4233924731182797,0.0,88.25033333333334,0.0,1.4233924731182797
2022,PNV-DHA,Generic,Vitamins & Comb,"Multivit Prep,Vitamin Prenatal",57,3000,5193.59,3252.11,1941.48,91.11561403508772,1.7311966666666667,34.061052631578946,57.05456140350877,0.64716,1.0840366666666668
2022,PNV-SELECT,Generic,Vitamins & Comb,"Multivit Prep,Vitamin Prenatal",29,1890,3397.42,2615.42,782.0,117.15241379310345,1.7975767195767196,26.96551724137931,90.18689655172415,0.41375661375661377,1.3838201058201058
2022,PODOFILOX,Generic,Skin & Mucous Membrane,"Keratolytic Agents S/MM, NEC",220,4864,10911.550000000001,5691.120000000001,5220.43,49.59795454545455,2.243328536184211,23.729227272727275,25.868727272727277,1.0732791940789475,1.1700493421052633
2022,POLY-VI-FLOR,Brand,Vitamins & Comb,"Multivit Prep,Multivit Mineral",28,860,3982.2700000000004,2657.2700000000004,1325.0,142.2239285714286,4.630546511627908,47.32142857142857,94.90250000000002,1.5406976744186047,3.0898488372093027
2022,POLYETHYLENE GLYCOL 3350,Generic,Pharmaceutical Aids/Adjuvants,"Pharmaceutical Aids/Adjuv, NEC",2579,58379,28636.63,18056.809999999998,10579.82,11.103772780147345,0.4905296425084363,4.1022954633578905,7.001477316789452,0.18122646842186402,0.3093031740865722
2022,POLYMYXIN B/TRIMETHOPRIM SULFATE,Generic,"Eye, Ear, Nose Throat","Antiinfect, Antibiotics EENT",12469,268218,82630.77,2446.26,80184.51000000001,6.626896302831021,0.30807317182292016,6.4307089582163774,0.19618734461464435,0.2989527548486679,0.009120416974252287
2022,POLYVINYL ALCOHOL,Brand,"Eye, Ear, Nose Throat","Eyewash/Eyestrm/Lubr/Tear, NEC",17,510,210.97,110.8,100.17,12.41,0.4136666666666667,5.892352941176471,6.517647058823529,0.19641176470588237,0.2172549019607843
2022,POLYVINYL ALCOHOL,Generic,"Eye, Ear, Nose Throat","Eyewash/Eyestrm/Lubr/Tear, NEC",106,3405,1023.55,317.86,705.69,9.656132075471698,0.3006020558002937,6.65745283018868,2.998679245283019,0.20725110132158592,0.09335095447870778
2022,POMALYST,Brand,Antineoplastic Agents,"Antineoplastic Agent, Misc.",316,8617,5699788.09,5674156.100000001,25631.989999999998,18037.30408227848,661.4585226877103,81.11389240506328,17956.190189873418,2.9745839619357084,658.4839387257747
2022,PORTIA-28,Generic,Hormones & Synthetic Subst,"Contraceptive, Oral Comb, NEC",427,29056,10221.6,10221.6,0.0,23.938173302107728,0.3517896475770925,0.0,23.938173302107728,0.0,0.3517896475770925
2022,POSACONAZOLE,Generic,Anti-Infective Agents,"Antibiot, Antifungals",187,5777,441781.15,433620.91000000003,8160.24,2362.466042780749,76.47241647914143,43.637647058823525,2318.8283957219255,1.4125393803011943,75.05987709884023
2022,POTASSIUM CHLORIDE,Generic,"Electrolytic, Caloric, Water","Repl Preps, Potassium Supp",10564,560891,398148.13999999996,201413.24999999997,196734.88999999996,37.6891461567588,0.7098494003291191,18.623143695569855,19.06600246118894,0.350754228539948,0.3590951717891711
2022,POTASSIUM CITRATE,Brand,Pharmaceutical Aids/Adjuvants,"Pharmaceutical Aids/Adjuv, NEC",12,360,1329.96,529.96,800.0,110.83,3.6943333333333332,66.66666666666667,44.163333333333334,2.2222222222222223,1.4721111111111111
2022,POTASSIUM CITRATE,Generic,"Electrolytic, Caloric, Water","Alkalinizing Agents, NEC",2669,159613,350871.38,222471.18,128400.2,131.46173847883102,2.1982631740522387,48.10798051704758,83.35375796178344,0.8044470061962371,1.3938161678560017
2022,PRADAXA,Brand,Blood Form/Coagul Agents,"Coag/Anticoag, Anticoagulants",361,18570,224820.5,176604.84999999998,48215.649999999994,622.7714681440443,12.106650511577813,133.5613573407202,489.210110803324,2.5964270328486805,9.51022347872913
2022,PRALUENT,Brand,Cardiovascular Agents,"Antihyperlipidemic Drugs, NEC",2602,102490,918662.2100000001,617144.98,301517.23,353.0600345887779,8.963432627573422,115.87902767102229,237.18100691775555,2.94191852863694,6.021514098936481
2022,PRAMIPEXOLE DIHYDROCHLORIDE,Generic,Central Nervous System,"CNS Agents, Misc.",3733,224848,254116.42,196540.67999999996,57575.74000000001,68.07297615858559,1.1301698036006547,15.423450308063224,52.64952585052236,0.2560651640219171,0.8741046395787375
2022,PRAMOSONE,Brand,Skin & Mucous Membrane,Antiinflam S/MM Agnts&Comb NEC,22,402,3748.9900000000007,1824.82,1924.17,170.4086363636364,9.32584577114428,87.46227272727273,82.94636363636363,4.786492537313433,4.5393532338308455
2022,PRASUGREL,Generic,Blood Form/Coagul Agents,"Antiplatelet Agents, NEC",2208,135046,176366.16,80750.49999999999,95615.65999999999,79.87597826086957,1.3059710024732314,43.30419384057971,36.57178442028985,0.708022895902137,0.5979481065710942
2022,PRASUGREL HYDROCHLORIDE,Generic,Blood Form/Coagul Agents,"Antiplatelet Agents, NEC",385,19351,28778.760000000002,14583.150000000001,14195.610000000002,74.75002597402597,1.4871975608495687,36.87171428571429,37.87831168831169,0.7335853444266447,0.753612216422924
2022,PRAVASTATIN SODIUM,Generic,Cardiovascular Agents,"Antihyperlipidemic Drugs, NEC",36087,2379719,500432.44000000006,340492.80000000005,159939.64,13.86738825615873,0.21029055951564032,4.4320569734253334,9.435331282733395,0.06720946464687638,0.14308109486876394
2022,PRAZIQUANTEL,Generic,Anti-Infective Agents,"Anthelmintics, NEC",53,259,26228.600000000002,24170.68,2057.92,494.8792452830189,101.26872586872588,38.82867924528302,456.05056603773585,7.945637065637066,93.32308880308881
2022,PRAZOSIN HCL,Generic,Cardiovascular Agents,"Hypotensive Agents, NEC",8707,378266,276629.61,110570.51000000001,166059.1,31.77094406799127,0.7313097397069787,19.071907660503044,12.69903640748823,0.43900086182739134,0.2923088778795874
2022,PRECISION XTRA,Brand,Diagnostic Agents,Diabetes Mell/Diab Supply NEC,67,2309,12181.13,9603.84,2577.2899999999995,181.80791044776117,5.275500216543958,38.46701492537313,143.34089552238805,1.1161931572109136,4.159307059333044
2022,PRECISION XTRA BLOOD B-KETONE,Brand,Diagnostic Agents,"Diagnostic Agents, Misc, NEC",583,17328,76525.7,53027.09,23498.61,131.26192109777014,4.416303093259464,40.306363636363635,90.95555746140651,1.3561063019390582,3.060196791320406
2022,PRECISION XTRA MONITOR,Brand,Diagnostic Agents,Diabetes Mell/Diab Supply NEC,65,1375,743.18,266.72999999999996,476.45000000000005,11.433538461538461,0.5404945454545454,7.330000000000001,4.103538461538461,0.34650909090909093,0.19398545454545452
2022,PRED FORTE,Brand,"Eye, Ear, Nose Throat","Antiinflam Agents EENT, NEC",50,1848,7412.04,3626.76,3785.28,148.2408,4.010844155844156,75.7056,72.5352,2.0483116883116885,1.9625324675324676
2022,PRED MILD,Brand,"Eye, Ear, Nose Throat","Antiinflam Agents EENT, NEC",98,3272,17399.92,10866.849999999999,6533.07,177.55020408163264,5.317823960880195,66.66397959183674,110.88622448979591,1.9966595354523227,3.3211644254278725
2022,PREDNISOLONE,Brand,Hormones & Synthetic Subst,"Adrenals & Comb, NEC",1077,6247,14844.749999999998,2726.14,12118.61,13.783426183844009,2.3763006242996636,11.252191272051997,2.5312349117920148,1.9399087562029775,0.4363918680966864
2022,PREDNISOLONE,Generic,Hormones & Synthetic Subst,"Adrenals & Comb, NEC",1623,14850,15794.170000000002,3116.1900000000005,12677.98,9.73146642020949,1.0635804713804715,7.811447935921134,1.9200184842883552,0.8537360269360269,0.20984444444444447
2022,PREDNISOLONE ACETATE,Brand,"Eye, Ear, Nose Throat","Antiinflam Agents EENT, NEC",5567,145959,267495.06999999995,125976.90999999999,141518.16,48.05012933357283,1.832672668352071,25.420901742410635,22.629227591162206,0.9695747435923787,0.8630979247596927
2022,PREDNISOLONE ACETATE,Generic,"Eye, Ear, Nose Throat","Antiinflam Agents EENT, NEC",6988,193716,310886.94999999995,148014.59,162872.36,44.4886877504293,1.6048594333973443,23.307435603892387,21.18125214653692,0.8407790786512213,0.7640803547461231
2022,PREDNISOLONE SOD PHOS/SULFACETAMIDE SODIUM,Brand,"Eye, Ear, Nose Throat","Antiinfect, Antiinflam EENT",19,251,331.53999999999996,15.41,316.13,17.449473684210524,1.3208764940239042,16.63842105263158,0.8110526315789474,1.2594820717131474,0.06139442231075697
2022,PREDNISOLONE SODIUM PHOSPHATE,Brand,"Eye, Ear, Nose Throat","Antiinflam Agents EENT, NEC",27,867,1356.33,354.89,1001.4399999999998,50.23444444444444,1.56439446366782,37.090370370370366,13.144074074074073,1.1550634371395616,0.40933102652825837
2022,PREDNISOLONE SODIUM PHOSPHATE,Brand,Hormones & Synthetic Subst,"Adrenals & Comb, NEC",39,389,10918.439999999999,9835.36,1083.08,279.96,28.067969151670948,27.77128205128205,252.18871794871797,2.78426735218509,25.28370179948586
2022,PREDNISOLONE SODIUM PHOSPHATE,Generic,"Eye, Ear, Nose Throat","Antiinflam Agents EENT, NEC",19,503,967.51,606.82,360.69,50.921578947368424,1.9234791252485088,18.983684210526317,31.937894736842107,0.7170775347912525,1.2064015904572565
2022,PREDNISOLONE SODIUM PHOSPHATE,Generic,Hormones & Synthetic Subst,"Adrenals & Comb, NEC",5141,37313,55902.32000000001,20827.88,35074.44,10.873822213577126,1.4981995551148395,6.82249367827271,4.051328535304416,0.9400058960683945,0.5581936590464449
2022,PREDNISONE,Brand,Hormones & Synthetic Subst,"Adrenals & Comb, NEC",43,287,2748.3599999999997,1512.8200000000002,1235.54,63.915348837209294,9.576167247386758,28.73348837209302,35.18186046511628,4.305017421602788,5.271149825783973
2022,PREDNISONE,Generic,Hormones & Synthetic Subst,"Adrenals & Comb, NEC",116576,1814462,426862.10000000003,43347.67999999999,383514.42,3.6616636357397754,0.23525546415411291,3.289823119681581,0.37184051605819374,0.21136536339697387,0.023890100757139026
2022,PREDNISONE INTENSOL,Brand,Hormones & Synthetic Subst,"Adrenals & Comb, NEC",21,151,3801.28,3055.9300000000003,745.35,181.01333333333335,25.17403973509934,35.49285714285715,145.52047619047622,4.936092715231788,20.23794701986755
2022,PREGABALIN,Generic,Central Nervous System,"CNS Agents, Misc.",13259,488692,501710.08999999997,301268.67,200441.41999999998,37.83921034768836,1.0266386394702594,15.117385926540463,22.721824421147897,0.41015899585014687,0.6164796436201124
2022,PREGNYL,Brand,Hormones & Synthetic Subst,"Gonadotropins, NEC",305,3431,34739.92,18016.260000000002,16723.659999999996,113.90137704918033,10.125304575925385,54.83167213114753,59.06970491803279,4.874281550568346,5.251023025357039
2022,PREMARIN,Brand,Hormones & Synthetic Subst,"Estrogens & Comb, NEC",1457,72592,316900.57999999996,197716.11000000002,119184.47,217.50211393273847,4.365502810227022,81.80128345916266,135.70083047357585,1.6418402854309015,2.723662524796121
2022,PREMARIN VAGINAL,Brand,Hormones & Synthetic Subst,"Estrogens & Comb, NEC",2396,120506,761637.04,566490.2500000001,195146.79,317.87856427378966,6.320324631138699,81.44690734557597,236.43165692821373,1.6193948019185767,4.700929829220123
2022,PREMIERPRO RX ONDANSETRON,Generic,Gastrointestinal Drugs,"Antiemetics, NEC",23,595,48.83,20.82,28.01,2.1230434782608696,0.0820672268907563,1.2178260869565218,0.9052173913043479,0.04707563025210084,0.03499159663865546
2022,PREMPHASE,Brand,Hormones & Synthetic Subst,"Estrogens & Comb, NEC",33,1540,7169.26,4109.57,3059.69,217.25030303030303,4.655363636363637,92.71787878787879,124.53242424242423,1.9868116883116884,2.668551948051948
2022,PREMPRO,Brand,Hormones & Synthetic Subst,"Estrogens & Comb, NEC",2908,140172,785295.4700000001,535510.18,249785.28999999998,270.04658528198075,5.602370444882003,85.89590440165061,184.15068088033013,1.7819913392118254,3.820379105670177
2022,PRENA1 PEARL,Brand,Vitamins & Comb,"Multivit Prep,Vitamin Prenatal",112,4170,12507.52,10944.31,1563.21,111.67428571428572,2.9994052757793765,13.957232142857142,97.71705357142856,0.3748705035971223,2.6245347721822543
2022,PRENA1 PEARL,Generic,Vitamins & Comb,"Multivit Prep,Vitamin Prenatal",17,510,1592.68,1492.68,100.0,93.68705882352941,3.122901960784314,5.882352941176471,87.80470588235295,0.19607843137254902,2.926823529411765
2022,PRENATABS FA,Brand,Vitamins & Comb,"Multivit Prep,Vitamin Prenatal",388,26421,9053.51,8686.32,367.18999999999994,23.333788659793814,0.34266341168010295,0.9463659793814432,22.38742268041237,0.01389765716664774,0.3287657545134552
2022,PRENATABS RX,Brand,Vitamins & Comb,"Multivit Prep,Vitamin Prenatal",156,9300,4354.18,4309.55,44.63,27.911410256410257,0.4681913978494624,0.2860897435897436,27.625320512820515,0.004798924731182796,0.4633924731182796
2022,PRENATABS RX,Generic,Vitamins & Comb,"Multivit Prep,Vitamin Prenatal",250,16331,6220.99,3701.04,2519.95,24.88396,0.38093135754087315,10.079799999999999,14.80416,0.15430469658930868,0.2266266609515645
2022,PRENATAL,Brand,Vitamins & Comb,"Multivit Prep,Vitamin Prenatal",411,25869,2327.85,2117.8199999999997,210.03,5.6638686131386855,0.08998608372956048,0.511021897810219,5.152846715328466,0.008118984112257916,0.08186709961730256
2022,PRENATAL,Generic,Vitamins & Comb,"Multivit Prep,Vitamin Prenatal",20,900,99.96,99.96,0.0,4.997999999999999,0.11106666666666666,0.0,4.997999999999999,0.0,0.11106666666666666
2022,PRENATAL 19 CHEWABLE,Brand,Vitamins & Comb,"Multivit Prep,Vitamin Prenatal",47,2430,1703.52,1703.52,0.0,36.245106382978726,0.701037037037037,0.0,36.245106382978726,0.0,0.701037037037037
2022,PRENATAL 19 CHEWABLE,Generic,Vitamins & Comb,"Multivit Prep,Vitamin Prenatal",64,3030,1721.97,1067.5000000000002,654.47,26.90578125,0.5683069306930694,10.22609375,16.679687500000004,0.215996699669967,0.3523102310231024
2022,PRENATAL MULTIVITAMIN + DHA,Brand,Vitamins & Comb,"Multivit Prep,Vitamin Prenatal",22,1410,337.72,327.72,10.0,15.350909090909092,0.23951773049645392,0.45454545454545453,14.896363636363638,0.0070921985815602835,0.23242553191489362
2022,PRENATAL PLUS VITAMINS,Brand,Vitamins & Comb,"Multivit Prep,Vitamin Prenatal",710,43729,7252.28,3439.52,3812.76,10.214478873239436,0.1658460060829198,5.370084507042254,4.844394366197183,0.08719065151272612,0.0786553545701937
2022,PRENATAL PLUS VITAMINS,Generic,Vitamins & Comb,"Multivit Prep,Vitamin Prenatal",139,8749,1965.35,449.04,1516.31,14.139208633093524,0.22463710138301518,10.908705035971222,3.2305035971223024,0.17331237855754944,0.05132472282546577
2022,PRENATAL VITAMIN,Brand,Vitamins & Comb,"Multivit Prep,Vitamin Prenatal",411,25020,1288.5099999999998,1193.79,94.72,3.1350608272506078,0.0514992006394884,0.23046228710462288,2.9045985401459853,0.003785771382893685,0.04771342925659472
2022,PRENATAL VITAMIN,Generic,Vitamins & Comb,"Multivit Prep,Vitamin Prenatal",20,750,58.59,58.59,0.0,2.9295,0.07812000000000001,0.0,2.9295,0.0,0.07812000000000001
2022,PRENATAL VITAMINS PLUS,Brand,Vitamins & Comb,"Multivit Prep,Vitamin Prenatal",24,1705,187.12,155.31,31.81,7.796666666666667,0.10974780058651026,1.3254166666666667,6.47125,0.018656891495601173,0.0910909090909091
2022,PRENATE MINI,Brand,Vitamins & Comb,"Multivit Prep,Vitamin Prenatal",60,3060,15265.029999999999,13905.029999999999,1360.0,254.41716666666665,4.988571895424836,22.666666666666668,231.7505,0.4444444444444444,4.544127450980392
2022,PRENATE PIXIE,Brand,Vitamins & Comb,"Multivit Prep,Vitamin Prenatal",30,1290,7770.64,7230.64,540.0,259.02133333333336,6.023751937984496,18.0,241.02133333333333,0.4186046511627907,5.605147286821706
2022,PRENAVITE,Brand,Vitamins & Comb,"Multivit Prep,Vitamin Prenatal",1647,111367,5972.41,5526.459999999999,445.95,3.6262355798421373,0.0536281842915765,0.2707650273224044,3.355470552519732,0.004004328032541058,0.04962385625903543
2022,PRENAVITE,Generic,Vitamins & Comb,"Multivit Prep,Vitamin Prenatal",60,3120,209.02,209.02,0.0,3.4836666666666667,0.06699358974358975,0.0,3.4836666666666667,0.0,0.06699358974358975
2022,PREPLUS,Brand,Vitamins & Comb,"Multivit Prep,Vitamin Prenatal",123,6536,1732.27,903.11,829.16,14.08349593495935,0.2650351897184822,6.741138211382114,7.342357723577236,0.12686046511627908,0.13817472460220317
2022,PREPLUS,Generic,Vitamins & Comb,"Multivit Prep,Vitamin Prenatal",38,2130,693.56,194.04,499.52,18.25157894736842,0.32561502347417837,13.145263157894737,5.106315789473684,0.2345164319248826,0.09109859154929577
2022,PRETAB,Brand,Vitamins & Comb,"Multivit Prep,Vitamin Prenatal",54,3062,1110.8700000000001,831.26,279.61,20.57166666666667,0.36279229261920315,5.1779629629629635,15.393703703703704,0.09131613324624428,0.2714761593729588
2022,PREVACID,Brand,Gastrointestinal Drugs,"Gastrointestinal Drug Misc,NEC",32,1740,33514.65,28493.48,5021.17,1047.3328125,19.261293103448278,156.9115625,890.42125,2.8857298850574713,16.375563218390806
2022,PREVACID,Generic,Gastrointestinal Drugs,"Gastrointestinal Drug Misc,NEC",12,450,10947.21,10411.49,535.72,912.2674999999999,24.327133333333332,44.64333333333334,867.6241666666666,1.190488888888889,23.136644444444443
2022,PREVACID SOLUTAB,Brand,Gastrointestinal Drugs,"Gastrointestinal Drug Misc,NEC",56,2073,32497.21,25153.510000000002,7343.700000000001,580.3073214285714,15.676415822479498,131.13750000000002,449.1698214285715,3.5425470332850946,12.133868789194405
2022,PREVALITE,Generic,Cardiovascular Agents,"Antihyperlipidemic Drugs, NEC",337,18439,57904.350000000006,44930.77000000001,12973.58,171.82299703264096,3.14031943163946,38.497270029673594,133.3257270029674,0.7035945550192527,2.436724876620208
2022,PREVIDENT,Brand,Dental Agents,"Fluoride Preparations, NEC",84,2687,767.5699999999999,0.0,767.5699999999999,9.137738095238095,0.2856605880163751,9.137738095238095,0.0,0.2856605880163751,0.0
2022,PREVIDENT 5000 BOOSTER PLUS,Brand,Dental Agents,"Fluoride Preparations, NEC",1219,42529,11163.190000000002,428.58000000000004,10734.61,9.157662018047581,0.26248418726045764,8.806078753076292,0.351583264971288,0.25240682828187827,0.010077358978579323
2022,PREVIDENT 5000 BOOSTER PLUS,Generic,Dental Agents,"Fluoride Preparations, NEC",20,648,411.61,0.0,411.61,20.5805,0.6352006172839506,20.5805,0.0,0.6352006172839506,0.0
2022,PREVIDENT 5000 DRY MOUTH,Brand,Dental Agents,"Fluoride Preparations, NEC",150,5194,1471.87,191.02999999999997,1280.84,9.812466666666666,0.283378898729303,8.538933333333333,1.2735333333333332,0.24659992298806313,0.03677897574123989
2022,PREVIDENT 5000 ENAMEL PROTECT,Brand,Dental Agents,"Fluoride Preparations, NEC",274,8622,2513.77,53.56,2460.2100000000005,9.17434306569343,0.2915530039434006,8.978868613138689,0.19547445255474452,0.28534098816979825,0.006212015773602413
2022,PREVIDENT 5000 ORTHO DEFENSE,Brand,Dental Agents,"Fluoride Preparations, NEC",14,628,121.15,0.0,121.14999999999999,8.653571428571428,0.1929140127388535,8.653571428571428,0.0,0.1929140127388535,0.0
2022,PREVIDENT 5000 PLUS,Brand,Dental Agents,"Fluoride Preparations, NEC",243,6562,2852.1800000000003,170.38,2681.8,11.737366255144034,0.4346510210301738,11.036213991769548,0.7011522633744856,0.4086863761048461,0.025964644925327643
2022,PREVIDENT 5000 SENSITIVE,Brand,Dental Agents,"Fluoride Preparations, NEC",565,19096,5370.93,204.63,5166.3,9.506070796460177,0.2812594260578132,9.143893805309736,0.3621769911504425,0.2705435693338919,0.01071585672392124
2022,PREVIDENT DENTAL RINSE,Brand,Dental Agents,"Fluoride Preparations, NEC",46,1911,413.13,42.42,370.71000000000004,8.98108695652174,0.21618524332810046,8.058913043478261,0.9221739130434783,0.19398744113029828,0.022197802197802197
2022,PREVNAR 13,Brand,"Serums, Toxoids, Vaccines","Vaccines, NEC",73,156,13192.54,13192.54,0.0,180.7197260273973,84.5675641025641,0.0,180.7197260273973,0.0,84.5675641025641
2022,PREVNAR 20,Brand,"Serums, Toxoids, Vaccines","Vaccines, NEC",2812,4987,571084.71,570840.38,244.33,203.08844594594592,114.51468016843793,0.08688833570412519,203.00155761024183,0.0489933827952677,114.46568678564267
2022,PREVYMIS,Brand,Anti-Infective Agents,"Antivirals, NEC",108,3222,539760.9,516506.38999999996,23254.510000000002,4997.7861111111115,167.5235567970205,215.31953703703707,4782.466574074074,7.217414649286158,160.3061421477343
2022,PREZCOBIX,Brand,Anti-Infective Agents,"Antivirals, NEC",386,15830,860335.4100000001,835523.0900000001,24812.32,2228.8482124352336,54.348415034744164,64.28062176165803,2164.5675906735755,1.5674238787113077,52.780991156032854
2022,PREZISTA,Brand,Anti-Infective Agents,"Antivirals, NEC",307,13474,711232.76,694463.65,16769.11,2316.7190879478826,52.785569244470835,54.62250814332248,2262.0965798045604,1.2445532135965565,51.541016030874275
2022,PRIFTIN,Brand,Anti-Infective Agents,"Antituberculosis Agents, NEC",30,976,3147.59,1538.35,1609.24,104.91966666666667,3.224989754098361,53.641333333333336,51.27833333333333,1.648811475409836,1.5761782786885246
2022,PRILOSEC,Brand,Gastrointestinal Drugs,"Gastrointestinal Drug Misc,NEC",11,272,8085.099999999999,7429.729999999999,655.37,735.0090909090909,29.724632352941175,59.57909090909091,675.4299999999998,2.409448529411765,27.315183823529406
2022,PRIMIDONE,Generic,Central Nervous System,"Anticonvulsants, Misc",1104,62697,36693.42,11955.95,24737.47,33.23679347826087,0.5852500119622949,22.407128623188406,10.829664855072464,0.3945558798666603,0.19069413209563457
2022,PRISTIQ,Brand,Central Nervous System,"Psychother, Antidepressants",108,5175,60622.12,49805.310000000005,10816.81,561.315925925926,11.714419323671498,100.15564814814815,461.1602777777778,2.0902048309178745,9.624214492753625
2022,PRIVIGEN,Brand,"Serums, Toxoids, Vaccines","Serums, NEC",32,898,325282.45,324482.45,800.0,10165.0765625,362.22989977728287,25.0,10140.0765625,0.89086859688196,361.3390311804009
2022,PROAIR HFA,Brand,Autonomic Drugs,"Sympathomimetic Agents, NEC",2960,75049,247017.84999999998,141220.78,105797.07,83.45197635135135,3.291420938320297,35.74225337837838,47.70972297297297,1.409706591693427,1.8817143466268704
2022,PROAIR HFA,Generic,Autonomic Drugs,"Sympathomimetic Agents, NEC",46,1228,3345.59,1456.9299999999998,1888.6599999999999,72.73021739130435,2.7244218241042346,41.05782608695652,31.672391304347823,1.5379967426710097,1.1864250814332247
2022,PROAIR RESPICLICK,Brand,Autonomic Drugs,"Sympathomimetic Agents, NEC",480,13178,33377.79,11223.509999999998,22154.28,69.5370625,2.532841857641524,46.15475,23.382312499999998,1.6811564729093944,0.8516853847321292
2022,PROBENECID,Generic,Misc Therapeutic Agents,"Antigout Agents, NEC",283,16866,26825.190000000002,14091.660000000002,12733.53,94.78865724381626,1.5904891497687657,44.99480565371025,49.793851590106016,0.7549822127356813,0.8355069370330844
2022,PROBENECID-COLCHICINE,Generic,Misc Therapeutic Agents,"Antigout Agents, NEC",145,6988,10629.33,5839.42,4789.910000000001,73.30572413793104,1.521083285632513,33.033862068965526,40.27186206896552,0.6854479107040642,0.8356353749284487
2022,PROCHAMBER,Brand,Respiratory Tract Agents,"Misc Therapeutic Agents, NEC",815,18594,6994.339999999998,2215.3,4779.040000000001,8.582012269938648,0.3761611272453479,5.863852760736197,2.7181595092024544,0.2570205442615898,0.11914058298375821
2022,PROCHAMBER,Other,Respiratory Tract Agents,"Misc Therapeutic Agents, NEC",16,301,189.24,21.85,167.39,11.8275,0.6287043189368771,10.461875,1.365625,0.5561129568106312,0.07259136212624585
2022,PROCHLORPERAZINE,Generic,Gastrointestinal Drugs,"Antiemetics, NEC",54,464,6411.490000000002,4002.6499999999996,2408.84,118.73129629629632,13.817866379310349,44.60814814814815,74.12314814814815,5.1914655172413795,8.626400862068964
2022,PROCHLORPERAZINE MALEATE,Generic,Gastrointestinal Drugs,"Antiemetics, NEC",6220,80320,102381.99000000002,45288.38,57093.61000000001,16.460127009646307,1.2746761703187253,9.179036977491963,7.28109003215434,0.7108268177290837,0.5638493525896414
2022,PROCRIT,Brand,Blood Form/Coagul Agents,"Hematopoietic Agents, NEC",46,1288,46114.39,42874.39,3240.0,1002.4867391304348,35.803097826086955,70.43478260869566,932.0519565217392,2.515527950310559,33.2875698757764
2022,PROCTO-MED HC,Generic,Skin & Mucous Membrane,Antiinflam S/MM Agnts&Comb NEC,488,8478,11070.779999999999,4087.11,6983.67,22.68602459016393,1.3058244869072893,14.31079918032787,8.375225409836066,0.8237402689313518,0.48208421797593776
2022,PROCTOFOAM-HC,Brand,Skin & Mucous Membrane,Antiinflam S/MM Agnts&Comb NEC,258,4398,34288.409999999996,19923.109999999997,14365.3,132.90081395348835,7.796364256480217,55.67945736434108,77.22135658914728,3.266325602546612,4.530038653933605
2022,PROCTOSOL-HC,Generic,Skin & Mucous Membrane,Antiinflam S/MM Agnts&Comb NEC,135,2811,4359.6,2507.7,1851.9,32.29333333333334,1.5509071504802563,13.717777777777778,18.575555555555553,0.6588046958377802,0.892102454642476
2022,PROCTOZONE-HC,Generic,Skin & Mucous Membrane,Antiinflam S/MM Agnts&Comb NEC,115,2161,3369.43,1601.27,1768.1599999999999,29.299391304347825,1.559199444701527,15.375304347826086,13.924086956521739,0.8182137899120777,0.7409856547894493
2022,PROCYSBI,Brand,Misc Therapeutic Agents,"Misc Therapeutic Agents, NEC",13,390,1292097.18,1287932.93,4164.25,99392.09076923077,3313.069692307692,320.3269230769231,99071.76384615384,10.677564102564103,3302.392128205128
2022,PROGESTERONE,Brand,Pharmaceutical Aids/Adjuvants,"Pharmaceutical Aids/Adjuv, NEC",85,3111,8283.310000000001,3935.67,4347.639999999999,97.45070588235296,2.662587592414015,51.148705882352935,46.302,1.3975056252009,1.2650819672131148
2022,PROGESTERONE,Generic,Hormones & Synthetic Subst,"Progestins, NEC",8433,376773,439153.19000000006,193835.72,245317.47,52.075559113008424,1.165564384921425,29.09017787264319,22.985381240365232,0.6511015120510227,0.514462872870402
2022,PROGESTERONE IN SESAME OIL,Generic,Hormones & Synthetic Subst,"Progestins, NEC",19,505,1179.15,686.87,492.28000000000003,62.06052631578948,2.334950495049505,25.90947368421053,36.15105263157895,0.9748118811881189,1.3601386138613862
2022,PROGESTERONE MICRONIZED,Brand,Pharmaceutical Aids/Adjuvants,"Pharmaceutical Aids/Adjuv, NEC",270,8661,55636.100000000006,37931.020000000004,17705.08,206.05962962962965,6.423750144325136,65.57437037037037,140.48525925925927,2.044230458376631,4.379519685948505
2022,PROGESTERONE MICRONIZED,Generic,Hormones & Synthetic Subst,"Progestins, NEC",6769,435676,372722.64,128449.79,244272.85,55.06317624464471,0.8555041820068124,36.08699217018762,18.976184074457084,0.560675479025698,0.2948287029811144
2022,PROGRAF,Brand,Immunosuppressants,"Immunosuppressants, NEC",270,11872,236583.28999999998,199561.06,37022.23,876.2344074074073,19.927837769541778,137.11937037037038,739.115037037037,3.1184492924528304,16.809388477088948
2022,PROLASTIN-C,Brand,Blood Derivatives,"Blood Derivatives, NEC",65,1807,642133.1,641183.1,950.0,9878.97076923077,355.3586607636967,14.615384615384615,9864.355384615385,0.5257332595462092,354.8329275041505
2022,PROLENSA,Brand,"Eye, Ear, Nose Throat","Antiinflam Agents EENT, NEC",220,7142,66883.85,46941.219999999994,19942.629999999997,304.01750000000004,9.364862783534026,90.64831818181817,213.3691818181818,2.792303276393167,6.5725595071408565
2022,PROLEUKIN,Brand,Antineoplastic Agents,Molecular Targeted Therapy,26,364,212446.63,210049.01,2397.62,8171.024230769231,583.6445879120879,92.21615384615384,8078.808076923077,6.5868681318681315,577.0577197802198
2022,PROLIA,Brand,Misc Therapeutic Agents,Bone Resorption Inhibitors,244,41670,339080.4699999999,240117.86999999997,98962.6,1389.674057377049,8.137280297576192,405.5844262295082,984.0896311475409,2.3749124070074394,5.762367890568754
2022,PROMACTA,Brand,Blood Form/Coagul Agents,"Hematopoietic Agents, NEC",289,8909,3945613.8100000005,3892444.4099999997,53169.399999999994,13652.642941176473,442.879538668762,183.97716262975777,13468.665778546712,5.968054776069143,436.91148389269273
2022,PROMETHAZINE DM,Generic,Antihistamines & Comb.,"Antihistamines & Comb, NEC",426,3135,3800.5800000000004,542.21,3258.3699999999994,8.921549295774648,1.212306220095694,7.648755868544599,1.272793427230047,1.039352472089314,0.1729537480063796
2022,PROMETHAZINE HCL,Generic,Antihistamines & Comb.,"Antihistamines & Comb, NEC",2177,34699,28393.049999999996,17691.260000000002,10701.789999999999,13.042282958199355,0.8182670970344965,4.915842903077629,8.126440055121728,0.30841782183924604,0.5098492751952507
2022,PROMETHAZINE HCL-CODEINE PHOSPHATE,Generic,Respiratory Tract Agents,"Antitussives/Cold Comb, NEC",270,3028,1794.2199999999998,60.22,1734.0,6.645259259259259,0.5925429326287979,6.4222222222222225,0.22303703703703703,0.5726552179656539,0.01988771466314399
2022,PROMETHAZINE HCL-DEXTROMETHORPHAN HBR,Generic,Respiratory Tract Agents,"Cough/Cough/Cold Comb, NEC",619,5733,5974.78,806.62,5168.16,9.652310177705976,1.042173382173382,8.349208400646203,1.303101777059774,0.9014756671899529,0.14069771498342926
2022,PROMETHAZINE HYDROCHLORIDE/CODEINE,Generic,Respiratory Tract Agents,"Antitussives/Cold Comb, NEC",398,4523,3165.9200000000005,172.79000000000002,2993.13,7.95457286432161,0.6999602034048199,7.520427135678392,0.43414572864321616,0.6617576829537918,0.03820252045102809
2022,PROMETHAZINE VC W/CODEINE,Generic,Respiratory Tract Agents,"Antitussives/Cold Comb, NEC",21,280,1185.81,845.55,340.26,56.46714285714285,4.235035714285714,16.20285714285714,40.26428571428571,1.2152142857142856,3.0198214285714284
2022,PROMETHEGAN,Brand,Antihistamines & Comb.,"Antihistamines & Comb, NEC",19,460,11871.05,11681.05,190.0,624.7921052631579,25.80663043478261,10.0,614.7921052631579,0.41304347826086957,25.393586956521737
2022,PROMETHEGAN,Generic,Antihistamines & Comb.,"Antihistamines & Comb, NEC",74,665,8556.119999999999,6763.6799999999985,1792.44,115.62324324324322,12.866345864661653,24.222162162162164,91.40108108108106,2.6953984962406015,10.17094736842105
2022,PROMETRIUM,Brand,Hormones & Synthetic Subst,"Progestins, NEC",27,1950,10613.66,6009.99,4603.67,393.0985185185185,5.442902564102564,170.5062962962963,222.5922222222222,2.3608564102564102,3.0820461538461537
2022,PROPAFENONE HCL,Generic,Cardiovascular Agents,"Cardiac, Antiarrhythmic Agents",336,21402,89514.52999999998,72930.47,16584.059999999998,266.41229166666665,4.182531071862442,49.357321428571424,217.05497023809525,0.7748836557331089,3.407647416129334
2022,PROPRANOLOL HCL,Brand,Cardiovascular Agents,"Cardiac, Beta Blockers",13,654,302.13,108.04,194.09,23.24076923076923,0.4619724770642202,14.93,8.310769230769232,0.2967737003058104,0.1651987767584098
2022,PROPRANOLOL HCL,Generic,Cardiovascular Agents,"Cardiac, Beta Blockers",43911,2255914,1408238.3699999999,509628.63,898609.7400000002,32.07028694404591,0.6242429321330512,20.46434241989479,11.605944524151123,0.39833510497297336,0.2259078271600779
2022,PROPYLTHIOURACIL,Generic,Hormones & Synthetic Subst,"Thy/Antithy, Antithyroid Agent",236,12246,18547.53,10970.220000000001,7577.3099999999995,78.59122881355931,1.514578637922587,32.10724576271186,46.48398305084746,0.6187579617834394,0.8958206761391476
2022,PROSCAR,Brand,Misc Therapeutic Agents,"Misc Therapeutic Agents, NEC",32,1376,1627.63,102.35,1525.28,50.8634375,1.1828706395348838,47.665,3.1984375,1.1084883720930232,0.07438226744186047
2022,PROTONIX,Brand,Gastrointestinal Drugs,"Gastrointestinal Drug Misc,NEC",39,2841,63599.18,53426.05000000001,10173.13,1630.7482051282052,22.386195001759944,260.84948717948714,1369.8987179487183,3.5808271735304467,18.8053678282295
2022,PROTONIX,Generic,Gastrointestinal Drugs,"Gastrointestinal Drug Misc,NEC",12,390,12069.26,9261.44,2807.82,1005.7716666666666,30.946820512820512,233.985,771.7866666666667,7.199538461538462,23.747282051282053
2022,PROTOPIC,Brand,Skin & Mucous Membrane,"S/MM Miscellaneous, NEC",23,640,5185.87,2914.34,2271.5299999999997,225.47260869565216,8.102921875,98.76217391304347,126.7104347826087,3.5492656249999994,4.55365625
2022,PROTRIPTYLINE HCL,Generic,Central Nervous System,"Psychother, Antidepressants",105,4801,45497.170000000006,39538.780000000006,5958.39,433.306380952381,9.476602791085192,56.74657142857143,376.5598095238096,1.241072693188919,8.235530097896273
2022,PROVENTIL HFA,Brand,Autonomic Drugs,"Sympathomimetic Agents, NEC",22,579,1151.1,63.43,1087.67,52.32272727272727,1.988082901554404,49.43954545454546,2.8831818181818183,1.8785319516407601,0.10955094991364421
2022,PROVIGIL,Brand,Central Nervous System,"Stimulant, Amphetamine Type",59,1725,134592.68,128866.71,5725.97,2281.2318644067796,78.0247420289855,97.05033898305085,2184.181525423729,3.3194028985507247,74.70533913043478
2022,PROXIVOL,Generic,Skin & Mucous Membrane,"Antiprur/Local Anest S/MM, NEC",28,406,25103.12,24340.62,762.5,896.54,61.8303448275862,27.232142857142858,869.3078571428571,1.8780788177339902,59.95226600985222
2022,PROZAC,Brand,Central Nervous System,"Psychother, Antidepressants",242,13827,379892.3,333592.81,46299.490000000005,1569.8028925619835,27.47467274173718,191.32020661157026,1378.4826859504133,3.3484841252621687,24.126188616475012
2022,PSEUDOEPHEDRINE HCL,Generic,Autonomic Drugs,"Sympathomimetic Agents, NEC",65,751,116.9,48.980000000000004,67.92,1.7984615384615386,0.15565912117177097,1.0449230769230768,0.7535384615384616,0.09043941411451398,0.06521970705725699
2022,PULMICORT FLEXHALER,Brand,Hormones & Synthetic Subst,"Adrenals & Comb, NEC",3929,169717,815040.7000000001,549391.29,265649.41,207.4422753881395,4.8023515617174475,67.61247391193687,139.82980147620262,1.5652492678989138,3.237102293818533
2022,PULMOZYME,Brand,Respiratory Tract Agents,"Mucolytics/Cold Comb, NEC",418,13305,2129506.27,2076492.6500000001,53013.62,5094.5126076555025,160.0530830514844,126.82684210526317,4967.68576555024,3.9844885381435553,156.06859451334086
2022,PURAMINO DHA & ARA,Brand,"Electrolytic, Caloric, Water","Caloric Agents, Nutrition Prep",241,5666,63472.77,51484.28,11988.490000000002,263.372489626556,11.202394987645604,49.74477178423237,213.62771784232365,2.1158648076244266,9.086530180021178
2022,PURELAX,Generic,Pharmaceutical Aids/Adjuvants,"Pharmaceutical Aids/Adjuv, NEC",238,6062,1785.2199999999998,850.9999999999999,934.22,7.5009243697478984,0.29449356647970965,3.925294117647059,3.57563025210084,0.1541108545034642,0.14038271197624544
2022,PURIFIED WATER,Generic,Pharmaceutical Aids/Adjuvants,"Pharmaceutical Aids/Adjuv, NEC",25,738,1504.05,520.5,983.55,60.162,2.038008130081301,39.342,20.82,1.3327235772357724,0.7052845528455285
2022,PURIXAN,Brand,Antineoplastic Agents,Chemotherapy,166,3363,83502.19,81946.20999999999,1555.98,503.0252409638554,24.82967291109129,9.373373493975905,493.65186746987945,0.4626761819803747,24.36699672911091
2022,PYLERA,Brand,Anti-Infective Agents,"Anti-Infectives, Misc",86,1094,75344.53,70693.68,4650.85,876.0991860465116,68.87068555758684,54.079651162790704,822.0195348837209,4.251234003656307,64.61945155393052
2022,PYRAZINAMIDE,Generic,Anti-Infective Agents,"Antituberculosis Agents, NEC",85,2519,25765.75,23738.14,2027.6100000000001,303.1264705882353,10.228562921794364,23.85423529411765,279.27223529411765,0.8049265581579993,9.423636363636364
2022,PYRIDIUM,Brand,Misc Therapeutic Agents,"Misc Therapeutic Agents, NEC",32,85,589.1,41.84,547.26,18.409375,6.930588235294118,17.101875,1.3075,6.43835294117647,0.4922352941176471
2022,PYRIDOSTIGMINE BROMIDE,Generic,Autonomic Drugs,"Parasympathomimetic, NEC",1576,88413,369458.1300000001,308078.8900000001,61379.240000000005,234.42774746192902,4.178776084964882,38.94621827411168,195.4815291878173,0.694233200999853,3.4845428839650285
2022,PYRIMETHAMINE,Generic,Anti-Infective Agents,"Antimalarial Agents, NEC",13,390,266588.28,266530.43,57.85,20506.79076923077,683.5596923076923,4.45,20502.34076923077,0.14833333333333334,683.4113589743589
2022,QBRELIS,Brand,Cardiovascular Agents,"Cardiac, ACE Inhibitors",13,390,11938.61,10838.61,1100.0,918.3546153846154,30.611820512820515,84.61538461538461,833.7392307692309,2.8205128205128207,27.791307692307694
2022,QBREXZA,Brand,Skin & Mucous Membrane,"S/MM Miscellaneous, NEC",440,13233,188516.97000000003,143555.46,44961.51,428.44765909090916,14.245973702108367,102.18525000000001,326.26240909090905,3.3976807980049877,10.848292904103378
2022,QELBREE,Brand,Central Nervous System,"CNS Agents, Misc.",193,5985,51197.81,28625.600000000002,22572.21,265.2736269430052,8.554354218880535,116.95445595854922,148.31917098445598,3.7714636591478694,4.782890559732666
2022,QINLOCK,Brand,Antineoplastic Agents,Molecular Targeted Therapy,18,540,684965.62,681864.8,3100.82,38053.64555555556,1268.4548518518518,172.26777777777778,37881.37777777778,5.742259259259259,1262.7125925925927
2022,QNASL,Brand,"Eye, Ear, Nose Throat","Antiinflam Agents EENT, NEC",120,4380,44102.82,33185.159999999996,10917.66,367.5235,10.06913698630137,90.98049999999999,276.54299999999995,2.492616438356164,7.576520547945204
2022,QSYMIA,Brand,Central Nervous System,"Stimulant, Amphetamine Type",151,4514,26859.440000000002,18006.11,8853.33,177.87708609271525,5.9502525476295975,58.631324503311255,119.24576158940398,1.9613048294195834,3.9889477182100133
2022,QUETIAPINE,Generic,Central Nervous System,"Psychother,Tranq/Antipsychotic",1910,69276,19152.550000000003,3172.16,15980.390000000003,10.027513089005238,0.27646731912928,8.366696335078535,1.6608167539267016,0.23067714648651774,0.045790172642762285
2022,QUETIAPINE FUMARATE,Generic,Central Nervous System,"Psychother,Tranq/Antipsychotic",36347,1620221,617493.91,256938.5,360555.41000000003,16.988854926128706,0.38111708834782415,9.919812089030733,7.069042837097973,0.22253470977107445,0.15858237857674973
2022,QUICKVUE AT-HOME OTC COVID-19 TEST,Brand,Diagnostic Agents,"Diagnostic Agents, Misc, NEC",18485,310015,1652289.1099999999,1652289.1099999999,0.0,89.38539951311874,5.329706981920229,0.0,89.38539951311874,0.0,5.329706981920229
2022,QUILLICHEW ER,Brand,Central Nervous System,"Stimulant, Amphetamine Type",179,5489,51460.28,33370.479999999996,18089.8,287.48759776536315,9.375164875204955,101.06033519553073,186.42726256983238,3.295645837128803,6.0795190380761515
2022,QUILLIVANT XR (300MG/60ML TOTAL VOLUME),Brand,Central Nervous System,"Stimulant, Amphetamine Type",95,3200,39031.869999999995,26523.59,12508.279999999999,410.86178947368415,12.197459375,131.66610526315787,279.19568421052634,3.9088374999999997,8.288621875
2022,QUILLIVANT XR (600MG/120ML TOTAL VOLUME),Brand,Central Nervous System,"Stimulant, Amphetamine Type",211,6484,64361.96999999999,45904.78999999999,18457.18,305.0330331753554,9.92627544725478,87.47478672985783,217.5582464454976,2.8465731030228256,7.079702344231954
2022,QUILLIVANT XR (750MG/150ML TOTAL VOLUME),Brand,Central Nervous System,"Stimulant, Amphetamine Type",73,2209,23814.140000000003,16876.469999999998,6937.670000000001,326.221095890411,10.780507016749661,95.03657534246577,231.18452054794517,3.140638297872341,7.639868718877319
2022,QUILLIVANT XR (900MG/180ML TOTAL VOLUME),Brand,Central Nervous System,"Stimulant, Amphetamine Type",57,1685,15943.080000000002,10436.59,5506.49,279.7031578947369,9.461768545994067,96.60508771929824,183.0980701754386,3.2679465875370917,6.193821958456973
2022,QUINAPRIL,Generic,Cardiovascular Agents,"Cardiac, ACE Inhibitors",2312,159127,33503.69,5006.499999999998,28497.189999999995,14.491215397923876,0.21054685879831833,12.325774221453285,2.1654411764705874,0.1790845676723623,0.031462291125955985
2022,QUINAPRIL HCL/HYDROCHLOROTHIAZIDE,Generic,Cardiovascular Agents,"Cardiac, ACE Inhibitors",166,11226,6147.42,1805.62,4341.799999999999,37.03265060240964,0.547605558524853,26.155421686746983,10.87722891566265,0.3867628719045073,0.16084268662034562
2022,QUINIDINE GLUCONATE,Generic,Cardiovascular Agents,"Cardiac, Antiarrhythmic Agents",24,1510,26408.920000000002,23098.640000000003,3310.2799999999997,1100.3716666666667,17.489350993377485,137.9283333333333,962.4433333333335,2.192238410596026,15.297112582781459
2022,QUININE SULFATE,Generic,Anti-Infective Agents,"Antimalarial Agents, NEC",73,3161,9410.439999999999,6935.88,2474.56,128.91013698630135,2.9770452388484654,33.89808219178082,95.01205479452055,0.7828408731414109,2.194204365707055
2022,QULIPTA,Brand,Central Nervous System,"CNS Agents, Misc.",884,29075,535784.25,408013.4299999999,127770.82000000002,606.0907805429864,18.427661220980223,144.53712669683262,461.5536538461537,4.394525193465177,14.033136027515043
2022,QUVIVIQ,Brand,Central Nervous System,Anxiolytic/Sedative/Hypnot NEC,13,404,3191.05,1219.01,1972.04,245.46538461538464,7.898638613861387,151.69538461538463,93.77,4.881287128712871,3.017351485148515
2022,QVAR REDIHALER,Brand,Hormones & Synthetic Subst,"Adrenals & Comb, NEC",6021,247728,1092646.3499999996,724072.9200000002,368573.43000000005,181.4725710014947,4.41066956500678,61.21465371200798,120.25791728948683,1.4878149825615192,2.922854582445263
2022,RABAVERT,Brand,"Serums, Toxoids, Vaccines","Vaccines, NEC",43,109,9595.08,9595.08,0.0,223.14139534883722,88.02825688073395,0.0,223.14139534883722,0.0,88.02825688073395
2022,RABEPRAZOLE SODIUM,Generic,Gastrointestinal Drugs,"Gastrointestinal Drug Misc,NEC",660,40174,32911.450000000004,11716.69,21194.760000000002,49.86583333333334,0.8192226315527457,32.11327272727273,17.752560606060605,0.5275740528700155,0.29164857868273014
2022,RADICAVA ORS,Brand,Central Nervous System,"CNS Agents, Misc.",46,1296,625988.55,619994.1499999999,5994.400000000001,13608.446739130435,483.01585648148153,130.31304347826088,13478.133695652172,4.625308641975309,478.3905478395061
2022,RAGWITEK,Brand,Diagnostic Agents,"Diagnostic Agents, Misc, NEC",24,720,5650.16,2290.1299999999997,3360.0299999999997,235.42333333333332,7.847444444444444,140.00125,95.42208333333332,4.666708333333333,3.1807361111111105
2022,RALOXIFENE HCL,Generic,Hormones & Synthetic Subst,"Estrogens & Comb, NEC",1698,120237,175995.29,168502.33,7492.96,103.64858068315667,1.4637365370060798,4.412815076560659,99.23576560659599,0.06231825478014255,1.401418282225937
2022,RAMELTEON,Generic,Central Nervous System,Anxiolytic/Sedative/Hypnot NEC,751,17403,35612.07,20540.77,15071.299999999997,47.41953395472703,2.0463178762282364,20.068308921438078,27.351225033288948,0.8660173533298855,1.180300522898351
2022,RAMIPRIL,Generic,Cardiovascular Agents,"Cardiac, ACE Inhibitors",2166,152989,26671.88,6002.210000000001,20669.67,12.313887349953832,0.1743385472158129,9.542783933518004,2.771103416435827,0.13510559582715095,0.03923295138866194
2022,RANOLAZINE,Generic,Cardiovascular Agents,"Cardiac Drugs, NEC",766,45077,77495.1,44447.009999999995,33048.090000000004,101.16853785900784,1.7191716396388403,43.14372062663186,58.02481723237597,0.7331475031612575,0.9860241364775827
2022,RAPAFLO,Brand,Misc Therapeutic Agents,"Misc Therapeutic Agents, NEC",11,330,1195.1,700.1,495.0,108.64545454545454,3.621515151515151,45.0,63.64545454545455,1.5,2.1215151515151516
2022,RAPAMUNE,Brand,Immunosuppressants,"Immunosuppressants, NEC",77,3546,217345.13,206894.62,10450.509999999998,2822.664025974026,61.29304286520023,135.72090909090906,2686.943116883117,2.9471263395375065,58.345916525662716
2022,RASAGILINE,Generic,Central Nervous System,"CNS Agents, Misc.",344,22700,167237.81999999998,144131.61,23106.210000000003,486.15645348837205,7.367304845814977,67.16921511627908,418.987238372093,1.0178947136563878,6.34941013215859
2022,RASAGILINE MESYLATE,Generic,Central Nervous System,"CNS Agents, Misc.",140,9506,55122.29000000001,48417.32000000001,6704.97,393.7306428571429,5.798683989059542,47.89264285714286,345.838,0.7053408373658742,5.093343151693668
2022,RASPBERRY FLAVOR,Brand,Pharmaceutical Aids/Adjuvants,"Pharmaceutical Aids/Adjuv, NEC",32,492,707.79,0.0,707.79,22.1184375,1.4385975609756096,22.1184375,0.0,1.4385975609756096,0.0
2022,RASUVO,Brand,Antineoplastic Agents,Chemotherapy,492,15064,219575.65000000002,178383.38,41192.27,446.2919715447155,14.57618494423792,83.72412601626016,362.5678455284553,2.7344842007434944,11.841700743494425
2022,RAVICTI,Brand,Pharmaceutical Aids/Adjuvants,"Pharmaceutical Aids/Adjuv, NEC",32,921,1939617.7799999998,1934295.4300000002,5322.35,60613.05562499999,2105.9910749185665,166.3234375,60446.732187500005,5.778881650380022,2100.212193268187
2022,RAYALDEE,Brand,Vitamins & Comb,"Vitamin D, NEC",11,570,27243.489999999998,26886.12,357.37,2476.6809090909087,47.79559649122807,32.48818181818182,2444.192727272727,0.6269649122807017,47.16863157894737
2022,REBIF,Brand,Misc Therapeutic Agents,Biological Response Modifiers,322,9204,2874144.0199999996,2810422.6399999997,63721.38,8925.913105590062,312.2711886136462,197.8924844720497,8728.020621118012,6.923226857887874,305.3479617557583
2022,REBIF REBIDOSE,Brand,Misc Therapeutic Agents,Biological Response Modifiers,126,3528,1113473.01,1095385.4,18087.61,8837.087380952382,315.6102636054422,143.55246031746032,8693.53492063492,5.12687358276644,310.48339002267574
2022,RECLIPSEN,Generic,Hormones & Synthetic Subst,"Contraceptive, Oral Comb, NEC",163,11108,3457.63,3457.63,0.0,21.21245398773006,0.3112738566798704,0.0,21.21245398773006,0.0,0.3112738566798704
2022,RECOMBIVAX HB,Brand,"Serums, Toxoids, Vaccines","Vaccines, NEC",15,109,975.59,975.59,0.0,65.03933333333333,8.950366972477065,0.0,65.03933333333333,0.0,8.950366972477065
2022,RECTIV,Brand,Skin & Mucous Membrane,"S/MM Miscellaneous, NEC",301,7607,141957.85,117536.63,24421.22,471.62076411960135,18.66147627185487,81.13362126245848,390.4871428571429,3.210361509136322,15.45111476271855
2022,RELION NOVOLIN 70/30 FLEXPEN,Brand,Hormones & Synthetic Subst,"Antidiabetic Agents, Insulins",22,952,514.5600000000001,25.76,488.8,23.38909090909091,0.5405042016806724,22.21818181818182,1.170909090909091,0.5134453781512606,0.027058823529411767
2022,RELION NOVOLIN N FLEXPEN,Brand,Hormones & Synthetic Subst,"Antidiabetic Agents, Insulins",14,619,628.8,94.27000000000001,534.53,44.91428571428571,1.015831987075929,38.18071428571428,6.733571428571429,0.8635379644588045,0.1522940226171244
2022,RELION NOVOLOG,Brand,Hormones & Synthetic Subst,"Antidiabetic Agents, Insulins",33,1165,5518.41,4705.91,812.5,167.22454545454545,4.736832618025751,24.62121212121212,142.60333333333332,0.6974248927038627,4.0394077253218885
2022,RELION NOVOLOG FLEXPEN,Brand,Hormones & Synthetic Subst,"Antidiabetic Agents, Insulins",64,2970,6887.49,5346.19,1541.3000000000002,107.61703125,2.319020202020202,24.082812500000003,83.53421875,0.5189562289562291,1.800063973063973
2022,RELION PEN NEEDLE,Brand,Devices & Non-Drug Items,"Devices & Non-Drug Items, NEC",130,6889,2379.64,962.11,1417.53,18.304923076923075,0.3454260415154594,10.904076923076923,7.400846153846154,0.20576716504572506,0.13965887646973435
2022,RELISTOR,Brand,Gastrointestinal Drugs,Per-Act Mu Op Rcp Ant (PAMORA),24,920,76251.38,74631.38,1620.0,3177.1408333333334,82.8819347826087,67.5,3109.6408333333334,1.7608695652173914,81.1210652173913
2022,RELPAX,Brand,Autonomic Drugs,"Vascular 5HT1 Agonist, NEC",115,2523,50026.520000000004,41477.51,8549.01,435.0132173913044,19.828188664288547,74.33921739130435,360.67400000000004,3.3884304399524376,16.43975822433611
2022,REMICADE,Brand,Immunosuppressants,"Immunosuppressants, NEC",182,7230,1076795.04,1011548.64,65246.4,5916.456263736264,148.93430705394192,358.4967032967033,5557.959560439561,9.024398340248963,139.90990871369294
2022,REMODULIN,Brand,Cardiovascular Agents,"Vasodilating Agents, NEC",28,750,320211.65,317961.65,2250.0,11436.130357142858,426.9488666666667,80.35714285714286,11355.773214285715,3.0,423.9488666666667
2022,RENA-VITE,Generic,Vitamins & Comb,"Multivit Prep,Multivit Mineral",11,870,49.599999999999994,5.84,43.76,4.509090909090909,0.05701149425287356,3.978181818181818,0.5309090909090909,0.050298850574712645,0.00671264367816092
2022,RENAL CAPS,Generic,Vitamins & Comb,"Vitamin Bs w/Vitamin C, NEC",12,660,47.69,7.23,40.459999999999994,3.9741666666666666,0.07225757575757576,3.371666666666666,0.6025,0.0613030303030303,0.010954545454545455
2022,RENFLEXIS,Brand,Immunosuppressants,"Immunosuppressants, NEC",19,714,57704.24,56265.21,1439.03,3037.0652631578946,80.81826330532212,75.73842105263158,2961.326842105263,2.0154481792717087,78.80281512605042
2022,RENO CAPS,Generic,Vitamins & Comb,"Multivit Prep, Multivit Plain",41,2872,407.08000000000004,64.34,342.74,9.928780487804879,0.14174094707520893,8.359512195121951,1.569268292682927,0.11933844011142061,0.022402506963788302
2022,REPAGLINIDE,Generic,Hormones & Synthetic Subst,"Antidiabetic Ag, Meglitinides",537,34994,36249.22,20845.700000000004,15403.520000000002,67.50320297951583,1.0358695776418816,28.684394785847303,38.81880819366854,0.4401760301766018,0.5956935474652799
2022,REPATHA,Brand,Cardiovascular Agents,"Antihyperlipidemic Drugs, NEC",444,17082,276549.26,237745.1,38804.16,622.8586936936937,16.18951293759513,87.39675675675676,535.4619369369369,2.2716403231471727,13.917872614447957
2022,REPATHA 420MG/3.5ML,Brand,Cardiovascular Agents,"Antihyperlipidemic Drugs, NEC",188,7220,132191.68,120305.69999999998,11885.98,703.1472340425531,18.309096952908586,63.223297872340424,639.9239361702126,1.6462576177285317,16.662839335180053
2022,REPATHA SURECLICK,Brand,Cardiovascular Agents,"Antihyperlipidemic Drugs, NEC",2789,109176,1764074.51,1525407.5500000003,238666.96,632.5114772319828,16.15807970616253,85.57438508425959,546.9370921477233,2.186075327910896,13.972004378251633
2022,RESTASIS,Brand,"Eye, Ear, Nose Throat","Eyewash/Eyestrm/Lubr/Tear, NEC",2223,111687,1743745.1300000001,1479379.14,264365.99000000005,784.4107647323438,15.612785104801814,118.9230724246514,665.4876923076922,2.367025616231075,13.245759488570737
2022,RESTASIS,Generic,"Eye, Ear, Nose Throat","Eyewash/Eyestrm/Lubr/Tear, NEC",15,1110,18968.92,17752.58,1216.3400000000001,1264.5946666666666,17.089117117117116,81.08933333333334,1183.5053333333335,1.0958018018018019,15.993315315315316
2022,RESTASIS MULTIDOSE,Brand,"Eye, Ear, Nose Throat","Eyewash/Eyestrm/Lubr/Tear, NEC",173,7493,141887.95,130536.89999999998,11351.05,820.1615606936417,18.936066995862806,65.61300578034681,754.5485549132947,1.514887228079541,17.42117976778326
2022,RETACRIT,Brand,Blood Form/Coagul Agents,"Hematopoietic Agents, NEC",129,3287,83792.84,74791.78,9001.060000000001,649.5568992248062,25.492193489504107,69.7756589147287,579.7812403100775,2.738381502890174,22.753811986613933
2022,RETEVMO,Brand,Antineoplastic Agents,Molecular Targeted Therapy,38,1095,625303.6,625303.6,0.0,16455.35789473684,571.0535159817351,0.0,16455.35789473684,0.0,571.0535159817351
2022,RETIN-A,Brand,Skin & Mucous Membrane,"Cell Stim/Proliferant S/MM,NEC",27,732,1150.6,138.28,1012.3200000000002,42.614814814814814,1.5718579234972676,37.49333333333334,5.1214814814814815,1.3829508196721314,0.18890710382513662
2022,RETIN-A MICRO,Brand,Skin & Mucous Membrane,"Cell Stim/Proliferant S/MM,NEC",22,625,13992.170000000002,11626.960000000001,2365.21,636.0077272727274,22.387472000000002,107.50954545454546,528.4981818181818,3.784336,18.603136000000003
2022,REVATIO,Brand,Cardiovascular Agents,Phosphodiesterase Inhibitors,11,330,77626.06,77076.06,550.0,7056.914545454545,235.23048484848485,50.0,7006.914545454545,1.6666666666666667,233.56381818181816
2022,REVLIMID,Brand,Antineoplastic Agents,"Antineoplastic Agent, Misc.",1380,37917,23307797.73,23250396.11,57401.62,16889.7085,614.7057449165283,41.59537681159421,16848.113123188406,1.5138755703246565,613.1918693462036
2022,REVLIMID,Generic,Antineoplastic Agents,"Antineoplastic Agent, Misc.",24,672,416165.81,416140.81,25.0,17340.242083333334,619.2943601190476,1.0416666666666667,17339.200416666667,0.03720238095238095,619.2571577380952
2022,REXULTI,Brand,Central Nervous System,"Psychother,Tranq/Antipsychotic",3378,126010,4229519.220000001,3833415.1999999997,396104.01999999996,1252.0779218472471,33.56494897230379,117.2599230313795,1134.8179988158672,3.143433219585747,30.421515752718037
2022,REYVOW,Brand,Autonomic Drugs,"Vascular 5HT1 Agonist, NEC",185,4708,67508.45999999999,50752.29000000001,16756.17,364.91059459459456,14.339095157179267,90.57389189189188,274.3367027027027,3.5590845369583683,10.780010620220903
2022,REZUROCK,Brand,Immunosuppressants,"Immunosuppressants, NEC",56,1710,1284112.92,1275415.9,8697.02,22930.587857142855,750.9432280701755,155.30392857142857,22775.283928571425,5.085976608187135,745.8572514619882
2022,RHOFADE,Brand,Skin & Mucous Membrane,"S/MM Miscellaneous, NEC",15,435,8324.43,6424.360000000001,1900.07,554.962,19.136620689655174,126.67133333333332,428.2906666666667,4.367977011494252,14.76864367816092
2022,RHOPRESSA,Brand,"Eye, Ear, Nose Throat","Eye/Ear/Nose/Throat Misc, NEC",742,31696,255137.49,189177.61,65959.88,343.85106469002693,8.049516973750631,88.89471698113208,254.95634770889487,2.081015901060071,5.96850107269056
2022,RIFABUTIN,Generic,Anti-Infective Agents,"Anti-Infectives, Misc",144,3587,75398.38,70990.63,4407.75,523.5998611111112,21.019899637580153,30.609375,492.9904861111111,1.2288123780317814,19.79108725954837
2022,RIFAMPIN,Generic,Anti-Infective Agents,"Antituberculosis Agents, NEC",1682,51041,92188.72,58277.320000000014,33911.4,54.80898929845422,1.806169941811485,20.16135552913199,34.64763376932224,0.6643952900609315,1.1417746517505538
2022,RILUZOLE,Generic,Central Nervous System,"CNS Agents, Misc.",230,8708,42768.920000000006,34386.270000000004,8382.65,185.95182608695654,4.911451538814884,36.446304347826086,149.50552173913044,0.9626378043178686,3.9488137344970147
2022,RINVOQ,Brand,Immunosuppressants,"Immunosuppressants, NEC",1871,56226,10958153.23,10674313.19,283840.04000000004,5856.8429877071085,194.89476807882474,151.70499198289687,5705.137995724212,5.048199053818519,189.8465690250062
2022,RISEDRONATE SODIUM,Generic,Misc Therapeutic Agents,Bone Resorption Inhibitors,736,47860,99976.67,58883.73000000001,41092.94,135.8378668478261,2.08894003343084,55.83279891304348,80.00506793478262,0.8586071876305893,1.230332845800251
2022,RISPERDAL,Brand,Central Nervous System,"Psychother,Tranq/Antipsychotic",58,1828,12721.03,6993.66,5727.37,219.32810344827587,6.95898796498906,98.74775862068965,120.5803448275862,3.1331345733041576,3.8258533916849014
2022,RISPERDAL CONSTA,Brand,Central Nervous System,"Psychother,Tranq/Antipsychotic",64,1134,55037.86,49857.86,5180.0,859.9665625,48.53426807760141,80.9375,779.0290625,4.567901234567901,43.96636684303351
2022,RISPERIDONE,Generic,Central Nervous System,"Psychother,Tranq/Antipsychotic",13315,557172,118126.17000000001,28747.61,89378.55999999998,8.871661284265867,0.21201024100277835,6.712621855050694,2.159039429215171,0.1604146654892923,0.05159557551348596
2022,RITALIN,Brand,Central Nervous System,"Stimulant, Amphetamine Type",194,5884,13586.92,4439.65,9147.27,70.03567010309278,2.3091298436437797,47.150876288659795,22.88479381443299,1.5546006118286881,0.7545292318150917
2022,RITALIN LA,Brand,Central Nervous System,"Stimulant, Amphetamine Type",63,2108,15078.93,6111.79,8967.14,239.34809523809525,7.1531925996204935,142.33555555555554,97.01253968253968,4.253861480075901,2.899331119544592
2022,RITONAVIR,Generic,Anti-Infective Agents,"Antivirals, NEC",238,10710,51293.52999999999,44717.88999999999,6575.64,215.51903361344534,4.789311858076563,27.62873949579832,187.89029411764702,0.6139719887955183,4.175339869281045
2022,RITUXAN,Brand,Antineoplastic Agents,Molecular Targeted Therapy,20,1806,210377.01,205927.01,4450.0,10518.8505,116.48782392026578,222.5,10296.3505,2.4640088593576968,114.02381506090809
2022,RIVASTIGMINE,Generic,Autonomic Drugs,"Parasympathomimetic, NEC",157,8130,43540.65000000001,35618.68,7921.969999999999,277.3289808917198,5.355553505535056,50.4584076433121,226.87057324840765,0.9744120541205411,4.381141451414514
2022,RIVASTIGMINE TARTRATE,Generic,Autonomic Drugs,"Parasympathomimetic, NEC",68,3351,5034.94,3461.14,1573.8,74.04323529411764,1.5025186511489106,23.144117647058824,50.89911764705882,0.4696508504923903,1.0328678006565204
2022,RIZATRIPTAN BENZOATE,Generic,Autonomic Drugs,"Vascular 5HT1 Agonist, NEC",13359,340916,157527.22,20665.36,136861.86000000002,11.791842203757767,0.4620704807049244,10.244918032786886,1.5469241709708812,0.4014533198793838,0.060617160825540604
2022,ROCALTROL,Brand,Vitamins & Comb,"Vitamin D, NEC",12,360,2391.0,1791.0,600.0,199.25,6.641666666666667,50.0,149.25,1.6666666666666667,4.975
2022,ROCKLATAN,Brand,"Eye, Ear, Nose Throat","Eye/Ear/Nose/Throat Misc, NEC",277,12700,117905.53,86367.8,31537.730000000007,425.65173285198557,9.2839,113.85462093862819,311.7971119133574,2.483285826771654,6.800614173228347
2022,ROFLUMILAST,Generic,Misc Therapeutic Agents,"Misc Therapeutic Agents, NEC",26,974,8104.650000000001,7507.150000000001,597.5,311.7173076923077,8.32099589322382,22.98076923076923,288.7365384615385,0.6134496919917864,7.7075462012320335
2022,ROPINIROLE HCL,Generic,Central Nervous System,"CNS Agents, Misc.",5477,323856,141439.27,63333.369999999995,78105.9,25.82422311484389,0.43673506126179534,14.260708417016614,11.563514697827276,0.24117478138431894,0.1955602798774764
2022,ROSUVASTATIN,Generic,Cardiovascular Agents,"Antihyperlipidemic Drugs, NEC",9815,631311,236282.77000000002,120421.75,115861.01999999997,24.07363932755986,0.3742731712262261,11.804484971981658,12.269154355578197,0.18352447525862844,0.19074869596759758
2022,ROSUVASTATIN CALCIUM,Generic,Cardiovascular Agents,"Antihyperlipidemic Drugs, NEC",82453,5615736,2205055.63,1275896.4800000002,929159.15,26.743182540356322,0.39265656896976636,11.268955041053692,15.474227499302636,0.1654563444577879,0.22720022451197852
2022,ROZEREM,Brand,Central Nervous System,Anxiolytic/Sedative/Hypnot NEC,20,504,4921.12,3753.94,1167.18,246.05599999999998,9.764126984126984,58.359,187.697,2.3158333333333334,7.448293650793651
2022,ROZLYTREK,Brand,Antineoplastic Agents,Molecular Targeted Therapy,24,720,363944.07999999996,360344.07999999996,3600.0,15164.336666666664,505.47788888888886,150.0,15014.336666666664,5.0,500.47788888888886
2022,RUFINAMIDE,Generic,Central Nervous System,"Anticonvulsants, Misc",227,7496,354850.74999999994,349184.56,5666.1900000000005,1563.2191629955944,47.33868062966915,24.961189427312778,1538.2579735682818,0.755895144076841,46.58278548559232
2022,RX CHOICE FERROUS SULFATE IRON SUPPLEMENT,Generic,Blood Form/Coagul Agents,"Antianemia, Iron Preparations",141,5641,1268.21,799.1800000000001,469.03,8.994397163120567,0.22482006736394258,3.3264539007092195,5.667943262411348,0.08314660521184186,0.1416734621521007
2022,RX CHOICE VITAMIN D,Generic,Vitamins & Comb,"Vitamin D, NEC",21,939,95.83,18.95,76.88,4.5633333333333335,0.10205537806176784,3.6609523809523807,0.9023809523809524,0.08187433439829606,0.020181043663471777
2022,RYBELSUS,Brand,Hormones & Synthetic Subst,"Antidiabetic Agents, Misc",2898,125595,3149475.4899999998,2911378.0100000002,238097.48000000004,1086.7755314009662,25.076440065289223,82.1592408557626,1004.6162905452037,1.8957560412436805,23.180684024045544
2022,RYDAPT,Brand,Antineoplastic Agents,Molecular Targeted Therapy,18,406,221654.5,221654.5,0.0,12314.138888888889,545.9470443349753,0.0,12314.138888888889,0.0,545.9470443349753
2022,RYTARY,Brand,Central Nervous System,"CNS Agents, Misc.",284,12876,272854.32999999996,227937.08000000002,44917.25,960.7546830985914,21.19092342342342,158.1593309859155,802.5953521126761,3.488447499223361,17.702475924200062
2022,SABRIL,Brand,Central Nervous System,"Anticonvulsants, Misc",32,960,803511.35,793456.28,10055.07,25109.7296875,836.9909895833333,314.2209375,24795.50875,10.47403125,826.5169583333334
2022,SALICYLIC ACID,Generic,Skin & Mucous Membrane,"Keratolytic Agents S/MM, NEC",34,975,8510.0,7882.739999999999,627.26,250.2941176470588,8.728205128205127,18.448823529411765,231.84529411764703,0.6433435897435897,8.084861538461537
2022,SALINE MIST,Generic,"Eye, Ear, Nose Throat","Eyewash/Eyestrm/Lubr/Tear, NEC",19,496,36.59,0.0,36.589999999999996,1.9257894736842107,0.07377016129032259,1.9257894736842103,0.0,0.07377016129032257,0.0
2022,SALINE NASAL SPRAY,Generic,"Eye, Ear, Nose Throat","Eyewash/Eyestrm/Lubr/Tear, NEC",208,5381,407.52,8.3,399.21999999999997,1.959230769230769,0.07573313510499907,1.919326923076923,0.03990384615384616,0.07419067087901876,0.0015424642259803012
2022,SALONPAS,Generic,Skin & Mucous Membrane,"Antiprur/Local Anest S/MM, NEC",75,991,1072.93,268.19,804.74,14.305733333333334,1.0826740665993946,10.729866666666666,3.5758666666666667,0.8120484359233098,0.27062563067608475
2022,SALSALATE,Generic,Central Nervous System,"Analg/Antipyr, Salicylates",78,3181,6847.400000000001,4930.290000000001,1917.1100000000001,87.7871794871795,2.1525935240490415,24.578333333333337,63.20884615384617,0.602675259352405,1.5499182646966365
2022,SANCUSO,Brand,Gastrointestinal Drugs,"Antiemetics, NEC",14,231,31922.72,31342.72,580.0,2280.194285714286,138.1935930735931,41.42857142857143,2238.7657142857142,2.5108225108225106,135.68277056277057
2022,SANDIMMUNE,Brand,Immunosuppressants,"Immunosuppressants, NEC",16,720,10981.98,8885.44,2096.54,686.37375,15.252749999999999,131.03375,555.34,2.911861111111111,12.34088888888889
2022,SANDOSTATIN LAR DEPOT,Brand,Hormones & Synthetic Subst,"Pituitary Hormones, NEC",58,1662,208468.19,205248.19,3220.0,3594.2791379310347,125.43212394705175,55.51724137931034,3538.761896551724,1.937424789410349,123.49469915764139
2022,SANTYL,Brand,Skin & Mucous Membrane,"Enzyme Prep, Topical S/MM, NEC",235,6058,81778.04000000001,65159.77999999999,16618.26,347.99165957446814,13.499181247936614,70.716,277.275659574468,2.743192472763288,10.755988775173323
2022,SAPHRIS,Brand,Central Nervous System,"Psychother,Tranq/Antipsychotic",26,1080,16741.77,13011.7,3730.07,643.9142307692308,15.50163888888889,143.46423076923077,500.45000000000005,3.4537685185185185,12.04787037037037
2022,SAPROPTERIN DIHYDROCHLORIDE,Generic,Misc Therapeutic Agents,"Misc Therapeutic Agents, NEC",256,7680,1245108.6500000001,1217824.6800000002,27283.97,4863.705664062501,162.1235221354167,106.5780078125,4757.127656250001,3.552600260416667,158.570921875
2022,SAVAYSA,Brand,Blood Form/Coagul Agents,"Coag/Anticoag, Anticoagulants",49,3390,30163.95,21047.52,9116.43,615.5908163265307,8.8979203539823,186.0495918367347,429.5412244897959,2.689212389380531,6.20870796460177
2022,SAVELLA,Brand,Central Nervous System,"CNS Agents, Misc.",441,20184,240408.86,198761.35,41647.509999999995,545.1448072562358,11.910863059849385,94.43879818594102,450.7060090702948,2.0633922909235034,9.847470768925882
2022,SAVELLA TITRATION PACK,Brand,Central Nervous System,"CNS Agents, Misc.",16,462,5228.79,4049.42,1179.37,326.799375,11.317727272727273,73.710625,253.08875,2.5527489177489175,8.764978354978355
2022,SAXENDA,Brand,Hormones & Synthetic Subst,"Antidiabetic Agents, Misc",11324,405465,11184664.120000001,9855499.13,1329164.9900000002,987.6955245496292,27.584783199536336,117.3759263511127,870.3195981985165,3.278125090944965,24.30665810859137
2022,SCEMBLIX,Brand,Antineoplastic Agents,Molecular Targeted Therapy,56,1680,1278402.0299999998,1278402.0299999998,0.0,22828.607678571425,760.9535892857142,0.0,22828.607678571425,0.0,760.9535892857142
2022,SCOPOLAMINE,Generic,Autonomic Drugs,Antichol/Antimuscarin/Antispas,3448,53985,215329.1,121023.86999999998,94305.23000000001,62.45043503480279,3.988683893674169,27.350704756380512,35.09973027842227,1.7468783921459667,2.241805501528202
2022,SE-NATAL 19,Brand,Vitamins & Comb,"Multivit Prep,Vitamin Prenatal",41,2190,1504.8700000000003,1289.72,215.14999999999998,36.70414634146342,0.6871552511415526,5.247560975609756,31.45658536585366,0.09824200913242008,0.5889132420091324
2022,SE-NATAL 19 CHEWABLE,Brand,Vitamins & Comb,"Multivit Prep,Vitamin Prenatal",19,1284,934.6099999999999,889.6099999999999,45.0,49.19,0.7278894080996884,2.3684210526315788,46.821578947368415,0.035046728971962614,0.6928426791277258
2022,SEASONIQUE,Brand,Hormones & Synthetic Subst,"Contraceptive, Oral Comb, NEC",29,2639,11412.130000000001,11201.84,210.29,393.5217241379311,4.324414550966275,7.251379310344827,386.2703448275862,0.07968548692686624,4.244729064039409
2022,SELEGILINE HCL,Generic,Central Nervous System,"Psychother, Antidepressants",167,9854,31330.12,23359.809999999998,7970.31,187.60550898203593,3.179431702861782,47.726407185628744,139.87910179640718,0.8088400649482445,2.370591637913537
2022,SELENIUM SULFIDE,Generic,Skin & Mucous Membrane,"Keratoplastic Agents S/MM, NEC",962,27439,44750.23,26866.82,17883.41,46.517910602910604,1.630898720798863,18.589823284823286,27.928087318087318,0.6517515215569081,0.9791471992419549
2022,SELZENTRY,Brand,Anti-Infective Agents,"Antivirals, NEC",54,1997,93207.19999999998,88692.2,4515.0,1726.0592592592589,46.67361041562343,83.61111111111111,1642.448148148148,2.2608913370055084,44.412719078617926
2022,SEMGLEE PEN,Brand,Hormones & Synthetic Subst,"Antidiabetic Agents, Insulins",68,3312,24944.3,21789.059999999998,3155.2400000000002,366.8279411764706,7.5314915458937195,46.40058823529412,320.4273529411764,0.952669082125604,6.578822463768115
2022,SENNA,Generic,Gastrointestinal Drugs,"Cath&Lax, Laxatives, Stimulant",766,21605,1103.5900000000001,38.69,1064.9,1.4407180156657966,0.05108030548484148,1.3902088772845955,0.05050913838120104,0.04928951631566767,0.0017907891691738022
2022,SENNA-TIME,Generic,Gastrointestinal Drugs,"Cath&Lax, Laxatives, Stimulant",343,10285,202.07000000000002,16.65,185.42000000000002,0.589125364431487,0.019647058823529413,0.5405830903790088,0.04854227405247813,0.018028196402527955,0.0016188624210014583
2022,SENSIPAR,Brand,Misc Therapeutic Agents,"Misc Therapeutic Agents, NEC",18,690,11846.94,8773.91,3073.03,658.1633333333334,17.169478260869568,170.7238888888889,487.43944444444446,4.453666666666667,12.715811594202899
2022,SEREVENT DISKUS,Brand,Autonomic Drugs,"Sympathomimetic Agents, NEC",473,21711,211275.26999999996,175551.37,35723.9,446.6707610993657,9.731254663534612,75.5262156448203,371.14454545454544,1.6454285845884575,8.085826078946155
2022,SEROQUEL,Brand,Central Nervous System,"Psychother,Tranq/Antipsychotic",44,1992,16185.820000000002,9761.6,6424.22,367.85954545454547,8.125411646586347,146.005,221.85454545454547,3.2250100401606425,4.900401606425703
2022,SEROQUEL XR,Brand,Central Nervous System,"Psychother,Tranq/Antipsychotic",31,1800,40474.32,35494.32,4980.0,1305.6232258064515,22.485733333333332,160.6451612903226,1144.978064516129,2.7666666666666666,19.719066666666667
2022,SERTRALINE,Generic,Central Nervous System,"Psychother, Antidepressants",260,13626,480.8899999999999,16.28,464.60999999999996,1.8495769230769226,0.03529208865404373,1.7869615384615383,0.06261538461538461,0.03409731395860854,0.0011947746954351975
2022,SERTRALINE HCL,Brand,Central Nervous System,"Psychother, Antidepressants",45,2100,5240.110000000001,1797.3899999999999,3442.7200000000003,116.4468888888889,2.4952904761904766,76.5048888888889,39.942,1.6393904761904763,0.8559
2022,SERTRALINE HCL,Generic,Central Nervous System,"Psychother, Antidepressants",246324,13678377,1804558.37,280373.35,1524185.0200000003,7.3259543122066875,0.1319278135117931,6.1877243792728285,1.1382299329338594,0.11143025375013427,0.020497559761658856
2022,SETLAKIN,Generic,Hormones & Synthetic Subst,"Contraceptive, Oral Comb, NEC",63,5725,2930.8599999999997,2930.8599999999997,0.0,46.521587301587296,0.5119406113537117,0.0,46.521587301587296,0.0,0.5119406113537117
2022,SEVELAMER CARBONATE,Generic,"Electrolytic, Caloric, Water","Phosphorus Removing Agents,NEC",679,33723,173386.75999999998,150204.71000000002,23182.05,255.35605301914578,5.141498680425822,34.141458026509575,221.21459499263625,0.6874254959523174,4.454073184473505
2022,SEVELAMER HCL,Generic,"Electrolytic, Caloric, Water","Phosphorus Removing Agents,NEC",89,4272,116015.78000000001,113489.19000000002,2526.59,1303.5480898876406,27.157251872659177,28.38865168539326,1275.1594382022474,0.591430243445693,26.565821629213488
2022,SEYSARA,Brand,Anti-Infective Agents,"Antibiot, Tetracyclines",70,2160,41862.63,32905.47,8957.16,598.0375714285714,19.380847222222222,127.95942857142857,470.0781428571429,4.146833333333333,15.234013888888889
2022,SF 1.1% GEL,Generic,Dental Agents,"Fluoride Preparations, NEC",12,323,94.28999999999999,0.0,94.28999999999999,7.857499999999999,0.2919195046439628,7.857499999999999,0.0,0.2919195046439628,0.0
2022,SF 5000 PLUS,Generic,Dental Agents,"Fluoride Preparations, NEC",286,9328,2359.68,125.22,2234.46,8.25062937062937,0.252967409948542,7.812797202797203,0.43783216783216783,0.2395433104631218,0.01342409948542024
2022,SHAROBEL,Generic,Hormones & Synthetic Subst,"Progestins, NEC",49,3640,1454.61,1454.61,0.0,29.685918367346936,0.39961813186813183,0.0,29.685918367346936,0.0,0.39961813186813183
2022,SHINGRIX,Brand,"Serums, Toxoids, Vaccines","Vaccines, NEC",40200,71739,5702283.899999999,5701192.350000001,1091.55,141.84785820895522,79.48652615732028,0.027152985074626865,141.82070522388062,0.015215573119223853,79.47131058420106
2022,SILADRYL ALLERGY,Generic,Antihistamines & Comb.,"Antihistamines & Comb, NEC",72,1029,252.89,167.05,85.84,3.512361111111111,0.2457628765792031,1.1922222222222223,2.320138888888889,0.08342079689018465,0.16234207968901848
2022,SILDENAFIL,Generic,Cardiovascular Agents,Phosphodiesterase Inhibitors,45947,1276131,1012503.0899999999,375092.14,637410.95,22.036326419570372,0.7934162636907965,13.872743595882211,8.163582823688163,0.49948708243902856,0.29392918125176803
2022,SILIQ,Brand,Immunosuppressants,"Immunosuppressants, NEC",81,2156,327434.94,306622.39999999997,20812.54,4042.4066666666668,151.8714935064935,256.94493827160494,3785.461728395061,9.653311688311689,142.2181818181818
2022,SILODOSIN,Generic,Misc Therapeutic Agents,"Misc Therapeutic Agents, NEC",276,14869,24188.299999999992,12305.97,11882.330000000002,87.638768115942,1.626760373932342,43.051920289855076,44.58684782608695,0.7991344407828369,0.8276259331495056
2022,SILVER SULFADIAZINE,Generic,Skin & Mucous Membrane,"Antiinf S/MM, Antiinf Loc Misc",1288,32395,14701.380000000001,2649.4900000000002,12051.890000000001,11.4141149068323,0.4538163296805063,9.35705745341615,2.0570574534161494,0.3720293255131965,0.08178700416730977
2022,SIMBRINZA,Brand,"Eye, Ear, Nose Throat","Eye/Ear/Nose/Throat Misc, NEC",244,12091,56742.86000000001,39642.53,17100.33,232.55270491803282,4.692983210652552,70.08331967213115,162.46938524590163,1.4143023736663636,3.278680836986188
2022,SIMETHICONE,Generic,Gastrointestinal Drugs,"Antiflatulents, NEC",13,198,87.97,0.0,87.97,6.766923076923077,0.4442929292929293,6.766923076923077,0.0,0.4442929292929293,0.0
2022,SIMILAC ALIMENTUM WITH IRON,Brand,"Electrolytic, Caloric, Water","Caloric Agents, Nutrition Prep",50,922,9629.32,8661.26,968.06,192.5864,10.443947939262472,19.3612,173.2252,1.0499566160520606,9.393991323210413
2022,SIMILAC EXPERT CARE ALIMENTUM,Brand,"Electrolytic, Caloric, Water","Caloric Agents, Nutrition Prep",373,8349,48960.58999999999,41653.47999999999,7307.110000000001,131.2616353887399,5.8642460174871225,19.5901072386059,111.67152815013402,0.8752078093184813,4.989038208168641
2022,SIMILAC EXPERT CARE NEOSURE,Brand,"Electrolytic, Caloric, Water","Caloric Agents, Nutrition Prep",62,1250,5540.5599999999995,4980.77,559.79,89.36387096774193,4.432448,9.028870967741934,80.33500000000001,0.44783199999999995,3.9846160000000004
2022,SIMPESSE,Generic,Hormones & Synthetic Subst,"Contraceptive, Oral Comb, NEC",640,58728,55896.40999999999,55896.40999999999,0.0,87.33814062499998,0.9517846683013211,0.0,87.33814062499998,0.0,0.9517846683013211
2022,SIMPONI,Brand,Immunosuppressants,"Immunosuppressants, NEC",1080,30756,6408627.57,6220011.760000001,188615.81,5933.9144166666665,208.36999512290285,174.64426851851852,5759.270148148149,6.132650864871895,202.237344258031
2022,SIMVASTATIN,Generic,Cardiovascular Agents,"Antihyperlipidemic Drugs, NEC",84692,5707532,543236.84,451156.25000000006,92080.59000000003,6.414263921031502,0.0951789389879899,1.0872407075048414,5.327023213526662,0.01613317104485792,0.07904576794313199
2022,SINGULAIR,Brand,Respiratory Tract Agents,Leukotriene Modifiers,62,3935,20056.98,12537.86,7519.120000000001,323.49967741935484,5.097072426937738,121.27612903225808,202.22354838709677,1.9108310038119443,3.1862414231257943
2022,SIROLIMUS,Generic,Immunosuppressants,"Immunosuppressants, NEC",680,35581,706466.4,664094.29,42372.11,1038.9211764705883,19.8551586520896,62.31192647058823,976.6092500000001,1.1908633821421546,18.664295269947445
2022,SIRTURO,Brand,Anti-Infective Agents,"Antituberculosis Agents, NEC",18,490,68179.65000000001,67578.7,600.95,3787.7583333333337,139.1421428571429,33.38611111111111,3754.3722222222223,1.2264285714285714,137.91571428571427
2022,SIVEXTRO,Brand,Anti-Infective Agents,"Antibiotics, Misc",32,602,192171.62,182982.69999999998,9188.92,6005.363125,319.22196013289033,287.15375,5718.209374999999,15.263986710963454,303.9579734219269
2022,SKYLA,Brand,Contraceptive Cream/Foam/Devic,Contraceptive Cream/Foam/Devic,12,2221,10354.18,10354.18,0.0,862.8483333333334,4.661945069788383,0.0,862.8483333333334,0.0,4.661945069788383
2022,SKYRIZI,Brand,Immunosuppressants,"Immunosuppressants, NEC",2866,211684,52152261.21,51145315.31000001,1006945.9000000001,18196.881092114447,246.36846058275543,351.341905094208,17845.53918702024,4.756835188299542,241.61162539445593
2022,SKYTROFA,Brand,Hormones & Synthetic Subst,"Pituitary Hormones, NEC",22,616,152620.34000000003,151694.88,925.46,6937.288181818183,247.76029220779225,42.06636363636364,6895.221818181818,1.50237012987013,246.25792207792207
2022,SLYND,Brand,Hormones & Synthetic Subst,"Progestins, NEC",3830,227485,1127025.6400000001,1111148.5,15877.140000000001,294.2625691906006,4.95428551333055,4.145467362924283,290.11710182767627,0.06979422819086974,4.88449128513968
2022,SODIUM BICARBONATE,Generic,"Electrolytic, Caloric, Water","Alkalinizing Agents, NEC",45,1037,2837.34,2084.96,752.38,63.05200000000001,2.736104146576664,16.719555555555555,46.33244444444445,0.7255351976856316,2.0105689488910317
2022,SODIUM BICARBONATE,Generic,Pharmaceutical Aids/Adjuvants,"Pharmaceutical Aids/Adjuv, NEC",11,330,414.57,0.0,414.57,37.68818181818182,1.2562727272727272,37.68818181818182,0.0,1.2562727272727272,0.0
2022,SODIUM CHLORIDE,Brand,Pharmaceutical Aids/Adjuvants,"Pharmaceutical Aids/Adjuv, NEC",19,547,919.66,529.26,390.4,48.40315789473684,1.6812797074954295,20.54736842105263,27.85578947368421,0.7137111517367458,0.9675685557586837
2022,SODIUM CHLORIDE,Generic,"Electrolytic, Caloric, Water","Irrigating Solutions, NEC",84,2160,2642.86,1615.03,1027.83,31.46261904761905,1.2235462962962964,12.236071428571428,19.22654761904762,0.4758472222222222,0.7476990740740741
2022,SODIUM CHLORIDE,Generic,"Electrolytic, Caloric, Water","Repl Preps, Sodium Chlor Preps",2155,61692,43054.94,12207.279999999999,30847.659999999996,19.97909048723898,0.6979015107307269,14.314459396751738,5.664631090487238,0.500026907864877,0.19787460286584968
2022,SODIUM FLUORIDE,Generic,Dental Agents,"Fluoride Preparations, NEC",7738,513371,65371.94999999999,61659.56000000001,3712.39,8.44817136210907,0.12733861086816356,0.47976092013440164,7.968410441974672,0.007231397955864277,0.12010721291229931
2022,SODIUM FLUORIDE 5000 PLUS,Generic,Dental Agents,"Fluoride Preparations, NEC",710,16380,6191.36,510.8599999999999,5680.5,8.720225352112676,0.37798290598290596,8.000704225352113,0.7195211267605632,0.3467948717948718,0.031188034188034182
2022,SODIUM FLUORIDE 5000 PPM,Generic,Dental Agents,"Fluoride Preparations, NEC",3710,119825,52062.360000000015,3132.2000000000003,48930.159999999996,14.032981132075475,0.4344866263300648,13.188722371967653,0.8442587601078168,0.4083468391404131,0.026139787189651577
2022,SODIUM FLUORIDE 5000 PPM SENSITIVE,Generic,Dental Agents,"Fluoride Preparations, NEC",1552,50476,21871.119999999995,1499.6899999999998,20371.43,14.092216494845358,0.4332974086694666,13.125921391752577,0.9662951030927834,0.40358645693002615,0.029710951739440522
2022,SODIUM FLUORIDE RINSE,Generic,Dental Agents,"Fluoride Preparations, NEC",58,1745,838.2399999999999,107.89,730.3499999999999,14.452413793103446,0.4803667621776504,12.592241379310343,1.8601724137931035,0.41853868194842403,0.06182808022922636
2022,SODIUM PHENYLBUTYRATE,Generic,Pharmaceutical Aids/Adjuvants,"Pharmaceutical Aids/Adjuv, NEC",18,632,129159.54000000001,128474.54000000001,685.0,7175.530000000001,204.3663607594937,38.05555555555556,7137.474444444445,1.0838607594936709,203.2825
2022,SODIUM POLYSTYRENE SULFONATE,Generic,"Electrolytic, Caloric, Water","Potassium Removing Resins, NEC",170,4834,11304.23,7084.930000000001,4219.300000000001,66.49547058823529,2.3384836574265617,24.81941176470589,41.67605882352942,0.8728382292097644,1.4656454282167979
2022,SODIUM SULFACETAMIDE,Generic,Skin & Mucous Membrane,"Antiinf S/MM,Antibiotic & Comb",102,2150,12598.119999999997,9580.42,3017.7,123.51098039215684,5.859590697674418,29.585294117647056,93.9256862745098,1.4035813953488372,4.456009302325581
2022,SODIUM SULFACETAMIDE WASH,Generic,Skin & Mucous Membrane,"Antiinf S/MM,Antibiotic & Comb",197,6338,14908.619999999999,10108.48,4800.14,75.67827411167512,2.352259387819501,24.366192893401017,51.31208121827411,0.7573587882612812,1.5949005995582202
2022,SODIUM SULFACETAMIDE-SULFUR,Brand,Skin & Mucous Membrane,"Antiinf S/MM,Antibiotic & Comb",44,1285,15635.54,13899.39,1736.15,355.35318181818184,12.167735408560311,39.45795454545455,315.89522727272725,1.3510894941634242,10.816645914396886
2022,SODIUM SULFACETAMIDE-SULFUR,Generic,Skin & Mucous Membrane,"Antiinf S/MM,Antibiotic & Comb",521,17268,59703.3,45934.149999999994,13769.15,114.5936660268714,3.4574530924252955,26.42831094049904,88.16535508637234,0.7973795459810054,2.6600735464442895
2022,SODIUM SULFACETAMIDE-SULFUR CLEANSER,Brand,Skin & Mucous Membrane,"Antiinf S/MM,Antibiotic & Comb",42,1411,8769.33,7425.24,1344.09,208.79357142857143,6.214975194897236,32.00214285714286,176.79142857142855,0.9525797306874556,5.2623954642097805
2022,SODIUM SULFACETAMIDE-SULFUR CLEANSER,Generic,Skin & Mucous Membrane,"Antiinf S/MM,Antibiotic & Comb",2078,64363,121053.27,69883.69000000002,51169.58,58.25470163618864,1.8807897394465765,24.62443695861405,33.6302646775746,0.7950154591923931,1.0857742802541837
2022,SODIUM SULFATE-POTASSIUM SULFATE-MAGNESIUM SULFATE,Brand,Gastrointestinal Drugs,"Cath&Lax, Laxatives, Saline",12,46,1036.29,336.57,699.7199999999999,86.3575,22.52804347826087,58.309999999999995,28.0475,15.211304347826085,7.316739130434782
2022,SODIUM SULFATE-POTASSIUM SULFATE-MAGNESIUM SULFATE,Generic,Gastrointestinal Drugs,"Cath&Lax, Laxatives, Saline",611,2257,44778.42,35459.24,9319.18,73.2871031096563,19.839796189632253,15.252340425531916,58.03476268412438,4.129011962782455,15.7107842268498
2022,SOFOSBUVIR-VELPATASVIR,Brand,Anti-Infective Agents,"Antivirals, NEC",54,1512,417938.72,410837.11000000004,7101.61,7739.6059259259255,276.4144973544973,131.51129629629628,7608.094629629631,4.6968320105820105,271.71766534391537
2022,SOFOSBUVIR-VELPATASVIR,Generic,Anti-Infective Agents,"Antivirals, NEC",29,812,233438.5,226461.12,6977.38,8049.603448275862,287.48583743842363,240.5993103448276,7809.004137931034,8.59283251231527,278.89300492610835
2022,SOLIFENACIN SUCCINATE,Generic,Smooth Muscle Relaxants,"Muscle Rel,Smooth-Genitour NEC",2420,141599,153177.78,59571.829999999994,93605.95,63.296603305785126,1.081771622680951,38.68014462809917,24.616458677685948,0.6610636374550668,0.4207079852258843
2022,SOLIQUA 100/33,Brand,Hormones & Synthetic Subst,"Antidiabetic Agents, Insulins",129,5816,111406.62999999999,94621.15,16785.48,863.6172868217053,19.155197730398896,130.12,733.4972868217054,2.8860866574965613,16.269111072902337
2022,SOLOSEC,Brand,Anti-Infective Agents,"Anti-Infectives, Misc",22,22,5742.68,3704.3599999999997,2038.32,261.0309090909091,261.0309090909091,92.65090909090908,168.38,92.65090909090908,168.38
2022,SOLTAMOX,Brand,Antineoplastic Agents,Hormone-Modifying Therapy,65,1710,59035.15,59035.15,0.0,908.233076923077,34.52347953216374,0.0,908.233076923077,0.0,34.52347953216374
2022,SOLU-CORTEF 100MG VIAL,Brand,Hormones & Synthetic Subst,"Adrenals & Comb, NEC",103,1221,2500.67,573.38,1927.29,24.278349514563107,2.048050778050778,18.711553398058253,5.566796116504855,1.5784520884520885,0.4695986895986896
2022,SOLU-CORTEF 250MG VIAL,Brand,Hormones & Synthetic Subst,"Adrenals & Comb, NEC",11,158,331.17999999999995,20.63,310.55,30.107272727272722,2.0960759493670884,28.231818181818184,1.8754545454545453,1.965506329113924,0.13056962025316454
2022,SOLU-MEDROL 125MG VIAL,Brand,Hormones & Synthetic Subst,"Adrenals & Comb, NEC",14,398,609.42,167.5,441.92,43.529999999999994,1.5312060301507537,31.565714285714286,11.964285714285714,1.11035175879397,0.42085427135678394
2022,SOMATULINE DEPOT,Brand,Hormones & Synthetic Subst,"Pituitary Hormones, NEC",66,1858,538612.75,535976.61,2636.1400000000003,8160.799242424242,289.88845532831,39.941515151515155,8120.857727272727,1.4188051668460713,288.46965016146396
2022,SOMAVERT,Brand,Hormones & Synthetic Subst,"Pituitary Hormones, NEC",51,1489,885308.0900000001,878335.53,6972.5599999999995,17358.98215686275,594.5655406312962,136.71686274509804,17222.26529411765,4.682713230355943,589.8828274009403
2022,SOOLANTRA,Brand,Skin & Mucous Membrane,"Antiinf S/MM, Scabic/Pediculic",163,4986,88506.5,74365.29000000001,14141.210000000003,542.9846625766871,17.751002807862015,86.75588957055217,456.22877300613504,2.8361833132771768,14.914819494584838
2022,SOTALOL HCL,Generic,Cardiovascular Agents,"Cardiac, Beta Blockers",2160,140610,59960.740000000005,15202.659999999998,44758.08,27.759601851851855,0.42643297062797814,20.721333333333334,7.038268518518517,0.31831363345423513,0.10811933717374296
2022,SOTALOL HCL AF,Generic,Cardiovascular Agents,"Cardiac, Beta Blockers",109,6256,3402.2,1024.9199999999998,2377.2799999999997,31.212844036697245,0.5438299232736573,21.809908256880732,9.402935779816513,0.37999999999999995,0.16382992327365725
2022,SOTYLIZE,Brand,Cardiovascular Agents,"Cardiac, Beta Blockers",15,514,4213.73,3583.73,630.0,280.9153333333333,8.197918287937743,42.0,238.91533333333334,1.2256809338521402,6.972237354085603
2022,SPG SUPPOSI-BASE,Brand,Pharmaceutical Aids/Adjuvants,"Pharmaceutical Aids/Adjuv, NEC",15,430,1436.83,575.1099999999999,861.72,95.78866666666666,3.3414651162790694,57.448,38.34066666666666,2.004,1.3374651162790696
2022,SPINOSAD,Brand,Skin & Mucous Membrane,"Antiinf S/MM, Scabic/Pediculic",11,325,2633.59,2323.59,310.0,239.41727272727275,8.103353846153846,28.181818181818183,211.23545454545456,0.9538461538461539,7.149507692307693
2022,SPINOSAD,Generic,Skin & Mucous Membrane,"Antiinf S/MM, Scabic/Pediculic",11,178,2620.28,2270.28,350.0,238.20727272727274,14.720674157303371,31.818181818181817,206.38909090909092,1.9662921348314606,12.754382022471912
2022,SPIRIVA HANDIHALER,Brand,Autonomic Drugs,"Anticholinergic, NEC",3438,157578,1931484.5499999998,1711560.6600000001,219923.89,561.8046974985456,12.25732367462463,63.96855439208843,497.8361431064573,1.3956509791976037,10.861672695427028
2022,SPIRIVA RESPIMAT,Brand,Autonomic Drugs,"Anticholinergic, NEC",6133,234432,2838017.8000000003,2483734.97,354282.83,462.7454426871026,12.105931784056786,57.7666443828469,404.9787983042557,1.511239207957958,10.594692576098828
2022,SPIRONOLACTONE,Generic,"Electrolytic, Caloric, Water","Diuretics, Potassium-Sparing",59352,3620115,1514796.5599999998,484175.48,1030621.0800000001,25.522249629330094,0.4184387954526306,17.364555196118076,8.157694433212022,0.2846929116892696,0.1337458837633611
2022,SPIRONOLACTONE-HYDROCHLOROTHIAZIDE,Generic,"Electrolytic, Caloric, Water","Diuretics, Potassium-Sparing",832,56287,44279.460000000014,16315.630000000003,27963.83,53.22050480769232,0.7866729440190455,33.61037259615385,19.610132211538463,0.4968079663154903,0.28986497770355507
2022,SPRAVATO,Brand,"Eye, Ear, Nose Throat","Eye/Ear/Nose/Throat Misc, NEC",162,5002,173276.96,167814.21999999997,5462.74,1069.6108641975309,34.64153538584566,33.72061728395062,1035.89024691358,1.092111155537785,33.54942423030787
2022,SPRINTEC,Generic,Hormones & Synthetic Subst,"Contraceptive, Oral Comb, NEC",4719,320831,127975.64,127957.93,17.71,27.119228650137742,0.3988880126920404,0.003752913752913753,27.115475736384827,5.5200401457465145e-05,0.39883281229058287
2022,SPRITAM,Brand,Central Nervous System,"Anticonvulsants, Misc",22,840,6717.06,5747.06,970.0,305.3209090909091,7.9965,44.09090909090909,261.23,1.1547619047619047,6.841738095238096
2022,SPRYCEL,Brand,Antineoplastic Agents,Molecular Targeted Therapy,628,18622,8067731.569999999,8019478.779999999,48252.79,12846.70632165605,433.2365787777897,76.83565286624204,12769.870668789808,2.5911711953603267,430.64540758242936
2022,SPS SUSPENSION,Brand,"Electrolytic, Caloric, Water","Potassium Removing Resins, NEC",37,763,8116.979999999999,7027.9400000000005,1089.0400000000002,219.3778378378378,10.638243774574049,29.433513513513518,189.94432432432433,1.4273132372214943,9.210930537352557
2022,SPS SUSPENSION,Generic,"Electrolytic, Caloric, Water","Potassium Removing Resins, NEC",39,424,4809.370000000001,4263.75,545.62,123.3171794871795,11.342853773584908,13.99025641025641,109.32692307692308,1.2868396226415095,10.056014150943396
2022,SRONYX,Generic,Hormones & Synthetic Subst,"Contraceptive, Oral Comb, NEC",6548,492938,211655.16999999998,211630.16999999998,25.0,32.32363622480146,0.4293748301003371,0.0038179596823457542,32.31981826511912,5.0716317265051586e-05,0.42932411378307206
2022,SSD,Generic,Skin & Mucous Membrane,"Antiinf S/MM, Antiinf Loc Misc",387,8613,5143.700000000002,1203.7999999999997,3939.9,13.291214470284242,0.597201904098456,10.18062015503876,3.110594315245477,0.45743643329850225,0.13976547079995352
2022,SSKI,Brand,Respiratory Tract Agents,"Expectorants/Cold Comb, NEC",14,450,3788.46,2768.46,1020.0,270.6042857142857,8.418800000000001,72.85714285714286,197.74714285714285,2.2666666666666666,6.1521333333333335
2022,ST. JOSEPH,Generic,Central Nervous System,"Analg/Antipyr, Salicylates",11,388,23.740000000000002,23.740000000000002,0.0,2.158181818181818,0.061185567010309284,0.0,2.158181818181818,0.0,0.061185567010309284
2022,STELARA,Brand,Immunosuppressants,"Immunosuppressants, NEC",5715,288782,127618973.66000001,125981232.89000003,1637740.7700000003,22330.529074365706,441.92149669993285,286.568813648294,22043.960260717417,5.671201009758227,436.2502956901747
2022,STENDRA,Brand,Cardiovascular Agents,Phosphodiesterase Inhibitors,40,1107,9974.5,7599.380000000001,2375.12,249.3625,9.010388437217706,59.378,189.98450000000003,2.145546522131888,6.864841915085819
2022,STERILE WATER,Generic,"Electrolytic, Caloric, Water","Electrolytic/Caloric/Water,NEC",14,308,1838.28,1623.28,215.0,131.3057142857143,5.968441558441558,15.357142857142858,115.94857142857143,0.698051948051948,5.270389610389611
2022,STEVIA POWDER/STEVIOSIDE,Brand,Pharmaceutical Aids/Adjuvants,"Pharmaceutical Aids/Adjuv, NEC",16,464,292.76,229.05,63.71,18.2975,0.6309482758620689,3.981875,14.315625,0.13730603448275863,0.49364224137931034
2022,STIOLTO RESPIMAT,Brand,Autonomic Drugs,"Sympathomimetic Agents, NEC",1060,37890,414371.68999999994,352170.68,62201.01000000001,390.9166886792452,10.936175508049615,58.68019811320755,332.23649056603773,1.6416207442596993,9.294554763789918
2022,STIVARGA,Brand,Antineoplastic Agents,Molecular Targeted Therapy,47,1250,756004.8799999999,756004.8799999999,0.0,16085.210212765955,604.8039039999999,0.0,16085.210212765955,0.0,604.8039039999999
2022,STRATTERA,Brand,Central Nervous System,"CNS Agents, Misc.",149,7179,67713.5,50209.840000000004,17503.66,454.4530201342282,9.432163253935089,117.47422818791946,336.9787919463088,2.438175233319404,6.993988020615685
2022,STRAWBERRY,Generic,Pharmaceutical Aids/Adjuvants,"Pharmaceutical Aids/Adjuv, NEC",12,360,518.64,246.89,271.75,43.22,1.4406666666666665,22.645833333333332,20.574166666666667,0.7548611111111111,0.6858055555555556
2022,STRENSIQ,Brand,Enzymes,"Enzymes, NEC",39,1092,3317759.4,3316973.7,785.7,85070.75384615385,3038.241208791209,20.146153846153847,85050.60769230769,0.7195054945054945,3037.5217032967034
2022,STRIBILD,Brand,Anti-Infective Agents,"Antivirals, NEC",110,6060,540626.8099999999,528535.71,12091.1,4914.7891818181815,89.21234488448845,109.91909090909091,4804.87009090909,1.9952310231023103,87.21711386138614
2022,SUBLOCADE 100MG,Brand,Central Nervous System,"Analg/Antipyr,OpiatePart Agnst",313,9166,573861.96,541491.52,32370.440000000002,1833.4247923322682,62.60767619463233,103.41993610223643,1730.004856230032,3.531577569277766,59.076098625354575
2022,SUBLOCADE 300MG,Brand,Central Nervous System,"Analg/Antipyr,OpiatePart Agnst",198,5708,363217.63,340084.87,23132.76,1834.4324747474748,63.633081639803784,116.83212121212121,1717.6003535353534,4.052690960056061,59.58039067974772
2022,SUBOXONE,Brand,Central Nervous System,"Analg/Antipyr,OpiatePart Agnst",2082,49862,708006.02,606471.88,101534.14,340.0605283381364,14.199310496971641,48.76759846301633,291.2929298751201,2.0363029962697046,12.163007500701937
2022,SUCRAID,Brand,Gastrointestinal Drugs,"Digestants & Comb, NEC",195,5583,2313645.14,2287342.3,26302.84,11864.846871794873,414.4089450116425,134.88635897435898,11729.960512820511,4.71123768583199,409.6977073258105
2022,SUCRALFATE,Generic,Gastrointestinal Drugs,"Gastrointestinal Drug Misc,NEC",6986,213862,619679.1400000001,448265.22000000003,171413.91999999998,88.70299742341828,2.897565439395499,24.53677640996278,64.16622101345548,0.8015164919434027,2.0960489474520956
2022,SUDOGEST,Generic,Autonomic Drugs,"Sympathomimetic Agents, NEC",12,74,28.830000000000002,3.02,25.810000000000002,2.4025000000000003,0.3895945945945946,2.1508333333333334,0.25166666666666665,0.34878378378378383,0.04081081081081081
2022,SULCONAZOLE NITRATE,Brand,Skin & Mucous Membrane,"Antiinf S/MM,Antifungal & Comb",11,330,1949.1399999999999,823.0899999999999,1126.05,177.19454545454545,5.9064848484848484,102.36818181818181,74.82636363636362,3.412272727272727,2.494212121212121
2022,SULFACETAMIDE SODIUM,Generic,"Eye, Ear, Nose Throat","Antiinfect, Sulfonamides EENT",500,10705,18568.24,7021.720000000001,11546.519999999999,37.136480000000006,1.7345390004670715,23.09304,14.043440000000002,1.0786099953292851,0.6559290051377862
2022,SULFACETAMIDE SODIUM,Generic,Skin & Mucous Membrane,"Antiinf S/MM,Antibiotic & Comb",483,15348,57939.6,43109.76,14829.84,119.95776397515527,3.775058639562158,30.70360248447205,89.25416149068323,0.9662392494136044,2.8088193901485536
2022,SULFACETAMIDE SODIUM/SULFUR,Generic,Skin & Mucous Membrane,"Antiinf S/MM,Antibiotic & Comb",62,2365,24726.21,23321.420000000002,1404.79,398.8098387096774,10.45505708245243,22.65790322580645,376.151935483871,0.5939915433403805,9.861065539112051
2022,SULFACLEANSE 8/4,Generic,Skin & Mucous Membrane,"Antiinf S/MM,Antibiotic & Comb",17,570,8849.22,8299.22,550.0,520.5423529411764,15.524947368421051,32.35294117647059,488.1894117647058,0.9649122807017544,14.560035087719298
2022,SULFAMETHOXAZOLE/TRIMETHOPRIM,Generic,Anti-Infective Agents,"Sulfonamides & Comb, NEC",38485,527294,114999.73,16468.489999999998,98531.24,2.98817019618033,0.21809413723653218,2.5602504872028065,0.4279197089775237,0.18686205418608975,0.031232083050442443
2022,SULFAMYLON,Brand,Skin & Mucous Membrane,"Antiinf S/MM, Antiinf Loc Misc",14,415,1193.1299999999999,504.27,688.86,85.22357142857142,2.875012048192771,49.20428571428572,36.019285714285715,1.6599036144578314,1.2151084337349398
2022,SULFASALAZINE,Brand,Pharmaceutical Aids/Adjuvants,"Pharmaceutical Aids/Adjuv, NEC",79,1906,12622.169999999998,6462.49,6159.679999999999,159.77430379746832,6.622334732423924,77.9706329113924,81.80367088607595,3.2317313746065053,3.3906033578174184
2022,SULFASALAZINE,Generic,Anti-Infective Agents,"Sulfonamides & Comb, NEC",3151,153543,127259.13,46382.51,80876.62,40.386902570612506,0.8288175299427523,25.666969216121863,14.719933354490639,0.5267359632155162,0.302081566727236
2022,SULFATRIM PEDIATRIC,Generic,Anti-Infective Agents,"Sulfonamides & Comb, NEC",322,5571,7106.919999999999,2340.86,4766.0599999999995,22.0711801242236,1.2756991563453597,14.80142857142857,7.269751552795031,0.8555124753186142,0.42018668102674567
2022,SULINDAC,Generic,Central Nervous System,"Analg/Antipyr,Nonstr/Antiinflm",763,27774,14443.209999999997,2459.37,11983.84,18.92950196592398,0.520026283574566,15.706212319790302,3.223289646133683,0.4314769208612371,0.08854936271332901
2022,SUMATRIPTAN,Generic,Autonomic Drugs,"Vascular 5HT1 Agonist, NEC",1298,31849,286059.22000000003,231770.28999999995,54288.92999999999,220.38460708782745,8.981733178435745,41.82506163328197,178.55954545454543,1.7045725140506764,7.2771606643850655
2022,SUMATRIPTAN AND NAPROXEN SODIUM,Generic,Central Nervous System,"Analg/Antipyr,Nonstr/Antiinflm",99,1813,47667.45999999999,42459.31,5208.15,481.4894949494949,26.292035300606724,52.60757575757575,428.88191919191917,2.872669608383894,23.419365692222833
2022,SUMATRIPTAN SUCCINATE,Brand,Autonomic Drugs,"Vascular 5HT1 Agonist, NEC",18,504,12698.27,12188.27,510.0,705.4594444444444,25.19498015873016,28.333333333333332,677.1261111111112,1.0119047619047619,24.183075396825398
2022,SUMATRIPTAN SUCCINATE,Generic,Autonomic Drugs,"Vascular 5HT1 Agonist, NEC",48457,1260805,729317.9099999999,340419.66,388898.25,15.0508267123429,0.5784541701531957,8.025636131002745,7.025190581340157,0.3084523379904109,0.2700018321627849
2022,SUNDOWN NATURALS VITAMIN D3,Generic,Vitamins & Comb,"Vitamin D, NEC",26,2098,75.01,0.0,75.01,2.8850000000000002,0.03575309818875119,2.8850000000000002,0.0,0.03575309818875119,0.0
2022,SUNITINIB MALATE,Generic,Antineoplastic Agents,Molecular Targeted Therapy,48,1349,400327.45,400327.45,0.0,8340.155208333334,296.75867309117865,0.0,8340.155208333334,0.0,296.75867309117865
2022,SUNMARK ALCOHOL PREP PADS,Brand,Skin & Mucous Membrane,S/MM Soaps/Cleanser/Antiseptic,29,1260,39.17,7.699999999999999,31.47,1.350689655172414,0.031087301587301587,1.0851724137931034,0.2655172413793103,0.024976190476190475,0.0061111111111111106
2022,SUNMARK ALL DAY ALLERGY,Generic,Antihistamines & Comb.,"Antihistamines & Comb, NEC",103,4525,379.69,46.46,333.23,3.6863106796116503,0.08390939226519337,3.235242718446602,0.45106796116504855,0.07364198895027625,0.010267403314917127
2022,SUNMARK ASPIRIN,Generic,Central Nervous System,"Analg/Antipyr, Salicylates",191,13150,279.57,279.57,0.0,1.463717277486911,0.021260076045627376,0.0,1.463717277486911,0.0,0.021260076045627376
2022,SUNMARK ASPIRIN LOW DOSE,Generic,Central Nervous System,"Analg/Antipyr, Salicylates",17,750,24.17,24.17,0.0,1.421764705882353,0.03222666666666667,0.0,1.421764705882353,0.0,0.03222666666666667
2022,SUNMARK CLEARLAX,Generic,Pharmaceutical Aids/Adjuvants,"Pharmaceutical Aids/Adjuv, NEC",16,239,89.84,70.32,19.52,5.615,0.3758995815899582,1.22,4.395,0.08167364016736402,0.2942259414225941
2022,SUNMARK NICOTINE,Generic,Autonomic Drugs,"Autonomic, Nicotine Preps",41,772,1007.3,1007.3,0.0,24.568292682926828,1.3047927461139897,0.0,24.568292682926828,0.0,1.3047927461139897
2022,SUNMARK NICOTINE LOZENGE,Generic,Autonomic Drugs,"Autonomic, Nicotine Preps",56,1225,1635.56,1635.56,0.0,29.20642857142857,1.3351510204081631,0.0,29.20642857142857,0.0,1.3351510204081631
2022,SUNMARK NICOTINE TRANSDERMAL SYSTEM,Generic,Autonomic Drugs,"Autonomic, Nicotine Preps",47,1164,1572.19,1572.19,0.0,33.45085106382979,1.3506786941580757,0.0,33.45085106382979,0.0,1.3506786941580757
2022,SUNOSI,Brand,Central Nervous System,"Stimulant, Non-Amphetamine",244,7991,164027.83000000002,139214.5,24813.33,672.2452049180329,20.526571142535353,101.69397540983607,570.5512295081967,3.1051595544988113,17.42141158803654
2022,SUPER THIN COMFORT ASSURED,Brand,Devices & Non-Drug Items,"Devices & Non-Drug Items, NEC",44,2413,426.49000000000007,175.47,251.01999999999998,9.692954545454548,0.1767467882304186,5.704999999999999,3.9879545454545453,0.10402818068794031,0.07271860754247825
2022,SUPREP BOWEL PREP KIT,Brand,Gastrointestinal Drugs,"Cath&Lax, Laxatives, Saline",1744,5262,185901.61000000002,136730.99,49170.62000000001,106.59495986238532,35.329078297225394,28.194162844036704,78.40079701834861,9.344473584188524,25.984604713036866
2022,SURECOMFORT INSULIN SYRINGE,Brand,Devices & Non-Drug Items,"Devices & Non-Drug Items, NEC",166,8527,3600.420000000001,1429.9099999999999,2170.5099999999998,21.689277108433743,0.4222375982174271,13.07536144578313,8.613915662650601,0.25454556115867244,0.16769203705875452
2022,SURECOMFORT PEN NEEDLES,Brand,Diagnostic Agents,Diabetes Mell/Diab Supply NEC,297,18809,9478.53,3849.56,5628.97,31.914242424242428,0.5039358817587326,18.952760942760943,12.961481481481481,0.2992700303046414,0.20466585145409114
2022,SUTAB,Brand,Gastrointestinal Drugs,"Cath&Lax, Laxatives, Saline",5272,15590,568540.71,403643.85000000003,164896.86000000002,107.84156107738998,36.46829441949968,31.277856600910475,76.56370447647951,10.577091725465042,25.89120269403464
2022,SYEDA,Generic,Hormones & Synthetic Subst,"Contraceptive, Oral Comb, NEC",6701,507382,408924.94000000006,408507.14,417.8,61.02446500522311,0.8059508220630611,0.06234890314878377,60.96211610207432,0.0008234426920939253,0.8051273793709671
2022,SYMBICORT 80/4.5,Brand,Hormones & Synthetic Subst,"Adrenals & Comb, NEC",8989,352555,2591185.5500000003,2039221.7500000002,551963.8,288.26182556457894,7.349734225865468,61.40436088552676,226.8574646790522,1.5656104721249169,5.784123753740552
2022,SYMBICORT 80/4.5,Generic,Hormones & Synthetic Subst,"Adrenals & Comb, NEC",24,1020,10887.82,8270.08,2617.74,453.65916666666664,10.674333333333333,109.07249999999999,344.58666666666664,2.566411764705882,8.10792156862745
2022,SYMBICORT 160/4.5,Brand,Hormones & Synthetic Subst,"Adrenals & Comb, NEC",21570,872510,7432647.460000001,6119984.52,1312662.9399999997,344.58263606861385,8.51869601494539,60.85595456652757,283.7266815020862,1.5044675018051366,7.01422851314025
2022,SYMBICORT 160/4.5,Generic,Hormones & Synthetic Subst,"Adrenals & Comb, NEC",54,1950,21579.920000000002,19494.86,2085.06,399.62814814814817,11.066625641025642,38.61222222222222,361.01592592592596,1.0692615384615385,9.997364102564102
2022,SYMDEKO,Brand,Respiratory Tract Agents,"Misc Therapeutic Agents, NEC",23,644,540797.9299999999,524259.31,16538.620000000003,23512.953478260868,839.7483385093167,719.0704347826088,22793.88304347826,25.681086956521742,814.067251552795
2022,SYMLINPEN,Brand,Hormones & Synthetic Subst,"Antidiabetic Agents, Misc",41,1908,72387.01999999999,70473.82,1913.2,1765.5370731707314,37.938689727463306,46.66341463414634,1718.8736585365855,1.0027253668763103,36.93596436058701
2022,SYMPROIC,Brand,Gastrointestinal Drugs,Per-Act Mu Op Rcp Ant (PAMORA),31,930,12593.18,10543.18,2050.0,406.2316129032258,13.54105376344086,66.12903225806451,340.1025806451613,2.204301075268817,11.336752688172043
2022,SYMTUZA,Brand,Anti-Infective Agents,"Antivirals, NEC",326,12062,1266576.03,1232763.16,33812.87,3885.20254601227,105.00547421654784,103.7204601226994,3781.4820858895705,2.8032556789918757,102.20221853755595
2022,SYNAGIS,Brand,Anti-Infective Agents,"Antivirals, NEC",268,7524,778519.7999999998,747235.0799999998,31284.72,2904.924626865671,103.47153110047844,116.73402985074627,2788.1905970149246,4.15799043062201,99.31354066985644
2022,SYNAREL,Brand,Hormones & Synthetic Subst,"Pituitary Hormones, NEC",77,2120,274360.32,268318.58,6041.74,3563.121038961039,129.41524528301886,78.46415584415584,3484.6568831168834,2.849877358490566,126.5653679245283
2022,SYNJARDY,Brand,Hormones & Synthetic Subst,"Antidiabetic Agents, Misc",597,32515,438401.76000000007,399196.5,39205.26,734.3413065326635,13.483061971397818,65.67045226130654,668.6708542713568,1.205759188067046,12.27730278333077
2022,SYNJARDY XR,Brand,Hormones & Synthetic Subst,"Antidiabetic Agents, Misc",1004,51227,720177.1100000001,642017.92,78159.19,717.3078784860559,14.058545493587369,77.84779880478088,639.4600796812749,1.525742089132684,12.532803404454683
2022,SYNTHROID,Brand,Hormones & Synthetic Subst,"Thy/Antithy, Thyroid/Hormones",35399,2755598,1170459.2000000002,86471.96,1083987.2400000002,33.064753241617,0.4247568767287537,30.621973502076337,2.442779739540665,0.39337640686341047,0.03138046986534321
2022,SYNTHROID,Generic,Hormones & Synthetic Subst,"Thy/Antithy, Thyroid/Hormones",4156,363856,131340.95,24094.399999999998,107246.55,31.60273099133783,0.36096958686953085,25.805233397497595,5.79749759384023,0.29474998350996,0.06621960335957082
2022,SYRUP,Brand,Pharmaceutical Aids/Adjuvants,"Pharmaceutical Aids/Adjuv, NEC",64,1769,7054.8,5182.81,1871.99,110.23125,3.988015828151498,29.24984375,80.98140625,1.0582193329564726,2.9297964951950255
2022,T:SLIM X2 INSULIN PUMP CARTRIDGE,Brand,Devices & Non-Drug Items,"Devices & Non-Drug Items, NEC",160,13372,18799.79,8137.59,10662.199999999999,117.4986875,1.405907119353874,66.63874999999999,50.8599375,0.7973526772360154,0.6085544421178583
2022,TAB-A-VITE,Brand,Vitamins & Comb,"Multivit Prep,Multivit Mineral",20,1020,28.13,3.84,24.29,1.4064999999999999,0.02757843137254902,1.2145,0.192,0.02381372549019608,0.003764705882352941
2022,TAB-A-VITE MULTIVITAMIN,Generic,Vitamins & Comb,"Multivit Prep, Multivit Plain",14,480,24.029999999999998,24.029999999999998,0.0,1.7164285714285712,0.050062499999999996,0.0,1.7164285714285712,0.0,0.050062499999999996
2022,TAB-A-VITE MULTIVITAMIN WITH IRON,Generic,Vitamins & Comb,"Multivit Prep, Multivit Plain",12,900,19.16,1.57,17.59,1.5966666666666667,0.02128888888888889,1.4658333333333333,0.13083333333333333,0.019544444444444444,0.0017444444444444445
2022,TACROLIMUS,Brand,Pharmaceutical Aids/Adjuvants,"Pharmaceutical Aids/Adjuv, NEC",12,360,5278.26,4553.26,725.0,439.855,14.661833333333334,60.416666666666664,379.43833333333333,2.013888888888889,12.647944444444445
2022,TACROLIMUS,Generic,Immunosuppressants,"Immunosuppressants, NEC",5029,251364,1006102.6499999999,826822.19,179280.46000000002,200.06018095048717,4.002572564090323,35.64932590972361,164.41085504076355,0.7132304546394871,3.289342109450836
2022,TACROLIMUS,Generic,Skin & Mucous Membrane,"S/MM Miscellaneous, NEC",4964,141562,888686.34,716472.7899999998,172213.55000000002,179.0262570507655,6.277718172956019,34.69249597099114,144.33376107977435,1.216523855271895,5.061194317684123
2022,TADALAFIL,Generic,Cardiovascular Agents,Phosphodiesterase Inhibitors,23585,654422,1218308.19,939458.0,278850.19,51.65606063175747,1.8616553080428224,11.823200763196947,39.832859868560526,0.4261014910867911,1.4355538169560313
2022,TAFINLAR,Brand,Antineoplastic Agents,Molecular Targeted Therapy,153,4590,1585968.1699999997,1583395.4799999997,2572.69,10365.805032679737,345.5268344226579,16.814967320261438,10348.990065359476,0.5604989106753813,344.9663355119825
2022,TAFLUPROST,Generic,"Eye, Ear, Nose Throat","Eye/Ear/Nose/Throat Misc, NEC",11,570,3670.4900000000002,3297.99,372.5,333.6809090909091,6.439456140350877,33.86363636363637,299.8172727272727,0.6535087719298246,5.785947368421052
2022,TAGRISSO,Brand,Antineoplastic Agents,Molecular Targeted Therapy,543,16237,8747346.23,8726331.31,21014.92,16109.293241252302,538.7292129087886,38.70151012891344,16070.59173112339,1.2942612551579724,537.4349516536306
2022,TAKE ACTION,Generic,Hormones & Synthetic Subst,"Contraceptive, Oral Comb, NEC",106,338,1257.4400000000003,1257.4400000000003,0.0,11.862641509433965,3.720236686390533,0.0,11.862641509433965,0.0,3.720236686390533
2022,TAKHZYRO,Brand,Cardiovascular Agents,Kallikrein Inhibitor,170,4760,6479316.51,6455829.95,23486.559999999998,38113.62652941176,1361.2009474789916,138.15623529411764,37975.47029411765,4.934151260504201,1356.2667962184873
2022,TALICIA,Brand,Anti-Infective Agents,"Antibiot, Penicillins",12,164,4774.92,2801.64,1973.2800000000002,397.91,29.11536585365854,164.44000000000003,233.47,12.03219512195122,17.083170731707316
2022,TALTZ,Brand,Immunosuppressants,"Immunosuppressants, NEC",4214,118174,29589529.779999997,28791333.569999997,798196.21,7021.72040341718,250.38950852133294,189.4153322259136,6832.3050711912665,6.754414761284208,243.6350937600487
2022,TAMIFLU,Brand,Anti-Infective Agents,"Antivirals, NEC",16,80,1284.24,525.0999999999999,759.14,80.265,16.053,47.44625,32.818749999999994,9.48925,6.563749999999999
2022,TAMOXIFEN CITRATE,Generic,Antineoplastic Agents,Hormone-Modifying Therapy,7697,526844,325594.74,322197.18999999994,3397.55,42.30151227751072,0.6180097713934295,0.44141223853449396,41.86010003897622,0.006448872911146374,0.6115608984822831
2022,TAMSULOSIN HCL,Generic,Misc Therapeutic Agents,"Misc Therapeutic Agents, NEC",44500,2735052,575946.48,83697.42,492249.06000000006,12.942617528089887,0.21057971841120388,11.061776629213485,1.8808408988764045,0.17997795288718463,0.030601765524019286
2022,TARGRETIN,Brand,Antineoplastic Agents,Chemotherapy,11,310,333815.27,332484.84,1330.43,30346.842727272728,1076.8234516129032,120.94818181818182,30225.894545454546,4.291709677419355,1072.531741935484
2022,TARINA 24 FE,Generic,Hormones & Synthetic Subst,"Contraceptive, Oral Comb, NEC",65,4194,3889.0600000000004,3889.0600000000004,0.0,59.831692307692315,0.9272913686218408,0.0,59.831692307692315,0.0,0.9272913686218408
2022,TARINA FE 1/20 EQ,Generic,Hormones & Synthetic Subst,"Contraceptive, Oral Comb, NEC",38,2128,659.32,659.32,0.0,17.350526315789477,0.3098308270676692,0.0,17.350526315789477,0.0,0.3098308270676692
2022,TARPEYO,Brand,Hormones & Synthetic Subst,"Adrenals & Comb, NEC",16,480,97206.24,94870.56,2335.6800000000003,6075.39,202.513,145.98000000000002,5929.41,4.8660000000000005,197.647
2022,TASIGNA,Brand,Antineoplastic Agents,Molecular Targeted Therapy,175,4926,2551765.67,2535048.5999999996,16717.07,14581.518114285715,518.0198274462037,95.52611428571429,14485.991999999998,3.3936398700771417,514.6261875761267
2022,TAVABOROLE,Generic,Skin & Mucous Membrane,"Antiinf S/MM,Antifungal & Comb",24,730,3645.6800000000003,2533.07,1112.6100000000001,151.90333333333334,4.994082191780822,46.35875000000001,105.54458333333334,1.524123287671233,3.469958904109589
2022,TAVALISSE,Brand,Immunosuppressants,"Immunosuppressants, NEC",16,480,209117.05,208533.4,583.65,13069.815625,435.6605208333333,36.478125,13033.3375,1.2159375,434.4445833333333
2022,TAYSOFY,Generic,Hormones & Synthetic Subst,"Contraceptive, Oral Comb, NEC",11,532,2502.28,2502.28,0.0,227.48000000000002,4.703533834586467,0.0,227.48000000000002,0.0,4.703533834586467
2022,TAYTULLA,Brand,Hormones & Synthetic Subst,"Contraceptive, Oral Comb, NEC",16,1001,5843.8099999999995,5243.8099999999995,600.0,365.23812499999997,5.837972027972027,37.5,327.73812499999997,0.5994005994005994,5.238571428571428
2022,TAZAROTENE,Brand,Skin & Mucous Membrane,"Cell Stim/Proliferant S/MM,NEC",27,810,7222.53,3355.1299999999997,3867.3999999999996,267.50111111111113,8.916703703703703,143.23703703703703,124.26407407407406,4.774567901234567,4.142135802469135
2022,TAZAROTENE,Generic,Skin & Mucous Membrane,"Cell Stim/Proliferant S/MM,NEC",817,23903,251254.40000000002,216077.66000000003,35176.740000000005,307.5329253365973,10.511416976948501,43.05598531211751,264.47694002447986,1.471645400158976,9.039771576789526
2022,TAZORAC,Brand,Skin & Mucous Membrane,"Cell Stim/Proliferant S/MM,NEC",208,6105,109882.38,95340.39,14541.99,528.2806730769231,17.998751842751844,69.91341346153845,458.3672596153846,2.3819803439803438,15.616771498771499
2022,TDVAX,Brand,"Serums, Toxoids, Vaccines","Toxoids, NEC",49,76,1721.55,1721.55,0.0,35.13367346938775,22.651973684210525,0.0,35.13367346938775,0.0,22.651973684210525
2022,TECFIDERA,Brand,Misc Therapeutic Agents,Biological Response Modifiers,286,8580,2298765.33,2251651.1399999997,47114.19,8037.6410139860145,267.92136713286715,164.73493006993007,7872.906083916083,5.491164335664336,262.43020279720275
2022,TECHLITE PEN NEEDLES,Brand,Diagnostic Agents,Diabetes Mell/Diab Supply NEC,75,4278,1710.4,255.07,1455.3300000000002,22.805333333333333,0.39981299672744275,19.404400000000003,3.400933333333333,0.34018934081346425,0.059623655913978495
2022,TEGRETOL,Brand,Central Nervous System,"Anticonvulsants, Misc",168,8892,64174.07,41964.689999999995,22209.38,381.9885119047619,7.217056905083221,132.19869047619048,249.7898214285714,2.49768106162843,4.71937584345479
2022,TEGRETOL-XR,Brand,Central Nervous System,"Anticonvulsants, Misc",317,16337,119552.15000000001,80065.87,39486.28,377.13611987381705,7.317876599130808,124.56239747634069,252.57372239747633,2.4169847585235966,4.90089184060721
2022,TEGRETOL-XR,Generic,Central Nervous System,"Anticonvulsants, Misc",14,540,7840.16,5320.64,2519.52,560.0114285714286,14.518814814814814,179.96571428571428,380.0457142857143,4.665777777777778,9.853037037037037
2022,TELMISARTAN,Generic,Cardiovascular Agents,"Cardiac Drugs, NEC",1649,116804,80813.51999999999,33184.259999999995,47629.26,49.00759248029108,0.6918728810657169,28.883723468768952,20.12386901152213,0.4077707955207014,0.28410208554501554
2022,TELMISARTAN-AMLODIPINE BESYLATE,Generic,Cardiovascular Agents,"Cardiac, Calcium Channel",100,6660,22543.06,17989.469999999998,4553.59,225.43060000000003,3.384843843843844,45.5359,179.89469999999997,0.6837222222222222,2.7011216216216214
2022,TELMISARTAN/HYDROCHLOROTHIAZIDE,Generic,Cardiovascular Agents,"Cardiac Drugs, NEC",210,13380,32000.2,22866.79,9133.410000000002,152.38190476190476,2.391644245142003,43.492428571428576,108.88947619047619,0.6826165919282512,1.7090276532137518
2022,TEMAZEPAM,Generic,Central Nervous System,"ASH, Benzodiazepines",2779,91810,49147.759999999995,27979.04,21168.719999999998,17.685412018711766,0.5353203354754383,7.617387549478229,10.068024469233537,0.23057096176887046,0.3047493737065679
2022,TEMOZOLOMIDE,Generic,Antineoplastic Agents,Chemotherapy,700,18175,239983.3,238680.69,1302.6100000000001,342.8332857142857,13.204033012379641,1.8608714285714287,340.9724142857143,0.07167042640990372,13.132362585969739
2022,TENIVAC,Brand,"Serums, Toxoids, Vaccines","Toxoids, NEC",414,578,17518.58,17518.58,0.0,42.31541062801933,30.308961937716266,0.0,42.31541062801933,0.0,30.308961937716266
2022,TENOFOVIR DISOPROXIL FUMARATE,Generic,Anti-Infective Agents,"Antivirals, NEC",1424,83514,279119.74,210928.72999999998,68191.01000000001,196.0110533707865,3.342191009890557,47.886945224719106,148.1241081460674,0.8165219005196734,2.5256691093708836
2022,TEPEZZA,Brand,Immunosuppressants,"Immunosuppressants, NEC",11,231,506143.25,505553.25,590.0,46013.02272727273,2191.09632034632,53.63636363636363,45959.38636363636,2.554112554112554,2188.5422077922076
2022,TERAZOSIN HCL,Generic,Cardiovascular Agents,"Hypotensive Agents, NEC",2388,168085,47592.119999999995,9525.49,38066.63,19.92969849246231,0.2831431716096023,15.940799832495811,3.988898659966499,0.22647249903322722,0.05667067257637505
2022,TERBINAFINE,Generic,Anti-Infective Agents,"Antibiot, Antifungals",6030,218779,42192.94,1693.9599999999996,40498.979999999996,6.997170812603649,0.19285644417425804,6.716248756218905,0.2809220563847429,0.18511365350422113,0.007742790670036885
2022,TERBINAFINE HCL,Generic,Anti-Infective Agents,"Antibiot, Antifungals",2726,99308,17942.050000000003,714.6800000000001,17227.37,6.581823184152606,0.1806707415313973,6.319651504035216,0.2621716801173881,0.17347414105610826,0.007196600475289001
2022,TERBUTALINE SULFATE,Generic,Autonomic Drugs,"Sympathomimetic Agents, NEC",25,750,2635.77,1842.03,793.74,105.4308,3.51436,31.7496,73.6812,1.05832,2.45604
2022,TERCONAZOLE,Generic,Skin & Mucous Membrane,"Antiinf S/MM,Antifungal & Comb",2226,30555,74782.49999999999,28862.450000000004,45920.049999999996,33.59501347708894,2.44747177221404,20.628953279424977,12.966060197663973,1.5028653248240875,0.9446064473899527
2022,TERIPARATIDE,Brand,Misc Therapeutic Agents,"Misc Therapeutic Agents, NEC",47,1540,136963.11000000002,130991.84,5971.27,2914.1087234042557,88.93708441558442,127.04829787234044,2787.060425531915,3.8774480519480523,85.05963636363636
2022,TESTIM,Brand,Hormones & Synthetic Subst,"Androgens & Comb, NEC",13,390,6785.0,6098.889999999999,686.11,521.9230769230769,17.397435897435898,52.777692307692305,469.14538461538456,1.7592564102564103,15.638179487179485
2022,TESTOPEL PELLETS,Brand,Hormones & Synthetic Subst,"Androgens & Comb, NEC",114,9918,50488.28999999999,29149.97,21338.32,442.8797368421052,5.090571687840289,187.1782456140351,255.70149122807018,2.1514740875176446,2.9390976003226457
2022,TESTOSTERONE,Brand,Hormones & Synthetic Subst,"Androgens & Comb, NEC",569,17145,196898.47,173859.11,23039.36,346.04300527240775,11.484308544765238,40.490966608084356,305.55203866432333,1.3437946923301254,10.140513852435111
2022,TESTOSTERONE,Generic,Hormones & Synthetic Subst,"Androgens & Comb, NEC",11104,330964,2365026.5799999996,1939952.2900000005,425074.29000000004,212.98870497118153,7.145872602458272,38.28118605907781,174.70751891210378,1.2843520443311056,5.861520558127169
2022,TESTOSTERONE CYPIONATE,Generic,Hormones & Synthetic Subst,"Androgens & Comb, NEC",20750,562018,792147.44,389295.50000000006,402851.94000000006,38.17578024096385,1.4094698746303498,19.414551325301208,18.761228915662652,0.716795440715422,0.6926744339149281
2022,TESTOSTERONE ENANTHATE,Brand,Hormones & Synthetic Subst,"Androgens & Comb, NEC",243,7239,18367.309999999998,11603.76,6763.55,75.5856378600823,2.5372717226136206,27.833539094650206,47.7520987654321,0.9343210388175163,1.6029506837961045
2022,TESTOSTERONE ENANTHATE,Generic,Hormones & Synthetic Subst,"Androgens & Comb, NEC",221,7447,13181.73,8279.64,4902.09,59.6458371040724,1.7700725124211092,22.181402714932126,37.464434389140266,0.6582637303612193,1.1118087820598899
2022,TESTOSTERONE MICRONIZED,Brand,Pharmaceutical Aids/Adjuvants,"Pharmaceutical Aids/Adjuv, NEC",58,1780,7182.06,4456.16,2725.8999999999996,123.82862068965518,4.034865168539326,46.99827586206896,76.8303448275862,1.5314044943820222,2.5034606741573033
2022,TETRABENAZINE,Generic,Central Nervous System,"CNS Agents, Misc.",101,2991,169710.89999999997,167299.89999999997,2411.0,1680.3059405940592,56.74052156469407,23.871287128712872,1656.4346534653462,0.8060849214309596,55.93443664326311
2022,TETRACAINE,Brand,Pharmaceutical Aids/Adjuvants,"Pharmaceutical Aids/Adjuv, NEC",15,421,3375.0,2585.0,790.0,225.0,8.016627078384799,52.666666666666664,172.33333333333334,1.8764845605700713,6.140142517814727
2022,TETRACYCLINE HCL,Generic,Anti-Infective Agents,"Antibiot, Tetracyclines",1176,21469,236064.78,196382.41,39682.369999999995,200.73535714285714,10.995611346592762,33.7435119047619,166.99184523809524,1.8483567003586565,9.147254646234105
2022,TEZSPIRE,Brand,~Missing,~Missing,34,952,128795.56999999999,124532.56999999999,4263.0,3788.1049999999996,135.28946428571427,125.38235294117646,3662.7226470588234,4.477941176470588,130.8115231092437
2022,THALITONE,Brand,"Electrolytic, Caloric, Water","Diuretics, Thiazides & Related",54,2250,4212.05,954.68,3257.37,78.00092592592593,1.8720222222222223,60.321666666666665,17.679259259259258,1.44772,0.4243022222222222
2022,THALOMID,Brand,Misc Therapeutic Agents,Biological Response Modifiers,19,532,359086.08999999997,358786.08999999997,300.0,18899.26789473684,674.9738533834586,15.789473684210526,18883.47842105263,0.5639097744360902,674.4099436090225
2022,THEO-24,Brand,Smooth Muscle Relaxants,"Muscle Rel,Smooth-Respirat NEC",137,6468,41938.020000000004,35522.68,6415.34,306.11693430656936,6.483923933209648,46.82729927007299,259.28963503649635,0.9918583797155226,5.492065553494125
2022,THEOPHYLLINE,Brand,Smooth Muscle Relaxants,"Muscle Rel,Smooth-Respirat NEC",62,3750,22012.410000000003,18221.23,3791.1800000000003,355.038870967742,5.869976000000001,61.14806451612904,293.8908064516129,1.0109813333333335,4.858994666666667
2022,THEOPHYLLINE,Generic,Smooth Muscle Relaxants,"Muscle Rel,Smooth-Respirat NEC",295,17381,62846.929999999986,52787.03999999999,10059.890000000001,213.04044067796605,3.61584086070997,34.101322033898306,178.93911864406778,0.578786606064093,3.037054254645877
2022,THERAPEUTIC-M,Generic,Vitamins & Comb,"Multivit Prep,Multivit Mineral",27,1002,75.95,0.0,75.95,2.812962962962963,0.07579840319361278,2.812962962962963,0.0,0.07579840319361278,0.0
2022,THIOLA,Brand,Misc Therapeutic Agents,"Misc Therapeutic Agents, NEC",14,420,115671.11,114736.11,935.0,8262.222142857143,275.4074047619048,66.78571428571429,8195.43642857143,2.2261904761904763,273.1812142857143
2022,THIOLA EC,Brand,Misc Therapeutic Agents,"Misc Therapeutic Agents, NEC",78,2340,649371.18,637656.18,11715.0,8325.271538461539,277.5090512820513,150.19230769230768,8175.079230769232,5.006410256410256,272.502641025641
2022,THIOTHIXENE,Generic,Central Nervous System,"Psychother,Tranq/Antipsychotic",43,1729,3941.41,2830.67,1110.74,91.6606976744186,2.2795893580104107,25.831162790697675,65.82953488372094,0.6424175824175824,1.6371717755928283
2022,THRIVITE RX,Brand,Vitamins & Comb,"Multivit Prep,Vitamin Prenatal",79,3997,1533.7999999999997,591.3799999999999,942.42,19.415189873417717,0.38373780335251434,11.929367088607595,7.485822784810125,0.23578183637728295,0.1479559669752314
2022,THYROGEN,Brand,Diagnostic Agents,"Thyroid Function, NEC",14,306,48935.880000000005,44380.75000000001,4555.13,3495.4200000000005,159.92117647058825,325.36642857142857,3170.053571428572,14.886045751633988,145.03513071895426
2022,TIADYLT ER,Generic,Cardiovascular Agents,"Cardiac, Calcium Channel",1471,103309,76465.96999999999,23176.24,53289.73000000001,51.98230455472467,0.74016755558567,36.22687287559484,15.755431679129845,0.5158285338160278,0.22433902176964254
2022,TIAGABINE HYDROCHLORIDE,Generic,Central Nervous System,"Anticonvulsants, Misc",76,3444,46721.090000000004,43165.11,3555.9800000000005,614.7511842105264,13.56593786295006,46.7892105263158,567.9619736842105,1.032514518002323,12.533423344947735
2022,TIBSOVO,Brand,Antineoplastic Agents,Molecular Targeted Therapy,75,2422,1899088.42,1895288.42,3800.0,25321.178933333333,784.0992650701899,50.666666666666664,25270.512266666665,1.568951279933939,782.530313790256
2022,TILIA FE,Generic,Hormones & Synthetic Subst,"Contraceptive, Oral Comb, NEC",666,50130,74614.46999999999,74614.46999999999,0.0,112.03373873873872,1.4884195092758825,0.0,112.03373873873872,0.0,1.4884195092758825
2022,TIMOLOL MALEATE,Generic,"Eye, Ear, Nose Throat","Eye/Ear/Nose/Throat Misc, NEC",6793,396691,322450.4,193094.13,129356.27000000002,47.46804063006036,0.8128503041410066,19.042583541881353,28.42545708817901,0.32608823996511144,0.4867620641758951
2022,TIMOLOL MALEATE IN OCUDOSE,Generic,"Eye, Ear, Nose Throat","Eye/Ear/Nose/Throat Misc, NEC",67,3475,32095.760000000002,29888.460000000006,2207.3,479.0411940298508,9.236189928057554,32.94477611940299,446.0964179104479,0.6351942446043166,8.60099568345324
2022,TIMOPTIC IN OCUDOSE,Brand,"Eye, Ear, Nose Throat","Eye/Ear/Nose/Throat Misc, NEC",25,1260,13743.910000000002,11091.390000000001,2652.5200000000004,549.7564000000001,10.90786507936508,106.10080000000002,443.65560000000005,2.1051746031746035,8.802690476190477
2022,TINIDAZOLE,Generic,Anti-Infective Agents,"Anti-Infectives, Misc",340,3022,13655.83,6445.529999999999,7210.3,40.16420588235294,4.518805426869623,21.206764705882353,18.957441176470585,2.3859364659166116,2.1328689609530107
2022,TIROSINT,Brand,Hormones & Synthetic Subst,"Thy/Antithy, Thyroid/Hormones",2014,106716,345446.1,145949.05000000002,199497.05,171.5223932472691,3.2370600472281565,99.05513902681231,72.46725422045681,1.869420236890438,1.367639810337719
2022,TIROSINT,Generic,Hormones & Synthetic Subst,"Thy/Antithy, Thyroid/Hormones",46,3086,14940.55,8896.6,6043.950000000001,324.79456521739127,4.841396629941672,131.39021739130436,193.40434782608696,1.95850615683733,2.882890473104342
2022,TIROSINT-SOL,Brand,Hormones & Synthetic Subst,"Thy/Antithy, Thyroid/Hormones",73,3000,10281.859999999999,4272.69,6009.17,140.84739726027397,3.4272866666666664,82.31739726027398,58.529999999999994,2.0030566666666667,1.4242299999999999
2022,TIVICAY,Brand,Anti-Infective Agents,"Antivirals, NEC",1835,80199,3979489.61,3810080.8699999996,169408.74,2168.659188010899,49.62018990261724,92.32083923705721,2076.338348773842,2.1123547675158045,47.50783513510143
2022,TIZANIDINE HCL,Generic,Autonomic Drugs,"Muscle Relax, Skeletal Central",17457,519748,215986.30000000002,61837.01,154149.29,12.372475224838174,0.4155596558332115,8.830227988772412,3.5422472360657618,0.29658467180248893,0.11897498403072258
2022,TOBI PODHALER,Brand,Anti-Infective Agents,"Antibiot, Aminoglycosides",31,1412,312822.04000000004,306065.31,6756.73,10091.033548387099,221.54535410764876,217.9590322580645,9873.074516129032,4.785219546742209,216.76013456090652
2022,TOBRADEX,Brand,"Eye, Ear, Nose Throat","Antiinfect, Antiinflam EENT",255,3887,56550.37,40098.08,16452.29,221.7661568627451,14.548590172369437,64.51878431372549,157.24737254901962,4.232644713146386,10.315945459223052
2022,TOBRADEX ST,Brand,"Eye, Ear, Nose Throat","Antiinfect, Antiinflam EENT",17,329,4956.95,3267.8,1689.15,291.58529411764704,15.066717325227962,99.36176470588236,192.22352941176473,5.13419452887538,9.932522796352584
2022,TOBRAMYCIN,Generic,Anti-Infective Agents,"Antibiot, Aminoglycosides",120,4670,219087.56000000003,213729.75000000003,5357.8099999999995,1825.7296666666668,46.91382441113491,44.64841666666666,1781.0812500000002,1.1472826552462525,45.76654175588866
2022,TOBRAMYCIN,Generic,"Eye, Ear, Nose Throat","Antiinfect, Antibiotics EENT",2202,28482,17655.43,930.7399999999998,16724.69,8.017906448683016,0.6198802752615687,7.59522706630336,0.42267938237965474,0.5872020925496805,0.0326781827118882
2022,TOBRAMYCIN/DEXAMETHASONE,Generic,"Eye, Ear, Nose Throat","Antiinfect, Antiinflam EENT",4093,66687,279594.1600000001,157386.30000000005,122207.85999999999,68.31032494502811,4.192633646737747,29.85777180552162,38.452553139506485,1.8325589695142979,2.3600746772234475
2022,TOBREX,Brand,"Eye, Ear, Nose Throat","Antiinfect, Antibiotics EENT",51,460,7214.92,4354.21,2860.71,141.46901960784314,15.684608695652175,56.09235294117647,85.37666666666667,6.218934782608696,9.465673913043478
2022,TOLTERODINE TARTRATE,Generic,Smooth Muscle Relaxants,"Muscle Rel,Smooth-Genitour NEC",1727,98513,286954.52999999997,201912.56000000003,85041.97,166.15780544296467,2.912859521078436,49.242599884192245,116.91520555877246,0.8632563215007156,2.049603199577721
2022,TOPAMAX,Brand,Central Nervous System,"Anticonvulsants, Misc",223,9531,289807.94,260577.93999999997,29230.0,1299.5871748878924,30.40687650823628,131.07623318385652,1168.5109417040358,3.0668345399223584,27.34004196831392
2022,TOPIRAMATE,Generic,Central Nervous System,"Anticonvulsants, Misc",34792,1913249,854769.5799999998,518645.37000000005,336124.20999999996,24.567992067141866,0.4467633747619886,9.660962577604046,14.907029489537827,0.17568241770935197,0.2710809570526367
2022,TOPROL XL,Brand,Cardiovascular Agents,"Cardiac, Beta Blockers",214,13017,14118.539999999997,3515.1099999999997,10603.43,65.9744859813084,1.0846231850656831,49.548738317757014,16.4257476635514,0.8145832373050627,0.2700399477606207
2022,TORSEMIDE,Generic,"Electrolytic, Caloric, Water","Diuretics, Loop Diuretics",4470,267115,95037.68999999999,35773.280000000006,59264.409999999996,21.26122818791946,0.3557931602493308,13.25825727069351,8.002970917225952,0.22186852104898638,0.13392463920034445
2022,TOSYMRA,Brand,Autonomic Drugs,"Vascular 5HT1 Agonist, NEC",25,705,10566.73,7617.77,2948.96,422.6692,14.988269503546098,117.9584,304.7108,4.182921985815603,10.805347517730498
2022,TOUJEO 1.5ML PREFILLED PEN,Brand,Hormones & Synthetic Subst,"Antidiabetic Agents, Insulins",2531,139646,1456199.3700000003,1278722.94,177476.43,575.3454642433823,10.427791487045818,70.12107072303436,505.2243935203477,1.2709023530928203,9.156889133952996
2022,TOUJEO MAX 3ML PREFILLED PEN,Brand,Hormones & Synthetic Subst,"Antidiabetic Agents, Insulins",1427,69401,1312179.0599999998,1208070.3499999999,104108.70999999999,919.5368325157672,18.907206812581947,72.95634898388226,846.580483531885,1.5001038889929539,17.407102923588994
2022,TOVIAZ,Brand,Smooth Muscle Relaxants,"Muscle Rel,Smooth-Genitour NEC",58,2600,23492.49,20251.78,3240.71,405.04293103448276,9.035573076923077,55.874310344827585,349.16862068965514,1.2464269230769232,7.789146153846153
2022,TRACLEER,Brand,Cardiovascular Agents,"Vasodilating Agents, NEC",16,472,150138.42,148938.42,1200.0,9383.65125,318.089872881356,75.0,9308.65125,2.542372881355932,315.5475
2022,TRADJENTA,Brand,Hormones & Synthetic Subst,"Antidiabetic Agents, Misc",631,30140,456656.1,412014.76,44641.34,723.7022187004754,15.151164565361645,70.74697305863708,652.9552456418384,1.481132714001327,13.670031851360319
2022,TRAMADOL HCL,Brand,Central Nervous System,"Analgesics/Antipyretics, NEC",77,1766,3204.2000000000003,1327.6200000000001,1876.5800000000002,41.61298701298702,1.814382785956965,24.371168831168834,17.241818181818182,1.062616081540204,0.7517667044167611
2022,TRAMADOL HCL,Generic,Central Nervous System,"Analgesics/Antipyretics, NEC",37147,726659,151392.00999999998,50842.579999999994,100549.43000000001,4.075484157536274,0.20833982652110547,2.706798126362829,1.368686031173446,0.1383722351199118,0.06996759140119367
2022,TRAMADOL HCL/ACETAMINOPHEN,Generic,Central Nervous System,"Analgesics/Antipyretics, NEC",264,6337,3422.7599999999998,1040.16,2382.6,12.965,0.540123086634054,9.025,3.9400000000000004,0.37598232602177684,0.16414076061227711
2022,TRANDOLAPRIL,Generic,Cardiovascular Agents,"Cardiac, ACE Inhibitors",209,14749,5317.419999999999,953.86,4363.56,25.442200956937796,0.3605274933893823,20.878277511961723,4.563923444976076,0.29585463421248903,0.06467285917689335
2022,TRANDOLAPRIL/VERAPAMIL HCL,Brand,Cardiovascular Agents,"Cardiac, ACE Inhibitors",11,674,2893.72,1547.28,1346.44,263.06545454545454,4.293353115727003,122.40363636363637,140.66181818181818,1.9976854599406528,2.29566765578635
2022,TRANEXAMIC ACID,Generic,Blood Form/Coagul Agents,"Coag/Anticoag, Hemostatics",2103,34708,176999.51000000004,123554.20000000001,53445.31,84.16524488825489,5.099674714763168,25.41384213029006,58.75140275796482,1.5398556528754177,3.5598190618877497
2022,TRANSDERM SCOP,Brand,Autonomic Drugs,Antichol/Antimuscarin/Antispas,42,614,2098.05,850.67,1247.3799999999999,49.953571428571436,3.4170195439739417,29.699523809523807,20.25404761904762,2.031563517915309,1.385456026058632
2022,TRANYLCYPROMINE SULFATE,Generic,Central Nervous System,"Psychother, Antidepressants",187,8503,74410.32999999999,67344.59999999999,7065.7300000000005,397.91620320855606,8.751067858402916,37.784652406417116,360.131550802139,0.8309690697400918,7.920098788662824
2022,TRAVATAN Z,Brand,"Eye, Ear, Nose Throat","Eye/Ear/Nose/Throat Misc, NEC",45,2437,11749.869999999999,5763.110000000001,5986.76,261.1082222222222,4.821448502256873,133.0391111111111,128.0691111111111,2.456610586787033,2.36483791546984
2022,TRAVOPROST,Generic,"Eye, Ear, Nose Throat","Eye/Ear/Nose/Throat Misc, NEC",658,34745,178242.45,138138.38,40104.07,270.8851823708207,5.130017268671752,60.94843465045593,209.93674772036474,1.1542400345373436,3.9757772341344078
2022,TRAZODONE HYDROCHLORIDE,Generic,Central Nervous System,"Psychother, Antidepressants",94754,4999757,818177.61,178501.29,639676.3200000001,8.634755366528061,0.16364347507288854,6.7509162673871295,1.8838390991409335,0.12794148195602306,0.035701993116865484
2022,TRELEGY ELLIPTA,Brand,Hormones & Synthetic Subst,"Adrenals & Comb, NEC",5899,216540,3690427.3800000004,3326190.45,364236.93000000005,625.6022003729446,17.04270518149072,61.74553822681811,563.8566621461265,1.6820768911055697,15.360628290385149
2022,TREMFYA,Brand,Immunosuppressants,"Immunosuppressants, NEC",2345,125955,28857927.99,27999484.650000002,858443.34,12306.15266098081,229.11300059545076,366.0739189765458,11940.078742004265,6.815476479695129,222.29752411575564
2022,TRESIBA,Brand,Hormones & Synthetic Subst,"Antidiabetic Agents, Insulins",170,8188,61081.859999999986,46444.81999999999,14637.04,359.30505882352935,7.459924279433316,86.10023529411765,273.2048235294117,1.7876209086468002,5.672303370786516
2022,TRESIBA FLEXTOUCH PEN,Brand,Hormones & Synthetic Subst,"Antidiabetic Agents, Insulins",3264,178028,2292636.8,2045295.21,247341.59000000003,702.4009803921568,12.877956276540768,75.77867340686275,626.6223069852941,1.389340946367987,11.488615330172781
2022,TRETINOIN,Generic,Antineoplastic Agents,Chemotherapy,38,839,95538.73999999999,95538.73999999999,0.0,2514.1773684210525,113.87215733015493,0.0,2514.1773684210525,0.0,113.87215733015493
2022,TRETINOIN,Generic,Skin & Mucous Membrane,"Cell Stim/Proliferant S/MM,NEC",28654,836803,2377299.3,1385299.48,991999.82,82.9657046136665,2.840930661099446,34.61994206742514,48.34576254624136,1.185463986147277,1.6554666749521691
2022,TREXALL,Brand,Antineoplastic Agents,Chemotherapy,233,9406,58357.53999999999,56800.79,1556.75,250.46154506437765,6.204288751860514,6.681330472103005,243.7802145922747,0.16550605996172657,6.038782691898788
2022,TRI FEMYNOR,Generic,Hormones & Synthetic Subst,"Contraceptive, Oral Comb, NEC",147,11106,4400.120000000001,4400.120000000001,0.0,29.932789115646266,0.3961930488024492,0.0,29.932789115646266,0.0,0.3961930488024492
2022,TRI-ESTARYLLA,Generic,Hormones & Synthetic Subst,"Contraceptive, Oral Comb, NEC",13950,1046161,434298.9199999999,434281.06999999995,17.85,31.132539068100353,0.4151358347328948,0.0012795698924731183,31.131259498207882,1.7062383323408158e-05,0.4151187723495714
2022,TRI-LEGEST FE 28,Generic,Hormones & Synthetic Subst,"Contraceptive, Oral Comb, NEC",396,24339,33688.74,33688.74,0.0,85.07257575757575,1.3841464316529026,0.0,85.07257575757575,0.0,1.3841464316529026
2022,TRI-LINYAH,Generic,Hormones & Synthetic Subst,"Contraceptive, Oral Comb, NEC",316,18816,7973.15,7973.15,0.0,25.23148734177215,0.42374309098639457,0.0,25.23148734177215,0.0,0.42374309098639457
2022,TRI-LO-ESTARYLLA,Generic,Hormones & Synthetic Subst,"Contraceptive, Oral Comb, NEC",394,25228,13846.630000000001,13826.630000000001,20.0,35.14373096446701,0.5488596004439512,0.050761421319796954,35.09296954314721,0.0007927699381639448,0.5480668305057873
2022,TRI-LO-MARZIA,Generic,Hormones & Synthetic Subst,"Contraceptive, Oral Comb, NEC",6292,477248,255499.98,255479.98,20.0,40.607116973935156,0.5353610282285102,0.003178639542275906,40.60393833439288,4.1906933083009256e-05,0.5353191212954271
2022,TRI-LO-MILI,Generic,Hormones & Synthetic Subst,"Contraceptive, Oral Comb, NEC",316,19495,10522.69,10522.69,0.0,33.299651898734176,0.5397635291100282,0.0,33.299651898734176,0.0,0.5397635291100282
2022,TRI-LO-SPRINTEC,Generic,Hormones & Synthetic Subst,"Contraceptive, Oral Comb, NEC",2345,146918,81685.84,81685.84,0.0,34.834046908315564,0.5559961338978205,0.0,34.834046908315564,0.0,0.5559961338978205
2022,TRI-NYMYO,Generic,Hormones & Synthetic Subst,"Contraceptive, Oral Comb, NEC",28,2184,999.14,999.14,0.0,35.683571428571426,0.45748168498168496,0.0,35.683571428571426,0.0,0.45748168498168496
2022,TRI-SPRINTEC 28,Generic,Hormones & Synthetic Subst,"Contraceptive, Oral Comb, NEC",4862,322519,131336.52000000002,131336.52000000002,0.0,27.012858905800087,0.4072210319392036,0.0,27.012858905800087,0.0,0.4072210319392036
2022,TRI-VITE DROPS WITH FLUORIDE,Generic,Vitamins & Comb,"Multivit Prep,Multivit Fluorid",58,2280,805.5699999999999,514.48,291.09,13.889137931034481,0.35332017543859645,5.018793103448275,8.870344827586207,0.12767105263157894,0.22564912280701754
2022,TRIAMCINOLONE ACETONIDE,Generic,Hormones & Synthetic Subst,"Adrenals & Comb, NEC",464,14847,18932.09,13338.800000000001,5593.289999999999,40.80191810344827,1.2751458207045194,12.054504310344825,28.74741379310345,0.3767286320468781,0.8984171886576413
2022,TRIAMCINOLONE ACETONIDE,Generic,Skin & Mucous Membrane,Antiinflam S/MM Agnts&Comb NEC,53097,1283886,497753.11999999994,92177.05,405576.06999999995,9.374411360340508,0.3876926144533081,7.638398967926624,1.7360123924138842,0.3158972603486602,0.07179535410464792
2022,TRIAMTERENE,Generic,"Electrolytic, Caloric, Water","Diuretics, Potassium-Sparing",101,4900,54746.770000000004,49087.840000000004,5658.93,542.0472277227723,11.172810204081634,56.029009900990104,486.01821782178223,1.154883673469388,10.017926530612245
2022,TRIAMTERENE/HYDROCHLOROTHIAZIDE,Generic,"Electrolytic, Caloric, Water","Diuretics, Potassium-Sparing",10191,724872,142774.7,13958.340000000002,128816.36,14.009881267785302,0.19696539526978557,12.640208026690217,1.369673241095084,0.17770911278129103,0.019256282488494522
2022,TRIAZOLAM,Generic,Central Nervous System,"ASH, Benzodiazepines",1585,22511,45458.490000000005,27686.450000000004,17772.04,28.68043533123029,2.0193900759628627,11.212643533123028,17.467791798107257,0.7894824752343299,1.229907600728533
2022,TRICOR,Brand,Cardiovascular Agents,"Antihyperlipidemic Drugs, NEC",13,930,356.43,140.58,215.85,27.41769230769231,0.38325806451612904,16.603846153846153,10.813846153846155,0.23209677419354838,0.15116129032258066
2022,TRIENTINE HCL,Generic,Heavy Metal Antagonists,"Heavy Metal Antagonists, NEC",61,1822,191134.69999999998,182973.41,8161.29,3133.355737704918,104.90378704720086,133.7916393442623,2999.564098360656,4.47930296377607,100.42448408342482
2022,TRIFLUOPERAZINE HCL,Generic,Central Nervous System,"Psychother,Tranq/Antipsychotic",74,4025,6671.86,3782.2199999999993,2889.64,90.16027027027026,1.6576049689440993,39.049189189189185,51.111081081081075,0.7179229813664596,0.9396819875776395
2022,TRIFLURIDINE,Brand,"Eye, Ear, Nose Throat","Antiinfect, Antivirals EENT",18,363,3293.57,2316.57,977.0,182.97611111111112,9.073195592286503,54.27777777777778,128.69833333333335,2.6914600550964187,6.3817355371900835
2022,TRIFLURIDINE,Generic,"Eye, Ear, Nose Throat","Antiinfect, Antivirals EENT",25,671,3385.2,1962.77,1422.43,135.408,5.045007451564828,56.897200000000005,78.5108,2.119865871833085,2.9251415797317435
2022,TRIHEXYPHENIDYL HCL,Generic,Autonomic Drugs,Antichol/Antiparkinsonian Agnt,419,23537,5725.799999999999,518.2799999999999,5207.5199999999995,13.665393794749402,0.24326804605514718,12.428448687350834,1.2369451073985678,0.22124824744020052,0.022019798614946674
2022,TRIJARDY XR,Brand,Hormones & Synthetic Subst,"Antidiabetic Agents, Misc",60,2770,42133.420000000006,38226.57,3906.85,702.2236666666668,15.21062093862816,65.11416666666666,637.1095,1.4104151624548735,13.800205776173286
2022,TRIKAFTA,Brand,Respiratory Tract Agents,"Misc Therapeutic Agents, NEC",1263,36124,32712579.31,32400185.92,312393.39,25900.696207442597,905.5635951168198,247.342351543943,25653.353855898655,8.647807274941867,896.915787841878
2022,TRILEPTAL,Brand,Central Nervous System,"Anticonvulsants, Misc",270,10925,241030.47000000003,198828.03000000003,42202.439999999995,892.7054444444445,22.06228558352403,156.30533333333332,736.4001111111112,3.86292356979405,18.19936201372998
2022,TRIMETHOPRIM,Brand,Anti-Infective Agents,"Anti-Infectives, Misc",219,7397,6483.7300000000005,2396.7599999999998,4086.9700000000003,29.60607305936073,0.8765350817899149,18.661963470319638,10.944109589041094,0.5525172367175882,0.32401784507232656
2022,TRIMETHOPRIM,Generic,Anti-Infective Agents,"Anti-Infectives, Misc",46,1593,1055.01,162.72,892.29,22.935,0.6622787193973635,19.397608695652174,3.537391304347826,0.5601318267419962,0.10214689265536724
2022,TRIMO-SAN,Brand,Skin & Mucous Membrane,"S/MM Miscellaneous, NEC",15,441,196.61,0.0,196.60999999999999,13.107333333333335,0.445827664399093,13.107333333333333,0.0,0.44582766439909294,0.0
2022,TRINATE,Generic,Vitamins & Comb,"Multivit Prep,Vitamin Prenatal",34,2220,687.9399999999999,94.04,593.9,20.233529411764703,0.30988288288288285,17.46764705882353,2.7658823529411767,0.2675225225225225,0.042360360360360366
2022,TRINTELLIX,Brand,Central Nervous System,"Psychother, Antidepressants",6206,254546,2739008.25,2048723.1400000001,690285.11,441.34841282629714,10.760366495643224,111.22866741862714,330.11974540767,2.711828549653108,8.048537945990116
2022,TRIPHROCAPS,Generic,Vitamins & Comb,"Multivit Prep, Multivit Plain",14,1080,148.98,20.23,128.75,10.641428571428571,0.13794444444444443,9.196428571428571,1.445,0.11921296296296297,0.01873148148148148
2022,TRIPLE THERAPY,Generic,Anti-Infective Agents,"Antibiot, Penicillins",82,1530,50503.42,48076.73999999999,2426.6800000000003,615.8953658536585,33.00877124183006,29.59365853658537,586.301707317073,1.5860653594771243,31.422705882352936
2022,TRIPTODUR,Brand,Antineoplastic Agents,Hormone-Modifying Therapy,18,3024,329567.41000000003,307754.65,21812.76,18309.300555555557,108.98393187830689,1211.82,17097.480555555558,7.213214285714285,101.7707175925926
2022,TRIUMEQ,Brand,Anti-Infective Agents,"Antivirals, NEC",1060,48116,4093844.400000001,3991226.3200000003,102618.07999999999,3862.117358490567,85.0828082134841,96.80950943396225,3765.307849056604,2.1327225870812203,82.95008562640287
2022,TRIVORA-28,Generic,Hormones & Synthetic Subst,"Contraceptive, Oral Comb, NEC",617,43404,22968.730000000003,22968.730000000003,0.0,37.22646677471637,0.529184637360612,0.0,37.22646677471637,0.0,0.529184637360612
2022,TROKENDI XR,Brand,Central Nervous System,"Anticonvulsants, Misc",494,20713,498112.5,436208.44,61904.06,1008.3248987854251,24.048302998117123,125.31186234817814,883.013036437247,2.988657364939893,21.059645633177233
2022,TROPICAMIDE,Generic,"Eye, Ear, Nose Throat","Mydriatics EENT, NEC",12,415,86.88000000000001,6.859999999999999,80.02,7.240000000000001,0.20934939759036147,6.668333333333333,0.5716666666666667,0.19281927710843372,0.01653012048192771
2022,TROSPIUM CHLORIDE,Generic,Smooth Muscle Relaxants,"Muscle Rel,Smooth-Genitour NEC",2200,114952,309763.58,220824.08,88939.5,140.80162727272727,2.6947211009812793,40.42704545454546,100.37458181818181,0.7737098963045445,1.9210112046767345
2022,TRUEPLUS INSULIN SYRINGE,Brand,Devices & Non-Drug Items,"Devices & Non-Drug Items, NEC",59,3028,718.9100000000001,210.51,508.40000000000003,12.18491525423729,0.2374207397622193,8.616949152542373,3.567966101694915,0.1678996036988111,0.06952113606340819
2022,TRUEPLUS KETONE,Brand,Diagnostic Agents,"Diagnostic Agents, Misc, NEC",75,3390,362.27,99.15,263.12,4.830266666666667,0.10686430678466076,3.5082666666666666,1.322,0.0776165191740413,0.029247787610619472
2022,TRUEPLUS PEN NEEDLES,Brand,Diagnostic Agents,Diabetes Mell/Diab Supply NEC,43,2308,821.88,288.51,533.37,19.113488372093023,0.35610051993067593,12.403953488372093,6.70953488372093,0.23109618717504332,0.12500433275563258
2022,TRUEPLUS STERILE LANCETS,Brand,Diagnostic Agents,Diabetes Mell/Diab Supply NEC,777,41512,2315.84,547.83,1768.0100000000002,2.980489060489061,0.05578724224320679,2.2754311454311456,0.7050579150579152,0.042590335324725385,0.013196906918481403
2022,TRULANCE,Brand,Gastrointestinal Drugs,"Gastrointestinal Drug Misc,NEC",688,27847,346942.13999999996,282104.83,64837.31,504.2763662790697,12.458869537113511,94.24027616279069,410.03609011627907,2.3283409343914965,10.130528602722018
2022,TRULICITY,Brand,Hormones & Synthetic Subst,"Antidiabetic Agents, Misc",63381,2650480,59818172.65999999,54749788.91999999,5068383.74,943.7871390479795,22.568807408469404,79.96692605039365,863.8202129975858,1.9122512676949082,20.656556140774498
2022,TRUMENBA,Brand,"Serums, Toxoids, Vaccines","Vaccines, NEC",64,109,6682.32,6682.32,0.0,104.41125,61.30568807339449,0.0,104.41125,0.0,61.30568807339449
2022,TRUSTEEL INFUSION SET,Brand,Devices & Non-Drug Items,"Devices & Non-Drug Items, NEC",14,1260,3410.95,1429.6,1981.35,243.6392857142857,2.7071031746031746,141.525,102.11428571428571,1.5725,1.1346031746031746
2022,TRUVADA,Brand,Anti-Infective Agents,"Antivirals, NEC",105,4297,137775.33,123709.76999999999,14065.560000000001,1312.146,32.06314405399115,133.9577142857143,1178.1882857142857,3.2733441936234584,28.789799860367697
2022,TUDORZA PRESSAIR,Brand,Autonomic Drugs,"Anticholinergic, NEC",15,540,5194.43,1272.13,3922.3,346.29533333333336,9.619314814814816,261.4866666666667,84.80866666666667,7.263518518518519,2.3557962962962966
2022,TUKYSA,Brand,Antineoplastic Agents,Molecular Targeted Therapy,41,1215,872322.5,872322.5,0.0,21276.158536585364,717.9609053497942,0.0,21276.158536585364,0.0,717.9609053497942
2022,TURALIO,Brand,Antineoplastic Agents,Molecular Targeted Therapy,14,420,137198.0,137023.0,175.0,9799.857142857143,326.66190476190474,12.5,9787.357142857143,0.4166666666666667,326.2452380952381
2022,TUSSIN,Generic,Respiratory Tract Agents,"Expectorants/Cold Comb, NEC",26,260,71.58,41.15,30.429999999999996,2.753076923076923,0.2753076923076923,1.1703846153846151,1.5826923076923076,0.11703846153846152,0.15826923076923077
2022,TUSSIN DM,Generic,Respiratory Tract Agents,"Cough/Cough/Cold Comb, NEC",15,139,56.57,43.17,13.4,3.771333333333333,0.40697841726618705,0.8933333333333333,2.878,0.09640287769784173,0.3105755395683453
2022,TUTTI FRUTTI FLAVOR,Brand,Pharmaceutical Aids/Adjuvants,"Pharmaceutical Aids/Adjuv, NEC",12,360,947.4000000000001,630.82,316.58,78.95,2.631666666666667,26.381666666666664,52.568333333333335,0.8793888888888889,1.7522777777777778
2022,TWINRIX,Brand,"Serums, Toxoids, Vaccines","Vaccines, NEC",246,594,23204.33,23204.33,0.0,94.32654471544716,39.06452861952862,0.0,94.32654471544716,0.0,39.06452861952862
2022,TWIRLA,Brand,Hormones & Synthetic Subst,"Estrogens & Comb, NEC",228,10468,53522.73,53383.86999999999,138.86,234.7488157894737,5.1129852884982805,0.6090350877192983,234.13978070175435,0.013265189147879252,5.0997200993504
2022,TWYNEO,Brand,Skin & Mucous Membrane,"Antiinf S/MM, Antiinf Loc Misc",20,600,7046.0199999999995,5990.679999999999,1055.34,352.301,11.743366666666667,52.766999999999996,299.534,1.7589,9.984466666666666
2022,TYDEMY,Generic,Hormones & Synthetic Subst,"Contraceptive, Oral Comb, NEC",32,1939,8365.14,8365.14,0.0,261.410625,4.314151624548736,0.0,261.410625,0.0,4.314151624548736
2022,TYMLOS,Brand,Misc Therapeutic Agents,"Misc Therapeutic Agents, NEC",770,23088,1660599.89,1546287.5500000003,114312.34000000001,2156.6232337662336,71.92480466042966,148.45758441558442,2008.1656493506498,4.951158177408178,66.9736464830215
2022,TYPHIM VI,Brand,"Serums, Toxoids, Vaccines","Vaccines, NEC",94,197,6181.7300000000005,6065.780000000001,115.95,65.76308510638299,31.379340101522846,1.2335106382978724,64.52957446808512,0.5885786802030457,30.7907614213198
2022,TYROS 2,Brand,"Electrolytic, Caloric, Water","Caloric Agents, Nutrition Prep",11,390,15399.33,14719.21,680.12,1399.939090909091,39.485461538461536,61.82909090909091,1338.11,1.743897435897436,37.7415641025641
2022,TYRVAYA,Brand,Autonomic Drugs,"Autonomic, Nicotine Preps",204,6300,69493.22,41420.36,28072.859999999997,340.6530392156863,11.030669841269841,137.6120588235294,203.04098039215685,4.456009523809524,6.574660317460317
2022,TYSABRI,Brand,Misc Therapeutic Agents,Biological Response Modifiers,34,958,270418.51,267748.51,2670.0,7953.485588235294,282.27401878914407,78.52941176470588,7874.956176470589,2.7870563674321502,279.4869624217119
2022,TYVASO,Brand,Cardiovascular Agents,"Vasodilating Agents, NEC",68,1904,1389538.26,1386083.26,3455.0,20434.386176470587,729.799506302521,50.80882352941177,20383.577352941178,1.8146008403361344,727.9849054621849
2022,UBIQUINOL,Brand,Pharmaceutical Aids/Adjuvants,"Pharmaceutical Aids/Adjuv, NEC",29,870,25228.379999999997,22688.379999999997,2540.0,869.9441379310344,28.99813793103448,87.58620689655173,782.3579310344827,2.9195402298850577,26.078597701149423
2022,UBRELVY,Brand,Central Nervous System,"CNS Agents, Misc.",3211,78206,1934910.7900000003,1628358.98,306551.80999999994,602.5882248520711,24.741206429174234,95.46926502647149,507.1189598255995,3.919799120272101,20.82140730890213
2022,UCERIS,Brand,Hormones & Synthetic Subst,"Adrenals & Comb, NEC",156,4130,90294.19,77136.56,13157.63,578.8089102564103,21.863,84.34378205128205,494.46512820512817,3.1858668280871667,18.677133171912832
2022,UDENYCA,Brand,Blood Form/Coagul Agents,"Hematopoietic Agents, NEC",267,5708,1511534.4799999997,1489164.1199999999,22370.36,5661.177827715355,264.80982480728795,83.78411985018727,5577.393707865168,3.9191240364400843,260.8907007708479
2022,ULORIC,Brand,Misc Therapeutic Agents,"Antigout Agents, NEC",26,1697,12658.319999999998,6871.76,5786.5599999999995,486.8584615384615,7.45923394225103,222.55999999999997,264.29846153846154,3.4098762522097816,4.04935769004125
2022,ULTICARE,Brand,Devices & Non-Drug Items,"Devices & Non-Drug Items, NEC",213,10290,4288.76,2185.0099999999998,2103.75,20.135023474178404,0.41678911564625853,9.876760563380282,10.258262910798122,0.20444606413994168,0.2123430515063168
2022,ULTICARE ALCOHOL SWABS,Brand,Skin & Mucous Membrane,S/MM Soaps/Cleanser/Antiseptic,25,1200,127.55,0.0,127.55,5.102,0.10629166666666666,5.102,0.0,0.10629166666666666,0.0
2022,ULTICARE PEN NEEDLES,Brand,Diagnostic Agents,Diabetes Mell/Diab Supply NEC,259,15860,13219.82,8561.119999999999,4658.7,51.04177606177606,0.833532156368222,17.987258687258688,33.05451737451737,0.2937389659520807,0.5397931904161412
2022,ULTICARE TUBERCULIN SAFETY SYRINGE,Brand,Devices & Non-Drug Items,"Devices & Non-Drug Items, NEC",49,2552,216.39999999999998,8.04,208.36,4.416326530612245,0.0847962382445141,4.252244897959184,0.1640816326530612,0.08164576802507838,0.0031504702194357363
2022,ULTRA COMFORT INSULIN SYRINGES,Brand,Devices & Non-Drug Items,"Devices & Non-Drug Items, NEC",13,362,0.86,0.0,0.86,0.06615384615384615,0.0023756906077348067,0.06615384615384615,0.0,0.0023756906077348067,0.0
2022,UNIFINE PENTIPS,Brand,Devices & Non-Drug Items,"Devices & Non-Drug Items, NEC",248,13890,6569.710000000001,3337.83,3231.8799999999997,26.490766129032263,0.47298128149748025,13.031774193548385,13.458991935483871,0.23267674586033116,0.240304535637149
2022,UNIFINE PENTIPS,Brand,Diagnostic Agents,Diabetes Mell/Diab Supply NEC,162,10150,4139.040000000001,1511.7299999999998,2627.3100000000004,25.549629629629635,0.40778719211822667,16.217962962962964,9.331666666666665,0.258848275862069,0.14893891625615763
2022,UNIFINE PENTIPS PEN NEEDLES,Brand,Diagnostic Agents,Diabetes Mell/Diab Supply NEC,314,17917,7986.010000000001,3182.87,4803.14,25.433152866242043,0.44572249818608034,15.296624203821658,10.136528662420382,0.26807724507451025,0.17764525311157
2022,UNIFINE PENTIPS PLUS,Brand,Diagnostic Agents,Diabetes Mell/Diab Supply NEC,201,12434,3949.67,703.89,3245.78,19.650099502487564,0.3176507962039569,16.1481592039801,3.5019402985074626,0.26104069486890785,0.05661010133504906
2022,UNILET GP ULTRALITE,Brand,Diagnostic Agents,Diabetes Mell/Diab Supply NEC,53,2879,146.97,76.97999999999999,69.99,2.7730188679245282,0.05104897533865926,1.320566037735849,1.452452830188679,0.02431052448766933,0.026738450850989925
2022,UNILET LANCETS,Brand,Diagnostic Agents,Diabetes Mell/Diab Supply NEC,32,1368,11.36,7.01,4.35,0.355,0.008304093567251461,0.1359375,0.2190625,0.0031798245614035087,0.005124269005847953
2022,UNITHROID,Generic,Hormones & Synthetic Subst,"Thy/Antithy, Thyroid/Hormones",703,51302,20645.170000000002,5791.5,14853.669999999998,29.36724039829303,0.4024242719582083,21.128975817923184,8.238264580369844,0.2895339362987797,0.11289033565942848
2022,Unknown,Brand,Unknown,Unknown,192158,3860243,15814760.68,15698108.669999998,116652.01,82.30081849311505,4.096830349799222,0.6070629898312846,81.69375550328374,0.03021882560242969,4.066611524196793
2022,Unknown,Generic,Unknown,Unknown,47279,2468108,2968927.5600000005,2697506.7600000002,271420.8,62.79590431269698,1.2029163877755757,5.740832081896825,57.05507223080015,0.10997120061196673,1.0929451871636089
2022,Unknown,Other,Unknown,Unknown,209,9840,4625.03,3557.99,1067.04,22.12933014354067,0.47002337398373983,5.1054545454545455,17.023875598086125,0.1084390243902439,0.3615843495934959
2022,UPTRAVI,Brand,Cardiovascular Agents,"Vasodilating Agents, NEC",90,2756,1813765.8600000003,1803685.25,10080.61,20152.954000000005,658.1153338171264,112.00677777777778,20040.94722222222,3.6576959361393326,654.4576378809869
2022,UREA,Generic,Skin & Mucous Membrane,Emoll/Moist/Demul/Protect S/MM,564,17159,56756.7,41732.14,15024.559999999998,100.63244680851064,3.307692755988111,26.639290780141838,73.99315602836879,0.8756081356722418,2.432084620315869
2022,URELLE,Generic,Anti-Infective Agents,"Urinary Anti-Infectives, NEC",21,480,4825.58,4166.13,659.45,229.7895238095238,10.053291666666667,31.402380952380955,198.38714285714286,1.3738541666666668,8.6794375
2022,URIBEL,Generic,Anti-Infective Agents,"Urinary Anti-Infectives, NEC",12,306,1061.54,306.96000000000004,754.5799999999999,88.46166666666666,3.4690849673202613,62.88166666666666,25.580000000000002,2.4659477124183002,1.0031372549019608
2022,URO-MP,Generic,Anti-Infective Agents,"Urinary Anti-Infectives, NEC",26,647,3530.07,2918.8799999999997,611.1899999999999,135.7719230769231,5.456058732612056,23.50730769230769,112.26461538461537,0.9446522411128283,4.511406491499226
2022,UROXATRAL,Brand,Misc Therapeutic Agents,"Misc Therapeutic Agents, NEC",15,630,11428.609999999999,8859.179999999998,2569.4300000000003,761.9073333333332,18.140650793650792,171.29533333333336,590.6119999999999,4.078460317460318,14.062190476190473
2022,URSODIOL,Brand,Gastrointestinal Drugs,"Cholelitholytic Agents, NEC",45,1350,2981.64,1219.3400000000001,1762.3,66.25866666666667,2.208622222222222,39.16222222222222,27.096444444444447,1.3054074074074073,0.9032148148148149
2022,URSODIOL,Brand,Pharmaceutical Aids/Adjuvants,"Pharmaceutical Aids/Adjuv, NEC",12,360,7276.879999999999,5686.879999999999,1590.0,606.4066666666666,20.213555555555555,132.5,473.9066666666666,4.416666666666667,15.796888888888887
2022,URSODIOL,Generic,Gastrointestinal Drugs,"Cholelitholytic Agents, NEC",3583,204354,967922.7599999999,789609.68,178313.07999999996,270.1431091264303,4.736500190845297,49.7664192017862,220.37668992464415,0.8725695606643372,3.8639306301809606
2022,V-GO 20,Brand,Devices & Non-Drug Items,"Devices & Non-Drug Items, NEC",32,1350,13877.07,12147.07,1730.0,433.6584375,10.279311111111111,54.0625,379.5959375,1.2814814814814814,8.99782962962963
2022,V-GO 30,Brand,Devices & Non-Drug Items,"Devices & Non-Drug Items, NEC",17,988,9781.189999999999,7441.19,2340.0,575.3641176470587,9.89998987854251,137.64705882352942,437.7170588235294,2.3684210526315788,7.531568825910931
2022,V-GO 40,Brand,Devices & Non-Drug Items,"Devices & Non-Drug Items, NEC",34,1230,14897.84,10627.16,4270.68,438.17176470588237,12.112065040650407,125.60823529411766,312.5635294117647,3.47209756097561,8.639967479674796
2022,VAGIFEM,Brand,Hormones & Synthetic Subst,"Estrogens & Comb, NEC",144,9727,31855.55,11600.43,20255.12,221.21909722222222,3.27496144751722,140.66055555555556,80.55854166666667,2.0823604400123368,1.1926010075048834
2022,VALACYCLOVIR HCL,Brand,Anti-Infective Agents,"Antivirals, NEC",27,381,640.64,192.54,448.1,23.72740740740741,1.6814698162729658,16.5962962962963,7.131111111111111,1.1761154855643046,0.5053543307086614
2022,VALACYCLOVIR HCL,Generic,Anti-Infective Agents,"Antivirals, NEC",81670,2178863,2076082.0799999998,614317.7600000001,1461764.32,25.4203756581364,0.9528281860768666,17.898424390841193,7.521951267295214,0.6708839977547923,0.28194418832207446
2022,VALCHLOR,Brand,Antineoplastic Agents,Chemotherapy,15,510,87506.31999999999,85076.31999999999,2430.0,5833.754666666666,171.58101960784313,162.0,5671.754666666666,4.764705882352941,166.81631372549018
2022,VALCYTE,Brand,Anti-Infective Agents,"Antivirals, NEC",12,413,21942.66,17542.66,4400.0,1828.555,53.129927360774815,366.6666666666667,1461.8883333333333,10.653753026634382,42.47617433414044
2022,VALGANCICLOVIR HYDROCHLORIDE,Generic,Anti-Infective Agents,"Antivirals, NEC",399,14671,286313.83,271507.96,14805.87,717.5785213032582,19.515631517960603,37.10744360902256,680.4710776942356,1.0091929657146752,18.50643855224593
2022,VALIUM,Brand,Central Nervous System,"ASH, Benzodiazepines",40,1132,19737.41,15178.489999999998,4558.92,493.43525,17.435874558303887,113.973,379.4622499999999,4.027314487632509,13.408560070671376
2022,VALPROIC ACID,Generic,Central Nervous System,"Anticonvulsants, Misc",683,28286,31855.160000000003,16663.729999999996,15191.43,46.64005856515374,1.1261811496853569,22.24221083455344,24.397847730600287,0.5370653326734074,0.5891158170119493
2022,VALSARTAN,Generic,Cardiovascular Agents,"Cardiac Drugs, NEC",22189,1490904,768689.1000000001,222613.58,546075.5200000001,34.642800486727666,0.5155859129762883,24.61019063499933,10.032609851728333,0.3662714165365444,0.14931449643974393
2022,VALSARTAN/HYDROCHLOROTHIAZIDE,Generic,Cardiovascular Agents,"Cardiac Drugs, NEC",5387,378445,315893.89,133520.18,182373.71,58.64003898273622,0.8347154540289871,33.854410618154816,24.7856283645814,0.4819028128261702,0.35281264120281675
2022,VALTOCO,Brand,Central Nervous System,"ASH, Benzodiazepines",474,4539,251945.82,207126.38,44819.44,531.5312658227848,55.50690019828156,94.5557805907173,436.9754852320675,9.8742983035911,45.63260189469046
2022,VALTREX,Brand,Anti-Infective Agents,"Antivirals, NEC",167,4874,66618.84,44388.840000000004,22230.0,398.9152095808383,13.668206811653672,133.11377245508982,265.8014371257485,4.560935576528519,9.107271235125154
2022,VANCOMYCIN HCL,Brand,Anti-Infective Agents,"Antibiotics, Misc",22,288,12792.12,12080.99,711.13,581.46,44.41708333333334,32.324090909090906,549.1359090909091,2.469201388888889,41.94788194444445
2022,VANCOMYCIN HCL,Generic,Anti-Infective Agents,"Antibiotics, Misc",1180,21465,305355.29999999993,258162.29,47193.009999999995,258.7756779661016,14.225730258560445,39.99407627118644,218.78160169491525,2.198602841835546,12.027127416724902
2022,VANDAZOLE,Brand,Skin & Mucous Membrane,"Antiinf S/MM, Antiinf Loc Misc",30,476,2263.97,1313.18,950.79,75.46566666666666,4.756239495798319,31.692999999999998,43.772666666666666,1.9974579831932773,2.7587815126050423
2022,VANDAZOLE,Generic,Skin & Mucous Membrane,"Antiinf S/MM, Antiinf Loc Misc",25,624,1377.06,898.7100000000002,478.34999999999997,55.0824,2.206826923076923,19.134,35.94840000000001,0.7665865384615385,1.4402403846153848
2022,VAQTA,Brand,"Serums, Toxoids, Vaccines","Vaccines, NEC",12,30,829.25,829.25,0.0,69.10416666666667,27.641666666666666,0.0,69.10416666666667,0.0,27.641666666666666
2022,VARDENAFIL HCL,Generic,Cardiovascular Agents,Phosphodiesterase Inhibitors,38,990,3726.3800000000006,1567.07,2159.31,98.06263157894739,3.7640202020202027,56.82394736842105,41.238684210526316,2.1811212121212122,1.5828989898989898
2022,VARDENAFIL HYDROCHLORIDE,Generic,Cardiovascular Agents,Phosphodiesterase Inhibitors,938,27546,80880.09000000001,37452.67,43427.42,86.22610874200427,2.9361827488564587,46.29788912579957,39.928219616204686,1.576541784651129,1.359640964205329
2022,VARENICLINE,Brand,Autonomic Drugs,"Autonomic, Nicotine Preps",1971,68515,821156.79,821156.79,0.0,416.61937595129376,11.985065897978545,0.0,416.61937595129376,0.0,11.985065897978545
2022,VARENICLINE,Generic,Autonomic Drugs,"Autonomic, Nicotine Preps",2306,79276,840289.12,840289.12,0.0,364.39250650477015,10.599539835511377,0.0,364.39250650477015,0.0,10.599539835511377
2022,VARENICLINE STARTING PACK,Brand,Autonomic Drugs,"Autonomic, Nicotine Preps",385,11312,135926.01,135911.01,15.0,353.0545714285715,12.016089992927865,0.03896103896103896,353.0156103896104,0.001326025459688826,12.014763967468177
2022,VARENICLINE STARTING PACK,Generic,Autonomic Drugs,"Autonomic, Nicotine Preps",503,14395,157273.56999999998,156808.57,465.0,312.6711133200795,10.925569294894059,0.9244532803180915,311.7466600397614,0.032302882945467175,10.893266411948593
2022,VARISOFT INFUSION SET,Brand,Devices & Non-Drug Items,"Devices & Non-Drug Items, NEC",21,1850,6388.47,4142.4,2246.07,304.21285714285716,3.4532270270270273,106.9557142857143,197.25714285714284,1.214091891891892,2.2391351351351347
2022,VARIVAX,Brand,"Serums, Toxoids, Vaccines","Vaccines, NEC",931,1386,95299.89000000001,95299.89000000001,0.0,102.36293233082708,68.7589393939394,0.0,102.36293233082708,0.0,68.7589393939394
2022,VASCEPA,Brand,Cardiovascular Agents,"Antihyperlipidemic Drugs, NEC",634,29146,271556.19000000006,220157.87000000002,51398.32,428.32206624605686,9.317099773553835,81.06990536277603,347.2521608832808,1.7634776641734715,7.5536221093803615
2022,VELETRI,Brand,Cardiovascular Agents,"Vasodilating Agents, NEC",34,994,128383.63,124624.87,3758.76,3775.989117647059,129.1585814889336,110.55176470588236,3665.4373529411764,3.781448692152918,125.37713279678069
2022,VELIVET,Brand,Hormones & Synthetic Subst,"Contraceptive, Oral Comb, NEC",92,7488,7260.2699999999995,7232.679999999999,27.59,78.91597826086957,0.9695873397435897,0.29989130434782607,78.61608695652173,0.003684561965811966,0.9659027777777777
2022,VELIVET,Generic,Hormones & Synthetic Subst,"Contraceptive, Oral Comb, NEC",542,37709,30984.269999999997,30984.269999999997,0.0,57.16654981549815,0.8216677716195072,0.0,57.16654981549815,0.0,0.8216677716195072
2022,VELPHORO,Brand,"Electrolytic, Caloric, Water","Phosphorus Removing Agents,NEC",99,4346,270146.05,254520.22000000003,15625.83,2728.7479797979795,62.159698573400824,157.83666666666667,2570.9113131313134,3.5954509894155544,58.56424758398528
2022,VELTASSA,Brand,"Electrolytic, Caloric, Water","Potassium Removing Resins, NEC",160,6064,182663.59,161217.65000000002,21445.94,1141.6474375,30.122623680738787,134.037125,1007.6103125000002,3.5365996042216357,26.586024076517155
2022,VEMLIDY,Brand,Anti-Infective Agents,"Antivirals, NEC",2991,132060,4618088.26,4296818.4,321269.86,1543.9947375459712,34.96962183855823,107.41218990304246,1436.5825476429288,2.4327567772224747,32.53686506133576
2022,VENCLEXTA,Brand,Antineoplastic Agents,Molecular Targeted Therapy,316,9024,4044662.9400000004,4032232.8800000004,12430.060000000001,12799.566265822787,448.21176196808517,39.33563291139241,12760.230632911394,1.3774445921985816,446.83431737588654
2022,VENCLEXTA STARTER PACK,Brand,Antineoplastic Agents,Molecular Targeted Therapy,16,448,47265.68,47265.68,0.0,2954.105,105.50375,0.0,2954.105,0.0,105.50375
2022,VENLAFAXINE HCL,Generic,Central Nervous System,"Psychother, Antidepressants",78066,4262120,1802862.6800000002,573173.15,1229689.5300000003,23.094082955447956,0.4229966964796862,15.751921835370075,7.342161120077883,0.2885159333852637,0.1344807630944225
2022,VENTOLIN HFA,Brand,Autonomic Drugs,"Sympathomimetic Agents, NEC",6818,172601,363243.48,202874.62999999998,160368.84999999995,53.27713112349662,2.10452708848732,23.521391903784092,29.75573921971252,0.9291304801246804,1.1753966083626397
2022,VENTOLIN HFA,Generic,Autonomic Drugs,"Sympathomimetic Agents, NEC",14,411,1045.92,303.34,742.58,74.70857142857143,2.544817518248175,53.041428571428575,21.667142857142856,1.80676399026764,0.7380535279805353
2022,VERAPAMIL HCL,Brand,Cardiovascular Agents,"Cardiac, Calcium Channel",301,18305,104298.17,91461.06999999999,12837.1,346.50554817275747,5.697796776836929,42.64817275747509,303.8573754152824,0.7012892652280798,4.99650751160885
2022,VERAPAMIL HCL,Generic,Cardiovascular Agents,"Cardiac, Calcium Channel",8254,535113,492015.31999999995,273642.23,218373.09,59.609319118003384,0.919460599910673,26.456637993700024,33.15268112430336,0.4080878057531774,0.5113727941574957
2022,VERZENIO,Brand,Antineoplastic Agents,Molecular Targeted Therapy,691,19299,9419441.120000001,9391451.770000001,27989.35,13631.607988422578,488.0792331208871,40.50557163531114,13591.102416787267,1.4503005337064097,486.62893258718077
2022,VESICARE,Brand,Smooth Muscle Relaxants,"Muscle Rel,Smooth-Genitour NEC",25,1440,9361.0,5395.990000000001,3965.01,374.44,6.500694444444444,158.6004,215.83960000000002,2.7534791666666667,3.7472152777777783
2022,VESTURA,Generic,Hormones & Synthetic Subst,"Contraceptive, Oral Comb, NEC",340,25177,21285.969999999998,21285.969999999998,0.0,62.60579411764705,0.8454529928108987,0.0,62.60579411764705,0.0,0.8454529928108987
2022,VIAGRA,Brand,Cardiovascular Agents,Phosphodiesterase Inhibitors,35,481,4542.74,2413.9700000000003,2128.77,129.79257142857142,9.444365904365904,60.822,68.97057142857143,4.425717255717256,5.018648648648649
2022,VIBERZI,Brand,Gastrointestinal Drugs,"Gastrointestinal Drug Misc,NEC",298,11126,389781.65,358232.91000000003,31548.739999999998,1307.9921140939598,35.033403738989755,105.86825503355703,1202.1238590604028,2.835586913535862,32.19781682545389
2022,VIBRAMYCIN CALCIUM,Brand,Anti-Infective Agents,"Antibiot, Tetracyclines",102,504,4914.16,2611.13,2303.0299999999997,48.178039215686276,9.75031746031746,22.578725490196074,25.599313725490198,4.569503968253968,5.180813492063492
2022,VICTOZA,Brand,Hormones & Synthetic Subst,"Antidiabetic Agents, Misc",2587,122597,3412921.6799999997,3233445.6199999996,179476.05999999997,1319.2584770003864,27.838541563007247,69.37613451874758,1249.8823424816387,1.4639514833152523,26.374590079691995
2022,VIENVA,Generic,Hormones & Synthetic Subst,"Contraceptive, Oral Comb, NEC",15267,1077787,462046.04,461961.04,85.0,30.26436366018209,0.4286988430923735,0.00556756402698631,30.258796096155105,7.88653045546105e-05,0.4286199777878189
2022,VIGABATRIN,Generic,Central Nervous System,"Anticonvulsants, Misc",83,2466,683945.89,681198.5,2747.39,8240.311927710844,277.3503203568532,33.1010843373494,8207.210843373494,1.1141078669910787,276.2362124898621
2022,VIGADRONE,Generic,Central Nervous System,"Anticonvulsants, Misc",17,510,95862.01000000001,95187.01000000001,675.0,5638.941764705883,187.9647254901961,39.705882352941174,5599.235882352942,1.3235294117647058,186.6411960784314
2022,VIIBRYD,Brand,Central Nervous System,"Psychother, Antidepressants",1954,78772,582339.42,395791.92,186547.50000000003,298.02426816786084,7.392721017620475,95.46954964176051,202.5547185261003,2.3681955517188853,5.024525465901589
2022,VIIBRYD STARTER PACK,Brand,Central Nervous System,"Psychother, Antidepressants",25,794,6052.46,4074.4900000000002,1977.97,242.0984,7.622745591939546,79.11880000000001,162.9796,2.4911460957178844,5.1315994962216624
2022,VILAZODONE HYDROCHLORIDE,Brand,Central Nervous System,"Psychother, Antidepressants",29,1074,8000.03,6508.070000000001,1491.96,275.86310344827587,7.448817504655493,51.44689655172414,224.41620689655176,1.3891620111731844,6.0596554934823095
2022,VILAZODONE HYDROCHLORIDE,Generic,Central Nervous System,"Psychother, Antidepressants",1929,79451,263842.29000000004,183595.81000000003,80246.48000000001,136.77671850699846,3.3208177367182294,41.60004147226543,95.17667703473303,1.0100122087827719,2.3108055279354573
2022,VIMPAT,Brand,Central Nervous System,"Anticonvulsants, Misc",1088,41824,1170146.6700000002,1040799.27,129347.4,1075.5024540441177,27.977875621652643,118.88547794117646,956.6169761029412,3.0926597169089516,24.88521590474369
2022,VIOKACE,Brand,Gastrointestinal Drugs,"Digestants & Comb, NEC",29,956,27814.89,24350.96,3463.9300000000003,959.1341379310345,29.09507322175732,119.44586206896552,839.688275862069,3.6233577405857744,25.471715481171547
2022,VIORELE,Generic,Hormones & Synthetic Subst,"Contraceptive, Oral Comb, NEC",1502,104040,55740.91,55740.91,0.0,37.111125166444744,0.5357642252979623,0.0,37.111125166444744,0.0,0.5357642252979623
2022,VIREAD,Brand,Anti-Infective Agents,"Antivirals, NEC",40,1710,51410.75,48140.16,3270.59,1285.26875,30.064766081871344,81.76475,1203.5040000000001,1.9126257309941521,28.152140350877197
2022,VIRT-PHOS 250 NEUTRAL,Generic,Gastrointestinal Drugs,"Cath&Lax, Laxatives, Saline",17,609,663.4499999999999,181.43,482.02,39.02647058823529,1.0894088669950739,28.35411764705882,10.67235294117647,0.7914942528735632,0.29791461412151066
2022,VIRTUSSIN A/C,Generic,Respiratory Tract Agents,"Cough/Cough/Cold Comb, NEC",30,310,228.84,4.42,224.42000000000002,7.628,0.7381935483870968,7.480666666666667,0.14733333333333334,0.7239354838709678,0.014258064516129033
2022,VITAFOL GUMMIES,Brand,Vitamins & Comb,"Multivit Prep,Vitamin Prenatal",17,630,1994.54,1719.54,275.0,117.32588235294118,3.165936507936508,16.176470588235293,101.14941176470587,0.4365079365079365,2.7294285714285715
2022,VITAL AF 1.2 CAL,Brand,"Electrolytic, Caloric, Water",Caloric/Nutrition/Dietary Misc,13,360,3203.72,3203.72,0.0,246.44,8.899222222222221,0.0,246.44,0.0,8.899222222222221
2022,VITAMEDMD ONE RX,Brand,Vitamins & Comb,"Multivit Prep,Vitamin Prenatal",37,1890,5089.96,4252.449999999999,837.51,137.5664864864865,2.693100529100529,22.635405405405404,114.93108108108105,0.44312698412698415,2.2499735449735443
2022,"VITAMIN A, D, C AND SODIUM FLUORIDE",Generic,Vitamins & Comb,"Multivit Prep,Multivit Fluorid",39,1610,557.74,399.59,158.15,14.30102564102564,0.3464223602484472,4.055128205128205,10.245897435897435,0.09822981366459628,0.24819254658385093
2022,VITAMIN B1,Generic,Vitamins & Comb,"Vitamins Bs & B Complex, NEC",40,1679,115.8,0.0,115.8,2.895,0.06896962477665276,2.895,0.0,0.06896962477665276,0.0
2022,VITAMIN B6,Generic,Vitamins & Comb,"Vitamins Bs & B Complex, NEC",146,6800,307.86,19.04,288.82,2.1086301369863016,0.045273529411764706,1.9782191780821918,0.1304109589041096,0.0424735294117647,0.0028
2022,VITAMIN B12,Generic,Vitamins & Comb,"Vitamins Bs & B Complex, NEC",49,3990,198.91000000000003,1.55,197.36,4.059387755102041,0.04985213032581454,4.027755102040817,0.03163265306122449,0.049463659147869675,0.0003884711779448622
2022,VITAMIN D,Generic,Vitamins & Comb,"Vitamin D, NEC",31454,1970284,86156.13999999998,3979.6299999999997,82176.50999999998,2.7391155337953834,0.04372777731535148,2.6125933108666617,0.12652222292872128,0.04170795174705778,0.002019825568293708
2022,VITAMIN D INFANT LIQUID,Generic,Vitamins & Comb,"Vitamin D, NEC",16,720,87.5,12.32,75.17999999999999,5.46875,0.12152777777777778,4.6987499999999995,0.77,0.10441666666666666,0.01711111111111111
2022,VITAMIN D2,Generic,Vitamins & Comb,"Vitamin D, NEC",2800,157984,8378.36,519.74,7858.62,2.9922714285714287,0.053032965363581125,2.80665,0.18562142857142858,0.04974313854567551,0.003289826817905611
2022,VITAMIN D3,Generic,Vitamins & Comb,"Vitamin D, NEC",2237,158866,5953.7300000000005,889.82,5063.91,2.661479660259276,0.03747642667405235,2.2637058560572196,0.3977738042020563,0.0318753540719852,0.005601072602067151
2022,VITAPEARL,Brand,Vitamins & Comb,"Multivit Prep,Vitamin Prenatal",381,14160,33272.490000000005,25968.790000000005,7303.700000000001,87.32937007874017,2.349752118644068,19.169816272965882,68.1595538057743,0.5157980225988701,1.833954096045198
2022,VITRAKVI,Brand,Antineoplastic Agents,Molecular Targeted Therapy,21,555,563308.61,563308.61,0.0,26824.219523809523,1014.9704684684684,0.0,26824.219523809523,0.0,1014.9704684684684
2022,VIVELLE-DOT (TWICE-WEEKLY),Brand,Hormones & Synthetic Subst,"Estrogens & Comb, NEC",232,11431,33945.61,14310.17,19635.440000000002,146.31728448275862,2.9696098329105065,84.63551724137932,61.68176724137931,1.7177359811040156,1.2518738518064911
2022,VIVITROL,Brand,Central Nervous System,"Opiate Antagonists, NEC",2768,77168,3913270.6999999997,3663379.59,249891.11,1413.7538656069364,50.71105510055981,90.27858020231213,1323.4752854046242,3.2382737663280112,47.472781334231804
2022,VIVOTIF,Brand,"Serums, Toxoids, Vaccines","Vaccines, NEC",381,3257,28090.23,22677.76,5412.469999999999,73.72763779527558,8.624571691740865,14.205958005249341,59.52167979002624,1.6617961314092722,6.962775560331593
2022,VOLNEA,Generic,Hormones & Synthetic Subst,"Contraceptive, Oral Comb, NEC",725,45753,19328.05,19328.05,0.0,26.659379310344825,0.42244333704893666,0.0,26.659379310344825,0.0,0.42244333704893666
2022,VORICONAZOLE,Generic,Anti-Infective Agents,"Antibiot, Antifungals",116,2987,46784.95,42586.26,4198.69,403.3185344827586,15.662855708068294,36.19560344827586,367.1229310344828,1.4056545028456644,14.257201205222632
2022,VORTEX VALVED HOLDING CHAMBER,Brand,Devices & Non-Drug Items,"Devices & Non-Drug Items, NEC",48,912,596.4500000000002,199.85,396.6,12.42604166666667,0.6540021929824563,8.262500000000001,4.163541666666666,0.4348684210526316,0.21913377192982456
2022,VOTRIENT,Brand,Antineoplastic Agents,Molecular Targeted Therapy,69,1958,660620.68,660620.68,0.0,9574.21275362319,337.3956486210419,0.0,9574.21275362319,0.0,337.3956486210419
2022,VRAYLAR,Brand,Central Nervous System,"Psychother,Tranq/Antipsychotic",4409,162966,5161736.33,4530156.85,631579.48,1170.727223860286,31.673700833302654,143.24778407802222,1027.4794397822634,3.875529128775327,27.798171704527324
2022,VTAMA,Brand,Skin & Mucous Membrane,"S/MM Miscellaneous, NEC",88,2699,71530.40000000001,60787.33,10743.07,812.8454545454547,26.502556502408304,122.0803409090909,690.7651136363637,3.980389032975176,22.522167469433125
2022,VTOL LQ,Brand,Central Nervous System,"Analgesics/Antipyretics, NEC",18,455,25875.65,22373.77,3501.88,1437.5361111111113,56.869560439560445,194.54888888888888,1242.9872222222223,7.69643956043956,49.17312087912088
2022,VUITY,Brand,"Eye, Ear, Nose Throat","Miotics EENT, NEC",300,8774,10366.42,583.65,9782.769999999999,34.55473333333333,1.1814930476407568,32.60923333333333,1.9455,1.1149726464554364,0.06652040118532027
2022,VUMERITY,Brand,Misc Therapeutic Agents,Biological Response Modifiers,539,16139,4147098.45,4033340.9800000004,113757.47,7694.060204081633,256.96130181547807,211.05282003710576,7483.0073840445275,7.048607100811698,249.91269471466637
2022,VYEPTI,Brand,Central Nervous System,"CNS Agents, Misc.",22,1914,68315.42,61868.37,6447.05,3105.2463636363636,35.692486938349006,293.0477272727273,2812.1986363636365,3.368364681295716,32.32412225705329
2022,VYFEMLA,Generic,Hormones & Synthetic Subst,"Contraceptive, Oral Comb, NEC",48,3534,2814.65,2814.65,0.0,58.63854166666667,0.7964487832484437,0.0,58.63854166666667,0.0,0.7964487832484437
2022,VYNDAMAX,Brand,Cardiovascular Agents,"Cardiac Drugs, NEC",148,4440,2915480.32,2899264.4899999998,16215.83,19699.19135135135,656.6397117117117,109.56641891891891,19589.62493243243,3.652213963963964,652.9874977477477
2022,VYTORIN,Brand,Cardiovascular Agents,"Antihyperlipidemic Drugs, NEC",17,840,7837.47,5503.33,2334.1400000000003,461.02764705882356,9.330321428571429,137.30235294117648,323.7252941176471,2.778738095238096,6.551583333333333
2022,VYVANSE,Brand,Central Nervous System,"Stimulant, Amphetamine Type",44446,1356545,11825007.66,8430717.569999998,3394290.09,266.05336048238314,8.717003608431714,76.36885411510596,189.68450636727712,2.5021581222886082,6.214845486143105
2022,VYZULTA,Brand,"Eye, Ear, Nose Throat","Eye/Ear/Nose/Throat Misc, NEC",347,15598,100146.15000000001,60897.72,39248.43,288.6056195965418,6.420448134376203,113.1078674351585,175.4977521613833,2.516247595845621,3.904200538530581
2022,WAKIX,Brand,Central Nervous System,"Stimulant, Non-Amphetamine",129,3660,1536248.74,1515397.75,20850.989999999998,11908.90496124031,419.7400928961749,161.63558139534882,11747.269379844962,5.696991803278688,414.04310109289617
2022,WALGREENS COMFORT ASSURED INSULIN SYRINGES,Brand,Devices & Non-Drug Items,"Devices & Non-Drug Items, NEC",64,3713,1063.32,311.36999999999995,751.95,16.614375,0.28637759224346887,11.74921875,4.865156249999999,0.20251817936978186,0.08385941287368703
2022,WARFARIN SODIUM,Generic,Blood Form/Coagul Agents,"Coag/Anticoag, Anticoagulants",11536,707547,256211.44999999995,78679.31000000001,177532.13999999998,22.20973040915395,0.3621122695736113,15.389401872399445,6.820328536754508,0.2509121514189163,0.11120011815469504
2022,WATER FOR INJECTION,Generic,"Electrolytic, Caloric, Water","Electrolytic/Caloric/Water,NEC",32,892,1919.87,1248.78,671.0899999999999,59.9959375,2.1523206278026903,20.971562499999997,39.024375,0.7523430493273542,1.3999775784753363
2022,WATER FOR IRRIGATION,Generic,"Electrolytic, Caloric, Water","Electrolytic/Caloric/Water,NEC",69,1286,10579.660000000002,8557.800000000001,2021.8599999999997,153.32840579710148,8.226796267496113,29.302318840579705,124.02608695652175,1.5722083981337478,6.654587869362365
2022,WATERMELON FLAVOR,Brand,Pharmaceutical Aids/Adjuvants,"Pharmaceutical Aids/Adjuv, NEC",13,390,529.37,286.13,243.24,40.72076923076923,1.3573589743589745,18.71076923076923,22.009999999999998,0.6236923076923078,0.7336666666666667
2022,WEGOVY,Brand,Hormones & Synthetic Subst,"Antidiabetic Agents, Misc",12446,410024,12495444.129999999,11074663.690000001,1420780.4399999997,1003.9726924313031,30.47490910288178,114.1555873372971,889.8171050940063,3.4651153103232972,27.009793792558487
2022,WELCHOL,Brand,Cardiovascular Agents,"Antihyperlipidemic Drugs, NEC",13,450,5274.51,4634.51,640.0,405.7315384615385,11.721133333333334,49.23076923076923,356.50076923076927,1.4222222222222223,10.298911111111112
2022,WELIREG,Brand,Antineoplastic Agents,Molecular Targeted Therapy,39,1170,993280.9,993080.9,200.0,25468.741025641026,848.9580341880342,5.128205128205129,25463.612820512823,0.17094017094017094,848.7870940170941
2022,WELLBUTRIN SR,Brand,Central Nervous System,"Psychother, Antidepressants",211,10993,108274.98,74587.2,33687.78,513.1515639810426,9.849447830437551,159.6577251184834,353.49383886255924,3.064475575366142,6.784972255071409
2022,WELLBUTRIN XL,Brand,Central Nervous System,"Psychother, Antidepressants",470,26164,1365189.1900000002,1282063.55,83125.64,2904.65785106383,52.178152805381444,176.86306382978722,2727.794787234043,3.1770998318299952,49.001052973551445
2022,WELLBUTRIN XL,Generic,Central Nervous System,"Psychother, Antidepressants",17,630,47605.14,45925.14,1680.0,2800.3023529411767,75.56371428571428,98.82352941176471,2701.478823529412,2.6666666666666665,72.89704761904761
2022,WENTWORTH SODIUM FLUORIDE 5000 DRY MOUTH,Generic,Dental Agents,"Fluoride Preparations, NEC",364,11579,4630.44,640.34,3990.1000000000004,12.72098901098901,0.399899818637188,10.961813186813188,1.7591758241758242,0.34459797910009504,0.055301839537093014
2022,WENTWORTH SODIUM FLUORIDE 5000 ENAMEL PROTECT,Generic,Dental Agents,"Fluoride Preparations, NEC",542,16998,7665.05,471.40000000000003,7193.650000000001,14.142158671586715,0.450938345687728,13.272416974169742,0.8697416974169743,0.42320567125544184,0.027732674432286154
2022,WERA,Generic,Hormones & Synthetic Subst,"Contraceptive, Oral Comb, NEC",93,5488,3936.1699999999996,3936.1699999999996,0.0,42.324408602150534,0.7172321428571428,0.0,42.324408602150534,0.0,0.7172321428571428
2022,WESTAB PLUS,Brand,Vitamins & Comb,"Multivit Prep,Vitamin Prenatal",380,20228,5970.700000000001,2349.77,3620.93,15.712368421052634,0.29517006130116674,9.528763157894737,6.183605263157895,0.1790058334981214,0.11616422780304528
2022,WESTAB PLUS,Generic,Vitamins & Comb,"Multivit Prep,Vitamin Prenatal",19,574,146.1,88.08,58.019999999999996,7.689473684210526,0.25452961672473867,3.0536842105263156,4.63578947368421,0.10108013937282229,0.15344947735191639
2022,WINLEVI,Brand,Skin & Mucous Membrane,"S/MM Miscellaneous, NEC",460,13797,175428.6,124480.20999999999,50948.39,381.36652173913046,12.714981517721244,110.75736956521739,270.609152173913,3.6927150829890554,9.022266434732188
2022,WIXELA INHUB,Generic,Hormones & Synthetic Subst,"Adrenals & Comb, NEC",11495,451573,2105488.33,1743614.82,361873.51,183.16557894736843,4.662564701609707,31.48094910830796,151.68462983906048,0.8013621496413648,3.8612025519683417
2022,WYMZYA FE,Generic,Hormones & Synthetic Subst,"Contraceptive, Oral Comb, NEC",59,4472,7715.65,7715.65,0.0,130.7737288135593,1.7253242397137745,0.0,130.7737288135593,0.0,1.7253242397137745
2022,XALATAN,Brand,"Eye, Ear, Nose Throat","Eye/Ear/Nose/Throat Misc, NEC",30,1492,4784.78,1330.6,3454.1800000000003,159.49266666666665,3.2069571045576404,115.13933333333334,44.35333333333333,2.315134048257373,0.891823056300268
2022,XALKORI,Brand,Antineoplastic Agents,Molecular Targeted Therapy,63,1890,1217042.37,1217042.37,0.0,19318.13285714286,643.9377619047619,0.0,19318.13285714286,0.0,643.9377619047619
2022,XANAX,Brand,Central Nervous System,"ASH, Benzodiazepines",137,4184,69882.45999999999,57327.04000000001,12555.419999999998,510.0909489051094,16.70230879541109,91.645401459854,418.44554744525556,3.00081739961759,13.701491395793502
2022,XARELTO,Brand,Blood Form/Coagul Agents,"Coag/Anticoag, Anticoagulants",14707,833851,10148851.42,8567954.719999999,1580896.7,690.0694512817026,12.171061040881405,107.49280614673285,582.5766451349697,1.8958983079710883,10.275162732910315
2022,XARELTO STARTER PACK,Brand,Blood Form/Coagul Agents,"Coag/Anticoag, Anticoagulants",117,3425,73411.34,62240.84000000001,11170.5,627.4473504273504,21.43396788321168,95.47435897435898,531.9729914529916,3.2614598540145985,18.172508029197083
2022,XATMEP,Brand,Antineoplastic Agents,Chemotherapy,16,583,9981.0,9575.719999999998,405.28,623.8125,17.120068610634647,25.33,598.4824999999998,0.6951629502572898,16.424905660377355
2022,XCOPRI,Brand,Central Nervous System,"Anticonvulsants, Misc",388,14436,431553.8,394439.28,37114.52,1112.25206185567,29.894278193405373,95.65597938144329,1016.5960824742269,2.5709697977279022,27.323308395677476
2022,XCOPRI MAINTENANCE PACK 250MG DAILY DOSE,Brand,Central Nervous System,"Anticonvulsants, Misc",15,576,18052.850000000002,15276.52,2776.33,1203.5233333333335,31.341753472222226,185.08866666666665,1018.4346666666667,4.820017361111111,26.52173611111111
2022,XCOPRI TITRATION PACK 12.5MG/25MG,Brand,Central Nervous System,"Anticonvulsants, Misc",32,882,2217.8799999999997,958.6999999999999,1259.1799999999998,69.30874999999999,2.5146031746031743,39.349374999999995,29.959374999999998,1.4276417233560088,1.0869614512471655
2022,XCOPRI TITRATION PACK 50MG/100MG,Brand,Central Nervous System,"Anticonvulsants, Misc",24,672,18165.239999999998,15216.660000000002,2948.58,756.8849999999999,27.03160714285714,122.8575,634.0275,4.387767857142857,22.64383928571429
2022,XCOPRI TITRATION PACK 150MG/200MG,Brand,Central Nervous System,"Anticonvulsants, Misc",12,338,10784.52,10039.52,745.0,898.71,31.906863905325444,62.083333333333336,836.6266666666667,2.2041420118343193,29.702721893491127
2022,XELJANZ,Brand,Immunosuppressants,"Immunosuppressants, NEC",1615,47960,8118104.96,7784290.540000002,333814.42000000004,5026.690377708978,169.26824353628024,206.69623529411768,4819.994142414862,6.960267306088408,162.30797623019185
2022,XELJANZ XR,Brand,Immunosuppressants,"Immunosuppressants, NEC",1598,48390,7996020.119999999,7656147.91,339872.20999999996,5003.767284105131,165.2411680099194,212.68598873591986,4791.081295369212,7.023604257077908,158.2175637528415
2022,XEMBIFY,Brand,"Serums, Toxoids, Vaccines","Serums, NEC",39,1158,71038.1,70038.1,1000.0,1821.4897435897437,61.34550949913645,25.641025641025642,1795.848717948718,0.8635578583765112,60.48195164075994
2022,XERAC AC,Brand,Skin & Mucous Membrane,"S/MM Misc, Astringents",15,435,144.38000000000002,0.0,144.38000000000002,9.625333333333336,0.33190804597701157,9.625333333333336,0.0,0.33190804597701157,0.0
2022,XERMELO,Brand,Misc Therapeutic Agents,Enzyme Inhibitors,28,749,204288.78,203248.78,1040.0,7296.027857142857,272.7487049399199,37.142857142857146,7258.885,1.3885180240320427,271.3601869158878
2022,XGEVA,Brand,Misc Therapeutic Agents,Bone Resorption Inhibitors,29,824,73593.89,70173.36,3420.5299999999997,2537.7203448275864,89.31297330097087,117.94931034482758,2419.7710344827588,4.151128640776698,85.16184466019418
2022,XHANCE,Brand,"Eye, Ear, Nose Throat","Antiinflam Agents EENT, NEC",64,2158,38986.02,32620.489999999998,6365.529999999999,609.1565625,18.0658109360519,99.46140624999998,509.69515624999997,2.949735866543095,15.116075069508803
2022,XIAFLEX,Brand,Skin & Mucous Membrane,"Enzyme Prep, Topical S/MM, NEC",150,4541,1492041.4100000001,1469322.13,22719.28,9946.942733333335,328.57110988768994,151.46186666666665,9795.480866666667,5.003144681788152,323.56796520590177
2022,XIFAXAN,Brand,Anti-Infective Agents,"Antibiotics, Misc",2562,53951,4749304.46,4447812.85,301491.61,1853.7488134270102,88.02996163185112,117.67822404371584,1736.0705893832942,5.588248781301552,82.44171285054956
2022,XIGDUO XR,Brand,Hormones & Synthetic Subst,"Antidiabetic Agents, Misc",291,13835,190501.55,162578.83000000002,27922.72,654.6445017182131,13.769537405131912,95.9543642611684,558.6901374570448,2.018266714853632,11.75127069027828
2022,XIIDRA,Brand,"Eye, Ear, Nose Throat","Antiinflam Agents EENT, NEC",3697,180870,2579160.4699999997,2148551.26,430609.20999999996,697.6360481471463,14.259747166473156,116.47530700568026,581.160741141466,2.380766351523193,11.878980814949962
2022,XOFLUZA 1X40MG (40MG DOSE),Brand,Anti-Infective Agents,"Antivirals, NEC",128,235,14786.13,6853.079999999999,7933.049999999999,115.516640625,62.91970212765957,61.976953124999994,53.53968749999999,33.75765957446808,29.162042553191487
2022,XOFLUZA 1X80MG (80MG DOSE),Brand,Anti-Infective Agents,"Antivirals, NEC",94,130,10084.5,4617.24,5467.26,107.28191489361703,77.57307692307693,58.162340425531916,49.119574468085105,42.055846153846154,35.517230769230764
2022,XOLAIR,Brand,Immunosuppressants,"Immunosuppressants, NEC",3395,94235,8586954.049999999,7903879.600000001,683074.45,2529.294270986745,91.1227680798005,201.20013254786448,2328.0941384388807,7.248627898339258,83.87414018146124
2022,XOPENEX HFA,Brand,Autonomic Drugs,"Sympathomimetic Agents, NEC",112,4326,5280.59,1066.81,4213.78,47.148125,1.220663430420712,37.62303571428571,9.525089285714285,0.9740591770688858,0.24660425335182615
2022,XOSPATA,Brand,Antineoplastic Agents,Molecular Targeted Therapy,75,2232,1922300.6400000001,1922300.6400000001,0.0,25630.6752,861.2458064516129,0.0,25630.6752,0.0,861.2458064516129
2022,XTAMPZA ER,Brand,Central Nervous System,"Analg/Antipyr, Opiate Agonists",900,24510,383816.63,340632.03,43184.6,426.46292222222223,15.659593227254183,47.98288888888889,378.4800333333334,1.7619175846593227,13.89767564259486
2022,XTANDI,Brand,Antineoplastic Agents,Hormone-Modifying Therapy,354,10455,4241174.090000001,4234283.2700000005,6890.82,11980.717768361585,405.65988426590155,19.46559322033898,11961.252175141244,0.659093256814921,405.0007910090866
2022,XULANE,Generic,Hormones & Synthetic Subst,"Contraceptive, Oral Comb, NEC",5868,293099,1050616.37,1050217.16,399.21,179.0416445126108,3.58451025080263,0.06803169734151329,178.97361281526923,0.0013620312590626375,3.583148219543567
2022,XULTOPHY 100/3.6,Brand,Hormones & Synthetic Subst,"Antidiabetic Agents, Insulins",36,2056,46066.01,41721.01,4345.0,1279.611388888889,22.405646887159534,120.69444444444444,1158.9169444444444,2.1133268482490273,20.292320038910507
2022,XYNTHA SOLOFUSE,Brand,Blood Form/Coagul Agents,"Coag/Anticoag, Hemostatics",27,664,832212.97,824206.61,8006.36,30822.702592592592,1253.3327861445782,296.53185185185185,30526.17074074074,12.057771084337348,1241.275015060241
2022,XYOSTED,Brand,Hormones & Synthetic Subst,"Androgens & Comb, NEC",832,23518,305587.72,224847.88,80739.84,367.29293269230766,12.993780083340418,97.04307692307692,270.24985576923075,3.4331082575048897,9.56067182583553
2022,XYREM,Brand,Central Nervous System,"CNS Agents, Misc.",458,13194,7474504.27,7351119.98,123384.29000000001,16319.878318777291,566.5078270425951,269.3980131004367,16050.480305676856,9.351545399423982,557.1562816431712
2022,XYWAV,Brand,Central Nervous System,"CNS Agents, Misc.",230,6494,2869743.64,2831073.6399999997,38670.0,12477.146260869566,441.90693563289193,168.1304347826087,12309.015826086956,5.954727440714506,435.95220819217735
2022,YASMIN,Brand,Hormones & Synthetic Subst,"Contraceptive, Oral Comb, NEC",117,8246,22393.06,16107.21,6285.85,191.39367521367524,2.715626970652438,53.72521367521368,137.66846153846154,0.7622908076643221,1.9533361629881154
2022,YAZ,Brand,Hormones & Synthetic Subst,"Contraceptive, Oral Comb, NEC",205,15299,60238.32000000001,46720.79,13517.53,293.8454634146342,3.937402444604223,65.93917073170732,227.90629268292685,0.88355644159749,3.0538460030067327
2022,YF-VAX,Brand,"Serums, Toxoids, Vaccines","Vaccines, NEC",13,13,1148.44,1148.44,0.0,88.34153846153846,88.34153846153846,0.0,88.34153846153846,0.0,88.34153846153846
2022,YUPELRI,Brand,Autonomic Drugs,"Anticholinergic, NEC",46,1750,44874.619999999995,36487.82,8386.8,975.5352173913043,25.642639999999997,182.32173913043476,793.2134782608696,4.792457142857143,20.85018285714286
2022,YUVAFEM,Generic,Hormones & Synthetic Subst,"Estrogens & Comb, NEC",8639,529568,1671317.48,1164765.2699999998,506552.20999999996,193.461914573446,3.1560016466251737,58.63551452714434,134.82640004630164,0.9565385559550426,2.1994630906701307
2022,ZAFEMY,Generic,Hormones & Synthetic Subst,"Contraceptive, Oral Comb, NEC",536,26486,111552.38000000002,111552.38000000002,0.0,208.12011194029856,4.211748848448238,0.0,208.12011194029856,0.0,4.211748848448238
2022,ZAFIRLUKAST,Generic,Respiratory Tract Agents,Leukotriene Modifiers,443,24347,64866.04999999998,49021.55999999999,15844.49,146.42449209932275,2.664231732862364,35.76634311512415,110.65814898419862,0.6507779192508317,2.013453813611533
2022,ZALEPLON,Generic,Central Nervous System,Anxiolytic/Sedative/Hypnot NEC,1214,30445,11334.130000000001,1598.26,9735.87,9.336186161449755,0.3722821481359829,8.019662273476113,1.316523887973641,0.3197855148628675,0.052496633273115455
2022,ZARXIO,Brand,Blood Form/Coagul Agents,"Hematopoietic Agents, NEC",302,4138,694059.2699999999,664034.4,30024.870000000003,2298.209503311258,167.72819478008697,99.42009933774835,2198.78940397351,7.255889318511358,160.47230546157564
2022,ZEJULA,Brand,Antineoplastic Agents,"Antineoplastic Agent, Misc.",205,6146,2886346.13,2860090.2800000003,26255.85,14079.737219512195,469.6300244061178,128.07731707317072,13951.659902439025,4.2720224536283755,465.3580019524895
2022,ZELBORAF,Brand,Antineoplastic Agents,Molecular Targeted Therapy,11,316,7758.44,7758.44,0.0,705.3127272727272,24.552025316455694,0.0,705.3127272727272,0.0,24.552025316455694
2022,ZELNORM,Brand,Gastrointestinal Drugs,"Gastrointestinal Drug Misc,NEC",16,570,3908.13,2366.14,1541.99,244.258125,6.856368421052632,96.374375,147.88375,2.705245614035088,4.151122807017543
2022,ZEMBRACE SYMTOUCH,Brand,Autonomic Drugs,"Vascular 5HT1 Agonist, NEC",41,1020,27380.41,21240.41,6140.0,667.8148780487804,26.843539215686274,149.7560975609756,518.0587804878048,6.019607843137255,20.82393137254902
2022,ZENATANE,Generic,Vitamins & Comb,"Vitamin A & Derivatives, NEC",358,10714,83650.35999999999,65954.42,17695.940000000002,233.66022346368712,7.807575135336941,49.43000000000001,184.23022346368714,1.6516651110696288,6.155910024267314
2022,ZENPEP,Brand,Gastrointestinal Drugs,"Digestants & Comb, NEC",611,22850,1440149.4700000002,1369809.7100000002,70339.76,2357.0367757774143,63.02623501094093,115.12235679214402,2241.9144189852705,3.0783264770240697,59.94790853391686
2022,ZENZEDI,Generic,Central Nervous System,"Stimulant, Amphetamine Type",34,1013,5208.799999999999,2718.2000000000003,2490.6000000000004,153.2,5.141954590325764,73.2529411764706,79.94705882352942,2.458637709772952,2.683316880552814
2022,ZEPOSIA,Brand,Misc Therapeutic Agents,Biological Response Modifiers,93,2790,696071.29,668486.29,27585.0,7484.637526881721,249.48791756272402,296.61290322580646,7188.024623655914,9.887096774193548,239.60082078853048
2022,ZESTRIL,Brand,Cardiovascular Agents,"Cardiac, ACE Inhibitors",18,1440,11801.66,6774.099999999999,5027.5599999999995,655.6477777777777,8.195597222222222,279.3088888888889,376.33888888888885,3.491361111111111,4.70423611111111
2022,ZIDOVUDINE,Generic,Anti-Infective Agents,"Antivirals, NEC",32,1078,1016.8000000000001,389.13,627.67,31.775000000000002,0.9432282003710576,19.6146875,12.1603125,0.5822541743970315,0.36097402597402595
2022,ZIEXTENZO,Brand,Blood Form/Coagul Agents,"Hematopoietic Agents, NEC",21,490,116062.79999999999,113623.28,2439.52,5526.799999999999,236.8628571428571,116.16761904761904,5410.632380952381,4.978612244897959,231.88424489795918
2022,ZILEUTON,Generic,Respiratory Tract Agents,Leukotriene Modifiers,173,8515,558603.3699999999,550159.72,8443.650000000001,3228.9212138728317,65.60227480916029,48.80722543352602,3180.113988439306,0.9916206694069292,64.61065413975338
2022,ZILRETTA,Brand,Hormones & Synthetic Subst,"Adrenals & Comb, NEC",86,744,60555.26,46885.05,13670.21,704.1309302325582,81.39147849462366,158.95593023255813,545.1750000000001,18.373938172043008,63.01754032258065
2022,ZIOPTAN,Brand,"Eye, Ear, Nose Throat","Eye/Ear/Nose/Throat Misc, NEC",350,17230,89246.81000000001,55141.25,34105.56,254.99088571428575,5.179733604178758,97.44445714285713,157.54642857142858,1.9794289030760301,3.200304701102728
2022,ZIPRASIDONE HCL,Brand,Central Nervous System,"Psychother,Tranq/Antipsychotic",11,330,207.93,0.0,207.93,18.902727272727272,0.6300909090909091,18.902727272727272,0.0,0.6300909090909091,0.0
2022,ZIPRASIDONE HCL,Generic,Central Nervous System,"Psychother,Tranq/Antipsychotic",3058,123272,194683.9,116384.65999999999,78299.24,63.66379986919555,1.5793034914660262,25.60472204054938,38.05907782864617,0.6351745733013174,0.9441289181647089
2022,ZIRGAN,Brand,Anti-Infective Agents,"Antivirals, NEC",125,2099,39835.68999999999,28984.64,10851.05,318.6855199999999,18.978413530252496,86.80839999999999,231.87712,5.169628394473558,13.808785135778942
2022,ZOKINVY,Brand,Misc Therapeutic Agents,Enzyme Inhibitors,12,390,1197008.91,1195708.91,1300.0,99750.7425,3069.2536153846154,108.33333333333333,99642.40916666666,3.3333333333333335,3065.920282051282
2022,ZOLADEX,Brand,Antineoplastic Agents,Hormone-Modifying Therapy,11,318,8413.52,8263.52,150.0,764.8654545454546,26.45761006289308,13.636363636363637,751.2290909090909,0.4716981132075472,25.985911949685537
2022,ZOLEDRONIC ACID,Generic,Misc Therapeutic Agents,Bone Resorption Inhibitors,15,4585,3749.98,2246.69,1503.29,249.99866666666668,0.8178800436205016,100.21933333333332,149.77933333333334,0.32787131952017445,0.49000872410032714
2022,ZOLMITRIPTAN,Brand,Autonomic Drugs,"Vascular 5HT1 Agonist, NEC",20,465,8942.57,7435.38,1507.19,447.1285,19.231333333333332,75.3595,371.769,3.2412688172043014,15.990064516129033
2022,ZOLMITRIPTAN,Generic,Autonomic Drugs,"Vascular 5HT1 Agonist, NEC",5541,130803,568165.26,407320.63000000006,160844.63,102.53839740119112,4.343671475424876,29.02808698790832,73.51031041328281,1.2296708026574314,3.1140006727674447
2022,ZOLOFT,Brand,Central Nervous System,"Psychother, Antidepressants",411,21240,271815.63,213576.43,58239.2,661.351897810219,12.79734604519774,141.70121654501216,519.6506812652068,2.7419585687382297,10.05538747645951
2022,ZOLPIDEM TARTRATE,Brand,Central Nervous System,Anxiolytic/Sedative/Hypnot NEC,38,817,5566.5,3874.9799999999996,1691.52,146.48684210526315,6.813341493268054,44.513684210526314,101.97315789473683,2.0704039167686656,4.742937576499387
2022,ZOLPIDEM TARTRATE,Generic,Central Nervous System,Anxiolytic/Sedative/Hypnot NEC,50077,1252867,147399.77,23801.510000000002,123598.26,2.9434624677995886,0.11764997401958867,2.468164227090281,0.4752982407093077,0.09865233899528042,0.01899763502430825
2022,ZOMIG,Brand,Autonomic Drugs,"Vascular 5HT1 Agonist, NEC",81,2056,63110.52,54202.51,8908.01,779.1422222222221,30.69577821011673,109.97543209876544,669.1667901234568,4.332689688715954,26.36308852140078
2022,ZONEGRAN,Brand,Central Nervous System,"Anticonvulsants, Misc",74,3640,190283.15,181970.94999999998,8312.2,2571.3939189189186,52.27559065934066,112.32702702702704,2459.066891891892,2.283571428571429,49.99201923076922
2022,ZONISAMIDE,Generic,Central Nervous System,"Anticonvulsants, Misc",2889,161568,137627.05999999997,62253.68000000001,75373.37999999999,47.638303911388014,0.851821276490394,26.08978193146417,21.54852197992385,0.46651180926916214,0.385309467221232
2022,ZORTRESS,Brand,Antineoplastic Agents,Molecular Targeted Therapy,16,495,13935.56,11912.89,2022.67,870.9725,28.152646464646462,126.416875,744.555625,4.086202020202021,24.066444444444443
2022,ZORYVE,Brand,Misc Therapeutic Agents,"Misc Therapeutic Agents, NEC",15,499,6963.97,4454.74,2509.23,464.2646666666667,13.955851703406815,167.282,296.98266666666666,5.028517034068137,8.927334669338677
2022,ZOVIA 1/35,Generic,Hormones & Synthetic Subst,"Contraceptive, Oral Comb, NEC",135,10226,5425.419999999999,5425.419999999999,0.0,40.18829629629629,0.5305515353021708,0.0,40.18829629629629,0.0,0.5305515353021708
2022,ZUBSOLV,Brand,Central Nervous System,"Analg/Antipyr,OpiatePart Agnst",396,8482,119495.63,98516.9,20978.73,301.7566414141414,14.08814312662108,52.97659090909091,248.7800505050505,2.4733235086064607,11.614819618014618
2022,ZUMANDIMINE,Generic,Hormones & Synthetic Subst,"Contraceptive, Oral Comb, NEC",95,6111,4578.099999999999,4578.099999999999,0.0,48.19052631578947,0.74915725740468,0.0,48.19052631578947,0.0,0.74915725740468
2022,ZYLET,Brand,"Eye, Ear, Nose Throat","Antiinfect, Antiinflam EENT",37,732,11421.05,7477.75,3943.3,308.677027027027,15.60252732240437,106.57567567567568,202.10135135135135,5.387021857923497,10.215505464480874
2022,ZYPREXA,Brand,Central Nervous System,"Psychother,Tranq/Antipsychotic",37,1282,31613.690000000002,28327.160000000003,3286.5299999999997,854.4240540540541,24.659664586583464,88.82513513513513,765.598918918919,2.563595943837753,22.096068642745713
2022,ZYTIGA,Brand,Antineoplastic Agents,Hormone-Modifying Therapy,28,840,219878.56,219878.56,0.0,7852.805714285714,261.7601904761905,0.0,7852.805714285714,0.0,261.7601904761905
